epochs,full_psnr,ssim,lpips,train_psnr,test_psnr
0,13.180333137512207,0.25413814187049866,,13.35708999633789,0.0
500,19.804046630859375,0.3664778769016266,,20.70450210571289,0.0
1000,21.224998474121094,0.3973417580127716,,22.559001922607422,0.0
1500,21.926183700561523,0.41540777683258057,,23.49773597717285,0.0
2000,22.308645248413086,0.4273381233215332,,24.044940948486328,0.0
2500,22.598846435546875,0.43573448061943054,,24.49593734741211,0.0
3000,22.777549743652344,0.4433240592479706,,24.790794372558594,0.0
3500,22.86126708984375,0.44627904891967773,,24.929882049560547,0.0
3999,22.874988555908203,0.4468212127685547,,24.953311920166016,0.0
