epochs,full_psnr,ssim,lpips,train_psnr,test_psnr
0,9.228845596313477,0.18371492624282837,,9.385128021240234,0.0
500,14.729063034057617,0.3734229505062103,,15.307026863098145,0.0
1000,14.73000717163086,0.37565162777900696,,15.308195114135742,0.0
1500,14.730416297912598,0.37668684124946594,,15.308746337890625,0.0
2000,14.730936050415039,0.37780308723449707,,15.309162139892578,0.0
2500,14.731346130371094,0.37883076071739197,,15.309720039367676,0.0
2999,14.731515884399414,0.37914276123046875,,15.316972732543945,0.0
