epochs,full_psnr,ssim,lpips,train_psnr,test_psnr
0,4.341768741607666,0.30151796340942383,,4.421477794647217,0.0
500,18.497039794921875,0.34886208176612854,,21.57073974609375,0.0
1000,19.443649291992188,0.40387722849845886,,23.68906021118164,0.0
1500,19.849323272705078,0.430446594953537,,25.02509880065918,0.0
2000,20.34431266784668,0.45515456795692444,,27.2906494140625,0.0
2500,20.529138565063477,0.4506148397922516,,30.250661849975586,0.0
3000,20.492881774902344,0.427701860666275,,33.349979400634766,0.0
3500,20.3760929107666,0.4018630087375641,,38.32093048095703,0.0
3999,20.30240821838379,0.38899171352386475,,40.64330291748047,0.0
