epochs,full_psnr,ssim,lpips,train_psnr,test_psnr
0,4.093366622924805,0.15818433463573456,,4.1169657707214355,0.0
500,19.311647415161133,0.3364318907260895,,20.601099014282227,0.0
1000,21.81342315673828,0.44835153222084045,,23.776782989501953,0.0
1500,22.718812942504883,0.48862019181251526,,25.321670532226562,0.0
2000,22.97541046142578,0.49625375866889954,,26.182334899902344,0.0
2500,23.23828125,0.49366092681884766,,28.074132919311523,0.0
3000,22.987621307373047,0.4556982219219208,,30.581451416015625,0.0
3500,22.098037719726562,0.3789837658405304,,32.756500244140625,0.0
3999,22.000690460205078,0.3683513104915619,,36.37492752075195,0.0
