epochs,full_psnr,ssim,lpips,train_psnr,test_psnr
0,6.757224082946777,0.015937194228172302,,6.807490348815918,0.0
500,22.781795501708984,0.5591505169868469,,26.84250259399414,0.0
1000,24.273386001586914,0.6164161562919617,,27.98135757446289,0.0
1500,24.77979278564453,0.6288318634033203,,31.235435485839844,0.0
2000,24.52988624572754,0.6101401448249817,,35.83858871459961,0.0
2500,24.365100860595703,0.5785820484161377,,38.09068298339844,0.0
2999,24.289186477661133,0.5697633624076843,,38.380794525146484,0.0
