epochs,full_psnr,ssim,lpips,train_psnr,test_psnr
0,4.464629650115967,0.30270102620124817,,4.54642915725708,0.0
500,20.381511688232422,0.5538127422332764,,25.59659194946289,0.0
1000,19.996496200561523,0.5610008239746094,,25.301759719848633,0.0
1500,19.8245849609375,0.5647407174110413,,24.638042449951172,0.0
2000,20.190370559692383,0.568961501121521,,25.31009292602539,0.0
2500,20.168445587158203,0.5636634230613708,,24.736743927001953,0.0
3000,20.152751922607422,0.590674638748169,,26.497974395751953,0.0
3500,21.68952751159668,0.6518610119819641,,34.797271728515625,0.0
3999,21.773788452148438,0.6393252015113831,,43.11748504638672,0.0
