Epoch,stable_rank_layer_0,effective_rank_layer_0,spectral_norm_layer_0,condition_number_layer_0,stable_rank_layer_1,effective_rank_layer_1,spectral_norm_layer_1,condition_number_layer_1,stable_rank_layer_2,effective_rank_layer_2,spectral_norm_layer_2,condition_number_layer_2,stable_rank_layer_3,effective_rank_layer_3,spectral_norm_layer_3,condition_number_layer_3,stable_rank_layer_4,effective_rank_layer_4,spectral_norm_layer_4,condition_number_layer_4,end_to_end_bound
0,1.8407071828842163,1.9925158023834229,5.222754955291748,1.0906304121017456,76.46626281738281,182.04183959960938,0.07020516693592072,1122.2899169921875,77.43354797363281,182.39869689941406,0.0698007121682167,366.3899841308594,77.7665023803711,181.26702880859375,0.06909990310668945,1637.0255126953125,1.0091121196746826,1.0572915077209473,0.9006527066230774,24.89533042907715,inf
500,1.9449143409729004,1.9991979598999023,6.914004325866699,1.028735637664795,80.94429779052734,187.4338836669922,0.6071563959121704,537.15283203125,70.1423568725586,195.88967895507812,0.8207296133041382,2094.0439453125,75.82171630859375,192.53973388671875,0.9513280391693115,3804.319580078125,1.000532627105713,1.004610538482666,0.2755914330482483,299.2612609863281,inf
1000,1.8721158504486084,1.995335578918457,7.955013751983643,1.0708112716674805,79.26868438720703,184.333984375,0.706598699092865,590.7726440429688,74.77088165283203,191.65342712402344,0.8745414018630981,3079.0634765625,76.25894927978516,189.66354370117188,1.0140085220336914,21645.283203125,1.0004454851150513,1.0039403438568115,0.27873754501342773,303.28912353515625,inf
1500,1.8466486930847168,1.993107795715332,8.520065307617188,1.0867969989776611,79.2214584350586,184.3251953125,0.7272388935089111,820.1669311523438,74.5830307006836,190.5625457763672,0.8935282826423645,2574.6923828125,77.52951049804688,189.22396850585938,1.020166277885437,9505.173828125,1.0004011392593384,1.0035697221755981,0.2789798676967621,455.6889343261719,inf
1999,1.8413997888565063,1.9925862550735474,8.532251358032227,1.0901814699172974,79.38404083251953,184.37503051757812,0.7269226312637329,3294.11328125,74.53282928466797,190.5238494873047,0.8946177363395691,3303.466064453125,77.64312744140625,189.23678588867188,1.0199183225631714,20660.3984375,1.0003844499588013,1.00341796875,0.27794820070266724,1107.5147705078125,inf
