epochs,full_psnr,ssim,lpips,train_psnr,test_psnr
0,6.996371269226074,-0.02257753722369671,,7.020287990570068,0.0
500,26.778217315673828,0.6239588260650635,,32.49983596801758,0.0
1000,27.02988624572754,0.6460627913475037,,33.11772155761719,0.0
1500,27.452451705932617,0.6493903994560242,,38.91483688354492,0.0
2000,27.125242233276367,0.6164601445198059,,40.44146728515625,0.0
2500,26.879470825195312,0.5939120650291443,,41.0977783203125,0.0
2999,26.842601776123047,0.5905886292457581,,41.165985107421875,0.0
