epochs,full_psnr,ssim,lpips,train_psnr,test_psnr
0,3.752708673477173,0.22777044773101807,,3.794257879257202,0.0
500,23.060197830200195,0.5317166447639465,,31.002395629882812,0.0
1000,23.124526977539062,0.5399799942970276,,31.422269821166992,0.0
1500,23.1707763671875,0.5470413565635681,,31.610485076904297,0.0
2000,23.21321678161621,0.5506841540336609,,31.814800262451172,0.0
2500,23.1409912109375,0.5455980896949768,,31.691917419433594,0.0
3000,23.406980514526367,0.567338228225708,,33.78948974609375,0.0
3500,23.70537567138672,0.5891661047935486,,38.05795669555664,0.0
3999,23.764068603515625,0.584515392780304,,44.924434661865234,0.0
