epochs,full_psnr,ssim,lpips,train_psnr,test_psnr
0,6.3909430503845215,-0.10003155469894409,,6.5033440589904785,0.0
500,21.44597625732422,0.44462648034095764,,30.112674713134766,0.0
1000,21.607160568237305,0.45685669779777527,,31.573959350585938,0.0
1500,21.780488967895508,0.4713841378688812,,36.647064208984375,0.0
2000,21.7055606842041,0.46156275272369385,,38.37614822387695,0.0
2500,21.619958877563477,0.4516587257385254,,39.18024826049805,0.0
2999,21.604991912841797,0.44999074935913086,,39.273460388183594,0.0
