epochs,full_psnr,ssim,lpips,train_psnr,test_psnr
0,5.9831719398498535,0.014099025167524815,,6.077077388763428,0.0
500,18.689672470092773,0.46109357476234436,,21.125411987304688,0.0
1000,18.37177085876465,0.4448060989379883,,20.5180721282959,0.0
1500,18.84969711303711,0.48068860173225403,,20.67970085144043,0.0
2000,20.145261764526367,0.5553286075592041,,23.655731201171875,0.0
2500,22.303138732910156,0.6635228395462036,,27.53738021850586,0.0
2999,21.936981201171875,0.6196950078010559,,38.196651458740234,0.0
