Epoch,stable_rank_layer_0,effective_rank_layer_0,spectral_norm_layer_0,condition_number_layer_0,stable_rank_layer_1,effective_rank_layer_1,spectral_norm_layer_1,condition_number_layer_1,stable_rank_layer_2,effective_rank_layer_2,spectral_norm_layer_2,condition_number_layer_2,stable_rank_layer_3,effective_rank_layer_3,spectral_norm_layer_3,condition_number_layer_3,stable_rank_layer_4,effective_rank_layer_4,spectral_norm_layer_4,condition_number_layer_4,end_to_end_bound
0,1.8952232599258423,1.9969444274902344,7.30183219909668,1.0569010972976685,77.9157943725586,182.55914306640625,1.1334402561187744,1645.22021484375,76.5768051147461,182.1869354248047,1.1448636054992676,1933.314453125,75.48126983642578,181.27099609375,1.1553083658218384,1326.931396484375,2.668043375015259,2.9879891872406006,0.6163148880004883,1.1096312999725342,1079455.6181661221
500,1.8947867155075073,1.9969176054000854,7.301815986633301,1.0571588277816772,77.89550018310547,182.52467346191406,1.140573263168335,4150.22900390625,77.39081573486328,182.24090576171875,1.1598509550094604,252.89743041992188,16.59055519104004,153.89801025390625,2.6431543827056885,46595.78125,1.0147144794464111,1.0809531211853027,0.8717491030693054,46.03871536254883,3561150.0859032157
1000,1.8945099115371704,1.9969004392623901,7.303362846374512,1.057322382926941,77.7801513671875,182.51754760742188,1.1417410373687744,1008.3379516601562,77.3912582397461,182.25950622558594,1.1597163677215576,266.21337890625,16.836811065673828,153.71253967285156,2.675685167312622,5473.06103515625,1.018186092376709,1.0969337224960327,0.9013915657997131,37.70343017578125,3731734.6878598975
1500,1.8944295644760132,1.9968953132629395,7.303818225860596,1.0573699474334717,77.79171752929688,182.516845703125,1.1419298648834229,666.7323608398438,77.3909912109375,182.25767517089844,1.1603567600250244,262.83526611328125,16.96001434326172,153.4398956298828,2.7106826305389404,2475.118896484375,1.0185927152633667,1.099159836769104,0.927734375,34.33100509643555,3894065.284815806
1999,1.894419550895691,1.9968945980072021,7.303894996643066,1.0573757886886597,77.77994537353516,182.51405334472656,1.1420817375183105,621.1749877929688,77.390869140625,182.2566375732422,1.160483479499817,260.2770690917969,16.99201011657715,153.3668975830078,2.717717170715332,2369.0732421875,1.0186537504196167,1.0995001792907715,0.9328524470329285,33.848655700683594,3926701.300955088
