epochs,full_psnr,ssim,lpips,train_psnr,test_psnr
0,5.591633319854736,0.12452264875173569,,5.679187297821045,0.0
500,15.454853057861328,0.3572878837585449,,16.38893699645996,0.0
1000,16.080886840820312,0.3606528341770172,,17.173809051513672,0.0
1500,16.386259078979492,0.36322808265686035,,17.572614669799805,0.0
2000,16.59829330444336,0.3647572994232178,,17.856714248657227,0.0
2500,16.704362869262695,0.36550939083099365,,17.99985122680664,0.0
2999,16.724721908569336,0.36564016342163086,,18.027576446533203,0.0
