epochs,full_psnr,ssim,lpips,train_psnr,test_psnr
0,11.019648551940918,0.35316553711891174,,11.17165756225586,0.0
500,16.884363174438477,0.41600629687309265,,17.490276336669922,0.0
1000,18.551401138305664,0.4400230944156647,,19.524188995361328,0.0
1500,19.450702667236328,0.45224273204803467,,20.706207275390625,0.0
2000,19.963424682617188,0.46422043442726135,,21.226484298706055,0.0
2500,17.568161010742188,0.4146953523159027,,18.305706024169922,0.0
3000,18.920190811157227,0.4397786557674408,,19.961889266967773,0.0
3500,19.664262771606445,0.45361340045928955,,20.9522647857666,0.0
3999,20.051620483398438,0.46435022354125977,,21.488887786865234,0.0
