epochs,full_psnr,ssim,lpips,train_psnr,test_psnr
0,10.97623348236084,0.030434250831604004,,11.203608512878418,0.0
500,22.62191390991211,0.5150102972984314,,28.312442779541016,0.0
1000,22.940628051757812,0.5313746333122253,,29.198760986328125,0.0
1500,22.6287841796875,0.5153526663780212,,29.796737670898438,0.0
2000,23.101760864257812,0.5421287417411804,,30.428178787231445,0.0
2500,23.573579788208008,0.57135009765625,,35.81854248046875,0.0
2999,23.65180778503418,0.5728616118431091,,41.190025329589844,0.0
