epochs,full_psnr,ssim,lpips,train_psnr,test_psnr
0,9.27351188659668,0.18417046964168549,,9.431356430053711,0.0
500,14.72801399230957,0.3709981441497803,,15.306180953979492,0.0
1000,14.728716850280762,0.3732295036315918,,15.306783676147461,0.0
1500,14.728498458862305,0.37214645743370056,,15.306462287902832,0.0
2000,14.728490829467773,0.37229838967323303,,15.306381225585938,0.0
2500,14.72970962524414,0.3750486373901367,,15.308394432067871,0.0
2999,14.73116683959961,0.3783813416957855,,15.309615135192871,0.0
