epochs,full_psnr,ssim,lpips,train_psnr,test_psnr
0,7.231322288513184,0.2920287251472473,,7.357730388641357,0.0
500,20.95130157470703,0.5951517224311829,,26.287574768066406,0.0
1000,20.943958282470703,0.6079516410827637,,26.14636993408203,0.0
1500,22.386688232421875,0.6701694130897522,,31.4090518951416,0.0
2000,22.454387664794922,0.6803146004676819,,36.01493835449219,0.0
2500,22.461585998535156,0.667779266834259,,41.08414077758789,0.0
2999,22.42515754699707,0.6597712635993958,,42.568260192871094,0.0
