epochs,full_psnr,ssim,lpips,train_psnr,test_psnr
0,13.506340026855469,0.360432893037796,,13.93431568145752,0.0
500,20.428674697875977,0.46186184883117676,,23.130006790161133,0.0
1000,21.10407066345215,0.4686284065246582,,24.46861457824707,0.0
1500,19.995018005371094,0.4552764594554901,,22.349334716796875,0.0
2000,20.883724212646484,0.4652999937534332,,24.009052276611328,0.0
2500,21.217802047729492,0.4681633710861206,,24.74656105041504,0.0
3000,21.48044776916504,0.4721827805042267,,25.373489379882812,0.0
3500,21.682424545288086,0.4769759476184845,,25.86794090270996,0.0
3999,21.79166030883789,0.47890767455101013,,26.169231414794922,0.0
