Epoch,stable_rank_layer_0,effective_rank_layer_0,spectral_norm_layer_0,condition_number_layer_0,stable_rank_layer_1,effective_rank_layer_1,spectral_norm_layer_1,condition_number_layer_1,stable_rank_layer_2,effective_rank_layer_2,spectral_norm_layer_2,condition_number_layer_2,stable_rank_layer_3,effective_rank_layer_3,spectral_norm_layer_3,condition_number_layer_3,stable_rank_layer_4,effective_rank_layer_4,spectral_norm_layer_4,condition_number_layer_4,end_to_end_bound
0,1.868061900138855,1.9950138330459595,5.1781005859375,1.0733087062835693,76.50350952148438,182.2472381591797,0.07025399059057236,231.17933654785156,77.43833923339844,182.5576629638672,0.06982450932264328,1198.5068359375,77.67390441894531,181.3463897705078,0.06921489536762238,1380.2288818359375,1.0031992197036743,1.0240061283111572,0.9035926461219788,25.5321102142334,4066.8821998073004
500,1.8558814525604248,1.9939727783203125,6.510398864746094,1.0809191465377808,84.37725067138672,192.8425750732422,0.4404219090938568,296.156494140625,54.55414581298828,184.46710205078125,0.833075225353241,1037.868896484375,71.4783706665039,192.06529235839844,1.0334631204605103,44653.94140625,1.0064916610717773,1.0399459600448608,0.40667009353637695,172.5608367919922,2570028.357737986
1000,1.8559590578079224,1.9939796924591064,6.51177453994751,1.0808701515197754,79.81554412841797,189.38356018066406,0.4549691677093506,516.33984375,65.6224594116211,176.94981384277344,0.9176061749458313,5476.5224609375,74.3219985961914,188.04637145996094,1.166248083114624,5841.42041015625,1.0988844633102417,1.3647713661193848,0.5737431049346924,23.051218032836914,4656783.386227864
1500,1.8561948537826538,1.9940009117126465,6.512049198150635,1.080721139907837,74.78093719482422,185.85264587402344,0.4817163050174713,887.7307739257812,69.5831069946289,174.4827880859375,1.016288161277771,10760.177734375,76.13900756835938,185.61785888671875,1.2850102186203003,16283.296875,1.1057395935058594,1.3939944505691528,0.6085087060928345,14.921829223632812,6381741.795230598
1999,1.8562731742858887,1.9940078258514404,6.512697696685791,1.080671787261963,75.06709289550781,185.81906127929688,0.4786708652973175,882.01318359375,70.1425552368164,173.87582397460938,1.023726224899292,1744.50927734375,75.86414337158203,184.87120056152344,1.3217121362686157,5478.0517578125,1.1212807893753052,1.4606542587280273,0.6560352444648743,8.881171226501465,7084117.534354207
