epochs,full_psnr,ssim,lpips,train_psnr,test_psnr
0,4.093366622924805,0.15818433463573456,,4.1169657707214355,0.0
500,19.734615325927734,0.35742712020874023,,21.082021713256836,0.0
1000,22.455551147460938,0.4845089614391327,,24.51795196533203,0.0
1500,23.638856887817383,0.5479787588119507,,26.48848533630371,0.0
1999,23.39569091796875,0.46021151542663574,,32.06971740722656,0.0
