Epoch,stable_rank_layer_0,effective_rank_layer_0,spectral_norm_layer_0,condition_number_layer_0,stable_rank_layer_1,effective_rank_layer_1,spectral_norm_layer_1,condition_number_layer_1,stable_rank_layer_2,effective_rank_layer_2,spectral_norm_layer_2,condition_number_layer_2,stable_rank_layer_3,effective_rank_layer_3,spectral_norm_layer_3,condition_number_layer_3,stable_rank_layer_4,effective_rank_layer_4,spectral_norm_layer_4,condition_number_layer_4,end_to_end_bound
0,1.8618746995925903,1.9944988489151,5.199634075164795,1.077154278755188,76.64187622070312,182.27975463867188,0.07017315179109573,302.6450500488281,77.84821319580078,182.59335327148438,0.06962038576602936,617.0711059570312,77.82650756835938,181.63491821289062,0.06908154487609863,43349.4296875,1.0032005310058594,1.0240147113800049,0.9032909274101257,25.52186393737793,4057.979458977055
500,1.890875220298767,1.9966703653335571,6.748301982879639,1.0594769716262817,100.10980987548828,209.6002197265625,0.584718644618988,329.15679931640625,95.72411346435547,213.43692016601562,0.7592179179191589,582.8988647460938,119.8851089477539,227.08154296875,0.9331603050231934,2059.5888671875,1.0005415678024292,1.0047450065612793,0.2003486454486847,176.44883728027344,1433806.458537945
1000,1.9100961685180664,1.997784972190857,6.820152282714844,1.048229455947876,88.80847930908203,194.22647094726562,0.70103919506073,1646.27490234375,88.80516052246094,200.9956512451172,0.8773473501205444,130.83482360839844,103.99981689453125,215.10989379882812,1.0687566995620728,4347.3203125,1.0004444122314453,1.0039751529693604,0.20406344532966614,202.7543487548828,2342027.3955755853
1500,1.9173989295959473,1.998144268989563,6.827889442443848,1.0440489053726196,87.00119018554688,191.8772735595703,0.7182264924049377,288.6830139160156,85.83452606201172,198.94793701171875,0.9125402569770813,423.9930725097656,104.59761047363281,212.91139221191406,1.0812684297561646,57490.81640625,1.0003985166549683,1.00358247756958,0.2018572837114334,272.36376953125,2500448.1104958504
1999,1.9196360111236572,1.998247742652893,6.82951021194458,1.0427783727645874,86.95912170410156,191.82156372070312,0.7178085446357727,167.51910400390625,86.15096282958984,198.81980895996094,0.9105088114738464,484.49957275390625,104.30451965332031,212.8454132080078,1.0832456350326538,5093.18115234375,1.0001940727233887,1.001882791519165,0.28421270847320557,389.3625793457031,3517974.9438490947
