epochs,full_psnr,ssim,lpips,train_psnr,test_psnr
0,12.351273536682129,0.22060048580169678,,12.812329292297363,0.0
500,17.615238189697266,0.2919404208660126,,19.40650749206543,0.0
1000,18.784391403198242,0.2998921573162079,,21.35463523864746,0.0
1500,19.138673782348633,0.31051918864250183,,22.007558822631836,0.0
2000,19.446401596069336,0.31799790263175964,,22.636978149414062,0.0
2500,19.578086853027344,0.3220372200012207,,22.919525146484375,0.0
2999,19.599620819091797,0.32276666164398193,,22.968446731567383,0.0
