epochs,full_psnr,ssim,lpips,train_psnr,test_psnr
0,5.9831719398498535,0.014099025167524815,,6.077077388763428,0.0
500,19.283775329589844,0.49364447593688965,,21.551313400268555,0.0
1000,18.80253028869629,0.4711068570613861,,21.112014770507812,0.0
1500,19.10848045349121,0.49596747756004333,,21.80099868774414,0.0
2000,19.506729125976562,0.5164521336555481,,21.289840698242188,0.0
2500,18.965248107910156,0.4965474605560303,,22.035755157470703,0.0
3000,20.03974723815918,0.5747794508934021,,24.700958251953125,0.0
3500,22.193449020385742,0.6598570346832275,,30.858844757080078,0.0
3999,21.933921813964844,0.621021568775177,,39.16838073730469,0.0
