epochs,full_psnr,ssim,lpips,train_psnr,test_psnr
0,9.386930465698242,0.21495358645915985,,9.424777030944824,0.0
500,14.814452171325684,0.5932295322418213,,14.963665962219238,0.0
1000,14.815064430236816,0.5957016348838806,,14.962681770324707,0.0
1500,14.815340042114258,0.5963698029518127,,14.962774276733398,0.0
2000,14.815215110778809,0.5970273613929749,,14.963363647460938,0.0
2500,14.815570831298828,0.5983131527900696,,14.963310241699219,0.0
3000,14.81600284576416,0.5999262928962708,,14.963541030883789,0.0
3500,14.817411422729492,0.6058371663093567,,14.965507507324219,0.0
3999,14.819655418395996,0.6156296133995056,,14.967865943908691,0.0
