Epoch,stable_rank_layer_0,effective_rank_layer_0,spectral_norm_layer_0,condition_number_layer_0,stable_rank_layer_1,effective_rank_layer_1,spectral_norm_layer_1,condition_number_layer_1,stable_rank_layer_2,effective_rank_layer_2,spectral_norm_layer_2,condition_number_layer_2,stable_rank_layer_3,effective_rank_layer_3,spectral_norm_layer_3,condition_number_layer_3,stable_rank_layer_4,effective_rank_layer_4,spectral_norm_layer_4,condition_number_layer_4,end_to_end_bound
0,1.8972585201263428,1.997068166732788,7.288285732269287,1.0557016134262085,77.88072967529297,182.55801391601562,1.1332734823226929,988.6148681640625,76.52877044677734,182.21136474609375,1.1450743675231934,9752.3095703125,75.45626831054688,181.2898406982422,1.1523988246917725,680.8187255859375,1.722412347793579,2.6400411128997803,0.8748616576194763,1.6736418008804321,1525653.7572654963
500,1.9083410501480103,1.997693419456482,7.943627834320068,1.0492416620254517,78.38327026367188,182.36294555664062,1.1283893585205078,283.3540344238281,77.73529815673828,181.582275390625,1.0904706716537476,332.7088623046875,53.71635055541992,165.48617553710938,1.1142568588256836,697.7096557617188,2.0952272415161133,2.7411134243011475,0.6721075773239136,1.764641284942627,1171213.179397886
1000,1.906874418258667,1.9976154565811157,8.090408325195312,1.050089716911316,78.47469329833984,181.7915802001953,1.131655216217041,910.5157470703125,76.26596069335938,180.4141845703125,1.0848381519317627,13086.095703125,49.451454162597656,160.17474365234375,1.177309274673462,10007.3896484375,2.1233608722686768,2.7504212856292725,0.7230682969093323,1.7410045862197876,1352818.0497402814
1500,1.9074139595031738,1.9976444244384766,8.202820777893066,1.0497775077819824,77.98585510253906,181.33255004882812,1.1425498723983765,26727.984375,75.05423736572266,179.4749755859375,1.0930596590042114,2000.78955078125,47.904972076416016,157.58697509765625,1.2282614707946777,4783.3564453125,2.0556747913360596,2.7530148029327393,0.7976421117782593,1.7344142198562622,1605835.820633643
1999,1.9069955348968506,1.9976221323013306,8.204080581665039,1.05001962184906,78.09343719482422,181.2492218017578,1.1474562883377075,2125.488037109375,74.14531707763672,179.22406005859375,1.1167248487472534,1942.4937744140625,47.209747314453125,158.17645263671875,1.3769490718841553,3331.559326171875,1.7792929410934448,2.642425775527954,1.05818510055542,1.8871536254882812,2450821.887839992
