Epoch,stable_rank_layer_0,effective_rank_layer_0,spectral_norm_layer_0,condition_number_layer_0,stable_rank_layer_1,effective_rank_layer_1,spectral_norm_layer_1,condition_number_layer_1,stable_rank_layer_2,effective_rank_layer_2,spectral_norm_layer_2,condition_number_layer_2,stable_rank_layer_3,effective_rank_layer_3,spectral_norm_layer_3,condition_number_layer_3,stable_rank_layer_4,effective_rank_layer_4,spectral_norm_layer_4,condition_number_layer_4,end_to_end_bound
0,1.8780766725540161,1.9957871437072754,7.332607269287109,1.0671703815460205,77.86697387695312,182.5493927001953,1.1333624124526978,1046.23779296875,76.52740478515625,182.2093505859375,1.1451127529144287,5145.455078125,75.47350311279297,181.2840576171875,1.1518570184707642,589.6665649414062,1.8425712585449219,2.7318153381347656,0.9160671830177307,1.6068366765975952,10.041564447747449
500,1.6983184814453125,1.968527913093567,15.222221374511719,1.1966668367385864,64.86526489257812,172.5362091064453,1.604535698890686,1221.399658203125,60.63399124145508,171.40025329589844,1.64703369140625,897.5391235351562,55.85653305053711,170.82949829101562,1.5929557085037231,1199.1702880859375,1.073567271232605,1.3226516246795654,7.54485559463501,9.293638229370117,483.4867016177744
1000,1.6730678081512451,1.9619354009628296,16.502038955688477,1.2189069986343384,62.273746490478516,159.86685180664062,2.143688917160034,393.23406982421875,58.87038803100586,157.88980102539062,2.187249183654785,1068.4656982421875,43.8520393371582,149.50479125976562,2.1550307273864746,5781.91259765625,1.0502454042434692,1.2404359579086304,8.46834659576416,10.19942569732666,1412.0488627356087
1500,1.6674416065216064,1.9603530168533325,17.00188446044922,1.2240335941314697,62.21342468261719,156.52630615234375,2.409085988998413,1157.230224609375,59.595130920410156,154.11436462402344,2.4469616413116455,1046.9521484375,40.83891677856445,139.9999237060547,2.442199230194092,6178.4287109375,1.0446133613586426,1.2174301147460938,9.14367389678955,11.086176872253418,2238.094101066254
1999,1.6664485931396484,1.960069179534912,17.098072052001953,1.2249451875686646,61.97640609741211,156.127197265625,2.460165023803711,1306.8411865234375,59.494117736816406,153.61318969726562,2.4972152709960938,7869.14599609375,40.578704833984375,138.41928100585938,2.489870309829712,3347.243408203125,1.0433480739593506,1.212188959121704,9.304046630859375,11.314453125,2433.413817154915
