epochs,full_psnr,ssim,lpips,train_psnr,test_psnr
0,14.001616477966309,0.6017627120018005,,14.124124526977539,0.0
500,18.091373443603516,0.6732079386711121,,18.41317367553711,0.0
1000,19.718711853027344,0.7060143351554871,,20.20577621459961,0.0
1500,21.067140579223633,0.7254722714424133,,21.769838333129883,0.0
2000,22.0853328704834,0.734117329120636,,22.971023559570312,0.0
2500,22.996910095214844,0.7463546395301819,,24.115985870361328,0.0
3000,23.671245574951172,0.7569515705108643,,25.035398483276367,0.0
3500,23.976375579833984,0.7615847587585449,,25.46684455871582,0.0
3999,24.028757095336914,0.7623246312141418,,25.544048309326172,0.0
