Epoch,stable_rank_layer_0,effective_rank_layer_0,spectral_norm_layer_0,condition_number_layer_0,stable_rank_layer_1,effective_rank_layer_1,spectral_norm_layer_1,condition_number_layer_1,stable_rank_layer_2,effective_rank_layer_2,spectral_norm_layer_2,condition_number_layer_2,stable_rank_layer_3,effective_rank_layer_3,spectral_norm_layer_3,condition_number_layer_3,stable_rank_layer_4,effective_rank_layer_4,spectral_norm_layer_4,condition_number_layer_4,end_to_end_bound
0,1.8972585201263428,1.997068166732788,7.288285732269287,1.0557016134262085,77.8808364868164,182.55775451660156,1.133277416229248,1039.4722900390625,76.52571868896484,182.2091064453125,1.145105242729187,9439.6494140625,75.45269775390625,181.2901153564453,1.1524102687835693,661.21240234375,1.722412347793579,2.6400411128997803,0.8748616576194763,1.6736418008804321,1525715.3415560045
500,1.9124621152877808,1.9979051351547241,7.781673431396484,1.0468695163726807,77.22235107421875,181.8652801513672,1.14633047580719,376.32733154296875,77.1847152709961,181.3341064453125,1.1000374555587769,682.3803100585938,56.38134002685547,164.4964599609375,1.0882500410079956,1276.7205810546875,1.8680570125579834,2.6706435680389404,0.6382179260253906,1.894210934638977,1090455.5962181923
1000,1.9116623401641846,1.997865080833435,7.944735527038574,1.0473287105560303,75.86933135986328,181.07705688476562,1.1740753650665283,8057.2724609375,75.61402893066406,180.16574096679688,1.0971496105194092,6670.48681640625,53.721580505371094,158.3442840576172,1.1313329935073853,27389.61328125,1.9446325302124023,2.7075467109680176,0.673008918762207,1.8282026052474976,1246730.3399357987
1500,1.9137972593307495,1.997971534729004,8.06035327911377,1.0461045503616333,65.40435791015625,178.43359375,1.2944608926773071,403.2298889160156,73.8705825805664,178.92092895507812,1.1171892881393433,835.1848754882812,53.06919860839844,154.58694458007812,1.1841044425964355,746.416015625,1.8781594038009644,2.688508987426758,0.7623231410980225,1.8454444408416748,1683522.2902940032
1999,1.9144362211227417,1.9980027675628662,8.068659782409668,1.045738935470581,61.25454330444336,177.6632080078125,1.350869059562683,953.8966064453125,73.15215301513672,178.60409545898438,1.1469337940216064,971.103759765625,51.548667907714844,155.15150451660156,1.3480693101882935,1764.59619140625,1.649012565612793,2.538316011428833,1.0176244974136353,2.0161116123199463,2743928.340623776
