epochs,full_psnr,ssim,lpips,train_psnr,test_psnr
0,6.136534214019775,0.013759627006947994,,6.233222961425781,0.0
500,20.246810913085938,0.46247899532318115,,24.75765609741211,0.0
1000,20.558448791503906,0.4789329767227173,,25.4558162689209,0.0
1500,20.231916427612305,0.48567357659339905,,25.696640014648438,0.0
1999,21.864492416381836,0.521237313747406,,36.9010009765625,0.0
