epochs,full_psnr,ssim,lpips,train_psnr,test_psnr
0,4.464629650115967,0.30270102620124817,,4.54642915725708,0.0
500,20.275352478027344,0.5532745122909546,,25.34388542175293,0.0
1000,19.72075843811035,0.5586650967597961,,24.32330894470215,0.0
1500,19.652572631835938,0.557500422000885,,23.85979652404785,0.0
2000,19.241369247436523,0.5517619252204895,,23.112655639648438,0.0
2500,21.164703369140625,0.6301352977752686,,31.338367462158203,0.0
2999,21.780241012573242,0.632630467414856,,42.45914077758789,0.0
