epochs,full_psnr,ssim,lpips,train_psnr,test_psnr
0,7.231322288513184,0.2920287251472473,,7.357730388641357,0.0
500,20.965816497802734,0.5907503962516785,,25.526317596435547,0.0
1000,20.566287994384766,0.5778632760047913,,24.632957458496094,0.0
1500,19.572628021240234,0.5336394906044006,,22.70220184326172,0.0
2000,20.1512451171875,0.571977436542511,,23.715932846069336,0.0
2500,22.152713775634766,0.6833292841911316,,30.14318084716797,0.0
2999,22.628820419311523,0.6899733543395996,,41.22004699707031,0.0
