epochs,full_psnr,ssim,lpips,train_psnr,test_psnr
0,12.351362228393555,0.22060127556324005,,12.812429428100586,0.0
500,17.83052635192871,0.29006001353263855,,19.744243621826172,0.0
1000,18.772993087768555,0.299334853887558,,21.327774047851562,0.0
1500,17.726009368896484,0.2857562005519867,,19.5826358795166,0.0
2000,18.613698959350586,0.2985673248767853,,21.045379638671875,0.0
2500,19.066329956054688,0.3062261641025543,,21.87342071533203,0.0
2999,19.27996253967285,0.3122197091579437,,22.293794631958008,0.0
