epochs,full_psnr,ssim,lpips,train_psnr,test_psnr
0,11.019648551940918,0.35316553711891174,,11.17165756225586,0.0
500,16.83476448059082,0.41705742478370667,,17.441118240356445,0.0
1000,18.619325637817383,0.4389195144176483,,19.560649871826172,0.0
1500,19.46847152709961,0.45790353417396545,,20.68437957763672,0.0
2000,20.21014976501465,0.47195205092430115,,21.731203079223633,0.0
2500,20.707386016845703,0.4849451780319214,,22.44275665283203,0.0
3000,21.023468017578125,0.4935663938522339,,22.938928604125977,0.0
3500,21.15873146057129,0.49755072593688965,,23.158933639526367,0.0
3999,21.18204116821289,0.4982360303401947,,23.197805404663086,0.0
