Epoch,stable_rank_layer_0,effective_rank_layer_0,spectral_norm_layer_0,condition_number_layer_0,stable_rank_layer_1,effective_rank_layer_1,spectral_norm_layer_1,condition_number_layer_1,stable_rank_layer_2,effective_rank_layer_2,spectral_norm_layer_2,condition_number_layer_2,stable_rank_layer_3,effective_rank_layer_3,spectral_norm_layer_3,condition_number_layer_3,stable_rank_layer_4,effective_rank_layer_4,spectral_norm_layer_4,condition_number_layer_4,end_to_end_bound
0,1.8823206424713135,1.9960929155349731,7.337747573852539,1.0646008253097534,77.88419342041016,182.54913330078125,1.1332486867904663,1009.4287719726562,76.52411651611328,182.2074432373047,1.145153284072876,3821.201904296875,75.48849487304688,181.2827606201172,1.1517590284347534,587.2127075195312,1.8435791730880737,2.732426404953003,0.916138231754303,1.6066216230392456,10.04787555045223
500,1.8093669414520264,1.9889096021652222,18.0391788482666,1.1115455627441406,71.85826873779297,176.03610229492188,1.641818642616272,4544.4091796875,69.74170684814453,173.3658447265625,1.6175282001495361,169743.1875,59.74740219116211,171.28643798828125,1.5495423078536987,980.8116455078125,1.481479525566101,2.1169989109039307,9.274554252624512,4.155744552612305,688.4783572964923
1000,1.8475146293640137,1.9931917190551758,20.143091201782227,1.0862414836883545,72.53894805908203,167.37741088867188,2.4284982681274414,2698.401611328125,66.78838348388672,160.00152587890625,2.400949001312256,2595.459228515625,48.930877685546875,147.27281188964844,2.1834304332733154,5449.244140625,1.581928014755249,2.231121301651001,10.618172645568848,3.5851666927337646,2722.926974417741
1500,1.8557469844818115,1.9939607381820679,21.22126007080078,1.0810041427612305,69.47356414794922,159.25672912597656,3.185661554336548,6073.60693359375,64.41219329833984,151.10130310058594,3.1102235317230225,1095.0299072265625,45.24552917480469,133.3585205078125,2.74743914604187,21197.142578125,1.527605652809143,2.23689866065979,11.925085067749023,3.2841849327087402,6888.933185366571
1999,1.8564730882644653,1.9940258264541626,21.650455474853516,1.0805456638336182,68.31594848632812,156.40841674804688,3.560393810272217,2532.982177734375,63.3198127746582,147.75167846679688,3.475177049636841,660.874267578125,43.4254264831543,127.72174072265625,3.094298839569092,1406.673828125,1.4840967655181885,2.2259812355041504,13.205741882324219,3.1173458099365234,10946.29300505404
