epochs,full_psnr,ssim,lpips,train_psnr,test_psnr
0,11.019648551940918,0.35316553711891174,,11.17165756225586,0.0
500,16.83101463317871,0.4168819189071655,,17.433841705322266,0.0
1000,18.495607376098633,0.43618330359458923,,19.444515228271484,0.0
1500,19.83262825012207,0.46198928356170654,,21.121475219726562,0.0
1999,20.595882415771484,0.4812988042831421,,22.278667449951172,0.0
