Epoch,stable_rank_layer_0,effective_rank_layer_0,spectral_norm_layer_0,condition_number_layer_0,stable_rank_layer_1,effective_rank_layer_1,spectral_norm_layer_1,condition_number_layer_1,stable_rank_layer_2,effective_rank_layer_2,spectral_norm_layer_2,condition_number_layer_2,stable_rank_layer_3,effective_rank_layer_3,spectral_norm_layer_3,condition_number_layer_3,stable_rank_layer_4,effective_rank_layer_4,spectral_norm_layer_4,condition_number_layer_4,end_to_end_bound
0,1.8737945556640625,1.9954651594161987,7.33212423324585,1.0697822570800781,77.86312103271484,182.55078125,1.1333869695663452,1019.7000732421875,76.524169921875,182.2091064453125,1.1451417207717896,4731.19580078125,75.47327423095703,181.2820587158203,1.1518728733062744,605.7700805664062,1.8424936532974243,2.731818199157715,0.9158186316490173,1.6064221858978271,10.038788237830607
500,1.8878175020217896,1.9964697360992432,17.11026954650879,1.0612999200820923,62.54086685180664,167.7447052001953,1.580519437789917,675.9743041992188,60.59735870361328,167.55715942382812,1.5964622497558594,1309.0804443359375,58.14101028442383,169.8746337890625,1.543511986732483,940.9290771484375,1.089536190032959,1.3768292665481567,8.757851600646973,8.433154106140137,583.6102819069413
1000,1.8557193279266357,1.9939581155776978,18.93954849243164,1.0810214281082153,57.430782318115234,154.03001403808594,2.0742883682250977,2648.865478515625,53.03225326538086,153.72354125976562,2.1464004516601562,13675.94140625,46.90995788574219,151.2922821044922,2.036057710647583,955.12109375,1.0849075317382812,1.3500896692276,11.407806396484375,10.782118797302246,1958.5818708228321
1500,1.8595447540283203,1.9942976236343384,19.410640716552734,1.0786131620407104,57.07622146606445,152.55438232421875,2.3252317905426025,8653.369140625,53.023746490478516,152.15902709960938,2.408139944076538,8904.4404296875,44.19621276855469,143.25718688964844,2.286804676055908,1081.720458984375,1.0824527740478516,1.3399399518966675,12.720528602600098,11.5141019821167,3161.710306212306
1999,1.8606820106506348,1.9943963289260864,19.497346878051758,1.0779004096984863,57.23861312866211,152.6015167236328,2.368115186691284,1154.0069580078125,52.9166374206543,152.01515197753906,2.46075177192688,40948.28125,43.75888442993164,141.806640625,2.337420701980591,1800.195068359375,1.081803321838379,1.3372050523757935,13.020101547241211,11.739800453186035,3457.7803769464067
