epochs,full_psnr,ssim,lpips,train_psnr,test_psnr
0,12.351362228393555,0.22060127556324005,,12.812429428100586,0.0
500,17.873493194580078,0.288839191198349,,19.818710327148438,0.0
1000,18.791358947753906,0.29991593956947327,,21.36009979248047,0.0
1500,19.117338180541992,0.308549165725708,,21.967802047729492,0.0
1999,19.176776885986328,0.3099612295627594,,22.085323333740234,0.0
