epochs,full_psnr,ssim,lpips,train_psnr,test_psnr
0,12.351273536682129,0.22060048580169678,,12.812329292297363,0.0
500,17.73375701904297,0.2858124077320099,,19.600849151611328,0.0
1000,18.714271545410156,0.30204734206199646,,21.19837760925293,0.0
1500,17.26559829711914,0.28163212537765503,,18.898212432861328,0.0
2000,18.33997344970703,0.29178154468536377,,20.56455421447754,0.0
2500,18.7672061920166,0.2992623746395111,,21.342880249023438,0.0
3000,19.102882385253906,0.307731956243515,,21.91663932800293,0.0
3500,19.342239379882812,0.3141120672225952,,22.41588592529297,0.0
3999,19.48140525817871,0.3179861605167389,,22.708816528320312,0.0
