epochs,full_psnr,ssim,lpips,train_psnr,test_psnr
0,3.2847976684570312,-0.07564205676317215,,3.3360097408294678,0.0
500,21.248104095458984,0.4905683696269989,,28.35631561279297,0.0
1000,21.53377342224121,0.5059536099433899,,31.585956573486328,0.0
1500,21.47132682800293,0.4945719242095947,,34.523006439208984,0.0
1999,21.423864364624023,0.48962798714637756,,34.847198486328125,0.0
