epochs,full_psnr,ssim,lpips,train_psnr,test_psnr
0,4.139172077178955,0.3001512587070465,,4.215017318725586,0.0
500,19.865840911865234,0.5317345261573792,,24.312740325927734,0.0
1000,19.86157989501953,0.5435396432876587,,24.49783706665039,0.0
1500,19.118961334228516,0.5332472920417786,,22.85687255859375,0.0
2000,19.576889038085938,0.5416876673698425,,23.90898895263672,0.0
2500,21.40796661376953,0.6301303505897522,,31.979244232177734,0.0
2999,21.72198486328125,0.634878933429718,,40.13932800292969,0.0
