Epoch,stable_rank_layer_0,effective_rank_layer_0,spectral_norm_layer_0,condition_number_layer_0,stable_rank_layer_1,effective_rank_layer_1,spectral_norm_layer_1,condition_number_layer_1,stable_rank_layer_2,effective_rank_layer_2,spectral_norm_layer_2,condition_number_layer_2,stable_rank_layer_3,effective_rank_layer_3,spectral_norm_layer_3,condition_number_layer_3,stable_rank_layer_4,effective_rank_layer_4,spectral_norm_layer_4,condition_number_layer_4,end_to_end_bound
0,1.8628885746002197,1.9945852756500244,5.186348915100098,1.076521396636963,76.42512512207031,182.20693969726562,0.07018499821424484,705.8131713867188,77.18097686767578,182.4244384765625,0.0697961300611496,273.3501892089844,77.74758911132812,181.70005798339844,0.06916273385286331,1183.89501953125,1.0057600736618042,1.039466142654419,0.9020448923110962,24.62012481689453,inf
500,1.8847516775131226,1.9962623119354248,6.5018534660339355,1.063137173652649,43.706092834472656,156.1147003173828,0.4223002791404724,4606.5341796875,30.629180908203125,154.5716094970703,0.8274564146995544,1493.195556640625,31.79933738708496,132.71583557128906,0.9793963432312012,35172.51953125,1.1158210039138794,1.4018044471740723,0.47058260440826416,34.73457717895508,inf
1000,1.885818600654602,1.9963350296020508,6.495770454406738,1.0624967813491821,43.39530944824219,157.7080078125,0.44831177592277527,912.4274291992188,45.64191818237305,170.5361785888672,0.8931195139884949,3056.38037109375,43.6483154296875,156.4704132080078,1.031265377998352,91247.8984375,1.1560168266296387,1.498810887336731,0.4516972601413727,22.80854034423828,inf
1500,1.6959372758865356,1.9679406881332397,15.174001693725586,1.1987122297286987,61.99858856201172,174.41998291015625,0.5975649356842041,393.21197509765625,57.57586669921875,176.87254333496094,0.9962063431739807,888.1943359375,52.88187026977539,168.7744903564453,1.1306140422821045,2195.615966796875,1.000471830368042,1.0041406154632568,0.30084410309791565,314.00933837890625,inf
1999,1.776241421699524,1.9841516017913818,17.911977767944336,1.1350148916244507,65.9788589477539,176.65440368652344,0.6553595066070557,1679.725341796875,60.31971740722656,177.72039794921875,1.022271752357483,7615.77734375,54.6941032409668,170.85150146484375,1.1646392345428467,7559.78271484375,1.000340223312378,1.0030750036239624,0.29241234064102173,641.6044921875,inf
