epochs,full_psnr,ssim,lpips,train_psnr,test_psnr
0,8.276649475097656,0.08442395180463791,,8.452445030212402,0.0
500,18.528955459594727,0.3055386543273926,,21.432397842407227,0.0
1000,18.7784423828125,0.30879727005958557,,21.523256301879883,0.0
1500,12.535296440124512,0.21644318103790283,,13.018074989318848,0.0
1999,12.537507057189941,0.22006899118423462,,13.020112991333008,0.0
