Epoch,stable_rank_layer_0,effective_rank_layer_0,spectral_norm_layer_0,condition_number_layer_0,stable_rank_layer_1,effective_rank_layer_1,spectral_norm_layer_1,condition_number_layer_1,stable_rank_layer_2,effective_rank_layer_2,spectral_norm_layer_2,condition_number_layer_2,stable_rank_layer_3,effective_rank_layer_3,spectral_norm_layer_3,condition_number_layer_3,stable_rank_layer_4,effective_rank_layer_4,spectral_norm_layer_4,condition_number_layer_4,end_to_end_bound
0,1.8407071828842163,1.9925158023834229,5.222754955291748,1.0906304121017456,76.46524810791016,182.15028381347656,0.0701427310705185,2250.4248046875,77.48795318603516,182.41444396972656,0.06964915245771408,409.4907531738281,77.76110076904297,181.71417236328125,0.06912484765052795,2557.30419921875,1.0091121196746826,1.0572915077209473,0.9006527066230774,24.89533042907715,inf
500,1.9158380031585693,1.998070478439331,6.52388858795166,1.044938325881958,63.4495735168457,155.636474609375,0.3398989140987396,2019.6365966796875,26.389076232910156,143.6827850341797,0.8212482929229736,8741.6416015625,32.11553192138672,126.1899185180664,0.96383136510849,37944.58203125,1.047020435333252,1.2162964344024658,0.4106005132198334,16.259506225585938,inf
1000,1.915886402130127,1.998072862625122,6.523153305053711,1.0449106693267822,63.46366500854492,157.05592346191406,0.3394990861415863,851.9212036132812,29.26158905029297,149.65736389160156,0.8368729948997498,8611.2978515625,35.41059112548828,139.30523681640625,0.9919893741607666,21184.408203125,1.155346155166626,1.5538209676742554,0.44076091051101685,7.731093406677246,inf
1500,1.9159517288208008,1.9980758428573608,6.523064613342285,1.0448734760284424,63.485382080078125,157.12619018554688,0.3393343389034271,2732.40185546875,29.4527530670166,150.4933319091797,0.8167495131492615,2705.111572265625,36.974220275878906,143.61380004882812,0.9990746378898621,38242.68359375,1.1880238056182861,1.6661490201950073,0.4675143361091614,5.491091728210449,inf
1999,1.9158943891525269,1.9980732202529907,6.5231146812438965,1.0449061393737793,63.53813171386719,157.14649963378906,0.3392670154571533,1327.4332275390625,29.50141716003418,150.7848358154297,0.8195240497589111,8890.0498046875,36.99393081665039,143.90122985839844,0.9996585249900818,17693.98046875,1.2075740098953247,1.7334604263305664,0.47535282373428345,4.6467976570129395,inf
