epochs,full_psnr,ssim,lpips,train_psnr,test_psnr
0,9.349892616271973,0.2091880440711975,,9.38737964630127,0.0
500,19.702259063720703,0.3204173743724823,,21.31984519958496,0.0
1000,21.19804573059082,0.33894386887550354,,23.913232803344727,0.0
1500,21.105363845825195,0.2831988036632538,,27.250568389892578,0.0
1999,20.099777221679688,0.20789580047130585,,33.39173126220703,0.0
