epochs,full_psnr,ssim,lpips,train_psnr,test_psnr
0,5.635677337646484,0.19677740335464478,,5.745443820953369,0.0
500,13.234542846679688,0.4208541214466095,,13.908798217773438,0.0
1000,14.412895202636719,0.43043947219848633,,15.319068908691406,0.0
1500,14.802464485168457,0.43310675024986267,,15.804228782653809,0.0
1999,14.871821403503418,0.43358394503593445,,15.892071723937988,0.0
