epochs,full_psnr,ssim,lpips,train_psnr,test_psnr
0,9.207357406616211,0.3065505921840668,,9.302188873291016,0.0
500,16.974214553833008,0.23871338367462158,,17.979503631591797,0.0
1000,18.992883682250977,0.28674712777137756,,21.533233642578125,0.0
1500,18.698102951049805,0.2273322194814682,,26.602249145507812,0.0
1999,17.998546600341797,0.1914425939321518,,31.569110870361328,0.0
