Epoch,stable_rank_layer_0,effective_rank_layer_0,spectral_norm_layer_0,condition_number_layer_0,stable_rank_layer_1,effective_rank_layer_1,spectral_norm_layer_1,condition_number_layer_1,stable_rank_layer_2,effective_rank_layer_2,spectral_norm_layer_2,condition_number_layer_2,stable_rank_layer_3,effective_rank_layer_3,spectral_norm_layer_3,condition_number_layer_3,stable_rank_layer_4,effective_rank_layer_4,spectral_norm_layer_4,condition_number_layer_4,end_to_end_bound
0,1.857252597808838,1.9940954446792603,5.174139499664307,1.0800542831420898,76.46514892578125,182.25282287597656,0.07024120539426804,384.2623291015625,77.70136260986328,182.5799560546875,0.06964265555143356,437.8525085449219,77.78390502929688,181.51785278320312,0.0691581591963768,428.7204284667969,1.0032005310058594,1.0240147113800049,0.9032908082008362,25.521875381469727,4047.7752766255694
500,1.842581868171692,1.9927055835723877,6.417701721191406,1.08941650390625,54.75999069213867,156.84181213378906,0.4010663628578186,2253.381591796875,27.777177810668945,159.75613403320312,0.7002277970314026,25835.634765625,53.1447639465332,157.56893920898438,1.059739112854004,39812.23828125,1.1762529611587524,1.532556414604187,0.26998263597488403,34.63740539550781,1320109.2586394616
1000,1.8426361083984375,1.992711067199707,6.417740821838379,1.089381456375122,57.18146514892578,157.6470947265625,0.39183980226516724,2792.70556640625,29.88936996459961,160.58717346191406,0.6745335459709167,843.1658325195312,56.27558135986328,161.2504425048828,1.0865108966827393,101256.0546875,1.1559380292892456,1.4960172176361084,0.28349635004997253,26.060232162475586,1337567.7815137273
1500,1.8425979614257812,1.9927072525024414,6.417799472808838,1.089406132698059,58.10444641113281,157.90184020996094,0.3883006274700165,1170.1951904296875,29.82698631286621,160.56788635253906,0.6768882870674133,1388.1287841796875,57.871700286865234,161.873291015625,1.0754938125610352,60967.12890625,1.1465975046157837,1.4799660444259644,0.29400190711021423,21.630868911743164,1365429.4440975445
1999,1.8425863981246948,1.992706060409546,6.417794704437256,1.0894136428833008,58.46330642700195,158.0006561279297,0.3867187201976776,721.49169921875,29.81757164001465,160.54100036621094,0.6771124005317688,1951.162109375,57.99763870239258,162.0285186767578,1.0781983137130737,57932.89453125,1.1496312618255615,1.4949051141738892,0.2953719198703766,16.23868751525879,1370091.5987045388
