epochs,full_psnr,ssim,lpips,train_psnr,test_psnr
0,3.541609048843384,0.2244684249162674,,3.580869197845459,0.0
500,22.9213809967041,0.5082533955574036,,30.24320411682129,0.0
1000,23.346240997314453,0.539614200592041,,33.408103942871094,0.0
1500,23.474905014038086,0.529927670955658,,38.04650115966797,0.0
1999,23.391925811767578,0.5049763321876526,,42.452003479003906,0.0
