epochs,full_psnr,ssim,lpips,train_psnr,test_psnr
0,8.327791213989258,0.3044130802154541,,8.369157791137695,0.0
500,11.95777702331543,0.5737332105636597,,12.055097579956055,0.0
1000,11.967145919799805,0.6438561677932739,,12.063760757446289,0.0
1500,11.969219207763672,0.6605671048164368,,12.064922332763672,0.0
2000,11.971845626831055,0.6842055320739746,,12.068061828613281,0.0
2500,11.973389625549316,0.7010774612426758,,12.06979751586914,0.0
2999,11.973487854003906,0.701143741607666,,12.126724243164062,0.0
