epochs,full_psnr,ssim,lpips,train_psnr,test_psnr
0,7.689194202423096,0.19780512154102325,,7.867295742034912,0.0
500,10.422697067260742,0.3415665626525879,,10.761612892150879,0.0
1000,10.425647735595703,0.3565731942653656,,10.764251708984375,0.0
1500,10.426664352416992,0.3631417453289032,,10.765859603881836,0.0
2000,10.428194999694824,0.37244558334350586,,10.766277313232422,0.0
2500,10.42919921875,0.3789081871509552,,10.767641067504883,0.0
2999,10.42949104309082,0.380509614944458,,10.786859512329102,0.0
