epochs,full_psnr,ssim,lpips,train_psnr,test_psnr
0,9.484604835510254,0.024740001186728477,,9.531314849853516,0.0
500,25.0264835357666,0.7618589997291565,,27.923404693603516,0.0
1000,25.14713478088379,0.7702357172966003,,28.646448135375977,0.0
1500,25.250761032104492,0.7655794024467468,,29.091737747192383,0.0
2000,27.686643600463867,0.8080048561096191,,31.18694496154785,0.0
2500,25.879024505615234,0.7926041483879089,,29.528274536132812,0.0
3000,29.340057373046875,0.8467824459075928,,37.143917083740234,0.0
3500,29.182395935058594,0.8462010025978088,,43.27019119262695,0.0
3999,29.191577911376953,0.8360646367073059,,46.960479736328125,0.0
