epochs,full_psnr,ssim,lpips,train_psnr,test_psnr
0,6.757224082946777,0.015937194228172302,,6.807490348815918,0.0
500,22.525739669799805,0.5501372218132019,,26.289596557617188,0.0
1000,23.853309631347656,0.5976595878601074,,31.14373207092285,0.0
1500,24.513019561767578,0.5971429944038391,,36.7542610168457,0.0
1999,24.381412506103516,0.5806517601013184,,37.5757942199707,0.0
