Epoch,stable_rank_layer_0,effective_rank_layer_0,spectral_norm_layer_0,condition_number_layer_0,stable_rank_layer_1,effective_rank_layer_1,spectral_norm_layer_1,condition_number_layer_1,stable_rank_layer_2,effective_rank_layer_2,spectral_norm_layer_2,condition_number_layer_2,stable_rank_layer_3,effective_rank_layer_3,spectral_norm_layer_3,condition_number_layer_3,stable_rank_layer_4,effective_rank_layer_4,spectral_norm_layer_4,condition_number_layer_4,end_to_end_bound
0,1.8625924587249756,1.9945602416992188,5.195930004119873,1.0767061710357666,76.56369018554688,182.33921813964844,0.07015971094369888,360.70489501953125,77.59408569335938,182.54920959472656,0.06961187720298767,358.8946228027344,77.68437957763672,181.77406311035156,0.06920914351940155,1902.1922607421875,1.0032005310058594,1.0240147113800049,0.9032908082008362,25.521854400634766,4061.3036311206024
500,1.8496317863464355,1.9933944940567017,6.1716766357421875,1.0848873853683472,46.60406494140625,156.05084228515625,0.25732144713401794,1404.81103515625,16.55843162536621,146.36325073242188,0.4623042643070221,3138.757080078125,11.513575553894043,91.47062683105469,0.7011265754699707,3964.255859375,1.0993527173995972,1.3626352548599243,0.33451297879219055,28.532804489135742,440815.05112421
1000,1.849990725517273,1.9934285879135132,6.1744065284729,1.084658145904541,47.60863494873047,156.0945281982422,0.2603408992290497,5877.07470703125,20.685842514038086,152.9033660888672,0.41363397240638733,1145.492431640625,11.891136169433594,97.52094268798828,0.7022009491920471,15868.6435546875,1.106400966644287,1.3863673210144043,0.3327969014644623,20.749332427978516,397772.2422332078
1500,1.850072979927063,1.993436336517334,6.174169063568115,1.0846056938171387,48.11991882324219,155.9725799560547,0.2614057660102844,1271.5626220703125,21.140239715576172,153.20062255859375,0.40994951128959656,1541.5218505859375,12.385120391845703,101.13661193847656,0.7040879130363464,19491.919921875,1.1109533309936523,1.4032548666000366,0.33699166774749756,16.900619506835938,401892.6561864229
1999,1.8500791788101196,1.9934368133544922,6.174239158630371,1.0846017599105835,48.10261154174805,156.1504364013672,0.2618604302406311,1481.9371337890625,21.067129135131836,153.07896423339844,0.4117879569530487,1218.388671875,12.575902938842773,102.0128402709961,0.7142815589904785,5820.34130859375,1.112776756286621,1.4103626012802124,0.3403661251068115,15.626925468444824,414364.65159218165
