epochs,full_psnr,ssim,lpips,train_psnr,test_psnr
0,4.464629650115967,0.30270102620124817,,4.54642915725708,0.0
500,20.421966552734375,0.5608453154563904,,26.431407928466797,0.0
1000,21.42190170288086,0.6067103147506714,,31.585065841674805,0.0
1500,21.681243896484375,0.6216550469398499,,38.61531066894531,0.0
1999,21.688995361328125,0.6084021925926208,,42.09858703613281,0.0
