epochs,full_psnr,ssim,lpips,train_psnr,test_psnr
0,8.37647533416748,0.09269747883081436,,8.556763648986816,0.0
500,12.534274101257324,0.21497420966625214,,13.017078399658203,0.0
1000,12.533513069152832,0.21362841129302979,,13.015246391296387,0.0
1500,12.532554626464844,0.21260738372802734,,13.015843391418457,0.0
2000,12.534063339233398,0.2146223783493042,,13.01688289642334,0.0
2500,12.535561561584473,0.21696437895298004,,13.017313003540039,0.0
2999,12.53735637664795,0.21993690729141235,,13.020021438598633,0.0
