epochs,full_psnr,ssim,lpips,train_psnr,test_psnr
0,9.76340389251709,0.12049879878759384,,9.84649658203125,0.0
500,14.731517791748047,0.2788316309452057,,14.987361907958984,0.0
1000,14.73255729675293,0.2800627052783966,,14.988763809204102,0.0
1500,14.733548164367676,0.28132447600364685,,14.989982604980469,0.0
1999,14.733963966369629,0.28185364603996277,,15.00404167175293,0.0
