Epoch,stable_rank_layer_0,effective_rank_layer_0,spectral_norm_layer_0,condition_number_layer_0,stable_rank_layer_1,effective_rank_layer_1,spectral_norm_layer_1,condition_number_layer_1,stable_rank_layer_2,effective_rank_layer_2,spectral_norm_layer_2,condition_number_layer_2,stable_rank_layer_3,effective_rank_layer_3,spectral_norm_layer_3,condition_number_layer_3,stable_rank_layer_4,effective_rank_layer_4,spectral_norm_layer_4,condition_number_layer_4,end_to_end_bound
0,1.8688801527023315,1.9950796365737915,7.337924957275391,1.072803258895874,77.869384765625,182.5500030517578,1.1333438158035278,1171.0531005859375,76.51050567626953,182.207275390625,1.145241141319275,3970.7021484375,75.48440551757812,181.2826690673828,1.1517856121063232,597.3145751953125,1.8438125848770142,2.732680082321167,0.9155458807945251,1.6056042909622192,10.043466803678863
500,1.594096302986145,1.93550705909729,15.516403198242188,1.2973930835723877,74.99549102783203,175.71498107910156,1.5598359107971191,355.20050048828125,69.00679016113281,172.59266662597656,1.5910125970840454,1666.8590087890625,59.263187408447266,170.32553100585938,1.543501615524292,262.5013122558594,1.2318966388702393,1.7346956729888916,6.071517467498779,6.124076843261719,360.86762909522133
1000,1.604207992553711,1.9394317865371704,17.163585662841797,1.2864910364151,70.72151947021484,165.64004516601562,2.09041690826416,1830.8287353515625,67.44442749023438,161.8817901611328,2.0807242393493652,424.3403015136719,48.56898498535156,150.1514434814453,1.9961572885513306,778.38330078125,1.2061264514923096,1.695521354675293,7.50029182434082,5.788293838500977,1117.708048293967
1500,1.6087499856948853,1.9411393404006958,17.762144088745117,1.2816826105117798,69.96653747558594,161.48367309570312,2.3382084369659424,54120.015625,66.62801361083984,158.00411987304688,2.3321094512939453,4001.201904296875,45.57180404663086,140.69195556640625,2.233690023422241,2137.671875,1.1784330606460571,1.6011723279953003,8.478580474853516,7.919987201690674,1834.3136259531307
1999,1.6097873449325562,1.9415247440338135,17.872390747070312,1.2805919647216797,69.939453125,160.92759704589844,2.3800954818725586,1729.5989990234375,66.54842376708984,157.38653564453125,2.376857042312622,8129.392578125,45.08638381958008,139.01254272460938,2.2824227809906006,2474.70751953125,1.172549843788147,1.5876538753509521,8.75333309173584,8.02595043182373,2019.991959981144
