Epoch,stable_rank_layer_0,effective_rank_layer_0,spectral_norm_layer_0,condition_number_layer_0,stable_rank_layer_1,effective_rank_layer_1,spectral_norm_layer_1,condition_number_layer_1,stable_rank_layer_2,effective_rank_layer_2,spectral_norm_layer_2,condition_number_layer_2,stable_rank_layer_3,effective_rank_layer_3,spectral_norm_layer_3,condition_number_layer_3,stable_rank_layer_4,effective_rank_layer_4,spectral_norm_layer_4,condition_number_layer_4,end_to_end_bound
0,1.857252597808838,1.9940954446792603,5.174139499664307,1.0800542831420898,76.36762237548828,182.28036499023438,0.07031497359275818,263.97198486328125,77.5027847290039,182.56759643554688,0.06977476179599762,392.6169738769531,77.70499420166016,181.65432739257812,0.06919515877962112,755.5172729492188,1.0032005310058594,1.0240147113800049,0.9032908082008362,25.521875381469727,4061.884597775314
500,1.9181677103042603,1.9981802701950073,6.589970588684082,1.043611764907837,105.69364929199219,219.0692901611328,0.5721684694290161,465.64215087890625,101.3987045288086,219.58447265625,0.7969267964363098,672.3760375976562,129.30165100097656,231.15182495117188,0.8985047340393066,72207.6796875,1.0021462440490723,1.0155843496322632,0.21976660192012787,179.19293212890625,1518965.3109559107
1000,1.9178543090820312,1.9981657266616821,6.591969013214111,1.0437899827957153,89.19379425048828,205.39932250976562,0.610461413860321,1209.2181396484375,90.196533203125,205.43270874023438,0.9238129258155823,223.96176147460938,122.14713287353516,227.6911163330078,0.9413819313049316,1746.1884765625,1.0020467042922974,1.0148576498031616,0.3343915045261383,335.0407409667969,2995838.991055199
1500,1.9179331064224243,1.9981693029403687,6.593400001525879,1.0437451601028442,87.15874481201172,202.79290771484375,0.6131569147109985,317.70806884765625,89.78324890136719,203.15904235839844,0.937463104724884,287.904052734375,121.6421890258789,227.44534301757812,0.9442463517189026,60218.2578125,1.001817226409912,1.0134072303771973,0.3741832375526428,336.7075500488281,3428031.8451900543
1999,1.917966604232788,1.9981709718704224,6.5931782722473145,1.0437262058258057,87.30046844482422,202.65110778808594,0.611972451210022,399.8654479980469,89.09196472167969,202.92514038085938,0.9399438500404358,482.02447509765625,121.5711669921875,227.4324493408203,0.9444532990455627,5839.3623046875,1.010289192199707,1.0588504076004028,0.45206522941589355,135.39585876464844,4145244.5739390147
