epochs,full_psnr,ssim,lpips,train_psnr,test_psnr
0,3.6088056564331055,0.22562097012996674,,3.648848533630371,0.0
500,14.849431991577148,0.19464963674545288,,15.647149085998535,0.0
1000,16.57868194580078,0.2086118906736374,,18.155834197998047,0.0
1500,16.688262939453125,0.18360073864459991,,20.032424926757812,0.0
1999,15.97610855102539,0.111410953104496,,24.721338272094727,0.0
