epochs,full_psnr,ssim,lpips,train_psnr,test_psnr
0,3.3005175590515137,0.22092147171497345,,3.337719678878784,0.0
500,18.989269256591797,0.29458868503570557,,20.938203811645508,0.0
1000,21.216724395751953,0.368346244096756,,25.140697479248047,0.0
1500,21.723342895507812,0.40768274664878845,,26.723628997802734,0.0
2000,21.95659637451172,0.41460123658180237,,28.24456787109375,0.0
2500,22.075273513793945,0.4051349461078644,,30.269668579101562,0.0
3000,21.89516258239746,0.3686072826385498,,33.32938003540039,0.0
3500,21.636882781982422,0.3403671979904175,,35.22628402709961,0.0
3999,21.546459197998047,0.3270752727985382,,38.82723617553711,0.0
