Epoch,stable_rank_layer_0,effective_rank_layer_0,spectral_norm_layer_0,condition_number_layer_0,stable_rank_layer_1,effective_rank_layer_1,spectral_norm_layer_1,condition_number_layer_1,stable_rank_layer_2,effective_rank_layer_2,spectral_norm_layer_2,condition_number_layer_2,stable_rank_layer_3,effective_rank_layer_3,spectral_norm_layer_3,condition_number_layer_3,stable_rank_layer_4,effective_rank_layer_4,spectral_norm_layer_4,condition_number_layer_4,end_to_end_bound
0,1.8654447793960571,1.9947994947433472,5.194754123687744,1.0749303102493286,76.65543365478516,182.26358032226562,0.07018561661243439,307.4098815917969,77.75452423095703,182.54852294921875,0.06965985894203186,645.72509765625,77.70613098144531,181.663330078125,0.06916444003582001,1232.990234375,1.0032005310058594,1.0240147113800049,0.9032905697822571,25.521852493286133,4062.057004310396
500,1.885453701019287,1.9963102340698242,6.44848108291626,1.0627156496047974,88.69095611572266,199.9240264892578,0.382049560546875,490.5032653808594,61.759246826171875,175.63223266601562,0.6795141696929932,1253.2027587890625,90.94000244140625,202.4282989501953,0.8346098065376282,5566.2333984375,1.0043468475341797,1.0283483266830444,0.454641193151474,294.45477294921875,1626177.2587369652
1000,1.8860992193222046,1.996354103088379,6.451308250427246,1.0623284578323364,90.24505615234375,196.05995178222656,0.3666677176952362,604.3226928710938,59.72276306152344,165.29225158691406,0.7084847092628479,1117.9193115234375,91.57794952392578,202.43350219726562,0.8341981172561646,5711.99169921875,1.0080593824386597,1.0478675365447998,0.4541494846343994,187.66305541992188,1625395.1019777788
1500,1.8857187032699585,1.9963284730911255,6.455555438995361,1.0625566244125366,86.92188262939453,193.30308532714844,0.3701275587081909,265.56689453125,58.03240966796875,157.3238983154297,0.7624714374542236,4470.29296875,90.89396667480469,202.28009033203125,0.839439868927002,6478.212890625,1.007155418395996,1.0433323383331299,0.4573008418083191,181.73500061035156,1790359.2130724532
1999,1.8860136270523071,1.9963483810424805,6.455504417419434,1.0623797178268433,86.86051940917969,193.04351806640625,0.3697545826435089,1011.2431640625,57.919063568115234,157.01895141601562,0.7652735114097595,6506.6884765625,91.06490325927734,202.2667694091797,0.8386555910110474,7983.70361328125,1.011810541152954,1.0660861730575562,0.47091686725616455,116.8340835571289,1846835.811685356
