epochs,full_psnr,ssim,lpips,train_psnr,test_psnr
0,7.174167633056641,0.2918377220630646,,7.299044609069824,0.0
500,18.714921951293945,0.41964948177337646,,21.435394287109375,0.0
1000,19.68041229248047,0.49068060517311096,,23.10095977783203,0.0
1500,20.944229125976562,0.579533576965332,,26.632225036621094,0.0
1999,21.286380767822266,0.5441495180130005,,36.76842498779297,0.0
