epochs,full_psnr,ssim,lpips,train_psnr,test_psnr
0,10.116195678710938,0.6514425277709961,,10.179624557495117,0.0
500,22.615516662597656,0.770805299282074,,23.89011573791504,0.0
1000,23.911579132080078,0.7794793248176575,,25.746076583862305,0.0
1500,24.562414169311523,0.7856371998786926,,26.773509979248047,0.0
2000,22.55328941345215,0.7704275250434875,,23.809158325195312,0.0
2500,23.77149772644043,0.7771687507629395,,25.528045654296875,0.0
2999,24.286413192749023,0.7807517647743225,,26.322534561157227,0.0
