epochs,full_psnr,ssim,lpips,train_psnr,test_psnr
0,11.210461616516113,0.028572766110301018,,11.321674346923828,0.0
500,22.400434494018555,0.4687206447124481,,24.766674041748047,0.0
1000,23.564462661743164,0.5277488827705383,,26.149250030517578,0.0
1500,24.243059158325195,0.554675281047821,,27.092893600463867,0.0
2000,23.76786994934082,0.5356815457344055,,26.870624542236328,0.0
2500,25.948989868164062,0.647844135761261,,30.98672866821289,0.0
2999,25.761167526245117,0.634235143661499,,35.274879455566406,0.0
