epochs,full_psnr,ssim,lpips,train_psnr,test_psnr
0,5.937030792236328,0.103963203728199,,6.0281572341918945,0.0
500,13.117097854614258,0.31835582852363586,,13.627134323120117,0.0
1000,13.117608070373535,0.3198545277118683,,13.629183769226074,0.0
1500,13.117708206176758,0.3201133906841278,,13.628654479980469,0.0
2000,13.11825942993164,0.32068678736686707,,13.628998756408691,0.0
2500,13.117898941040039,0.31989583373069763,,13.629373550415039,0.0
3000,13.118453979492188,0.32155025005340576,,13.62971305847168,0.0
3500,13.120725631713867,0.3277018964290619,,13.63253116607666,0.0
3999,13.123397827148438,0.33449944853782654,,13.636091232299805,0.0
