Epoch,stable_rank_layer_0,effective_rank_layer_0,spectral_norm_layer_0,condition_number_layer_0,stable_rank_layer_1,effective_rank_layer_1,spectral_norm_layer_1,condition_number_layer_1,stable_rank_layer_2,effective_rank_layer_2,spectral_norm_layer_2,condition_number_layer_2,stable_rank_layer_3,effective_rank_layer_3,spectral_norm_layer_3,condition_number_layer_3,stable_rank_layer_4,effective_rank_layer_4,spectral_norm_layer_4,condition_number_layer_4,end_to_end_bound
0,1.8759571313858032,1.9956294298171997,7.388733386993408,1.0684608221054077,77.89359283447266,182.5537567138672,1.1332058906555176,915.246826171875,76.53672790527344,182.2091064453125,1.1450071334838867,30802.712890625,75.46354675292969,181.29226684570312,1.1525061130523682,659.6259765625,1.8564822673797607,2.735804796218872,0.6378897428512573,1.6319704055786133,1127705.8952539966
500,1.8225653171539307,1.9905295372009277,8.335186958312988,1.102591872215271,77.908203125,181.87342834472656,1.1470454931259155,1471.90673828125,76.84716796875,180.79336547851562,1.1069506406784058,1070.03076171875,65.55707550048828,171.43670654296875,1.1657474040985107,608.53466796875,1.3415776491165161,2.0890090465545654,0.6254421472549438,2.7676584720611572,1234627.1643564068
1000,1.8222239017486572,1.9904896020889282,8.56847858428955,1.1028207540512085,75.71517944335938,180.95103454589844,1.176674485206604,1819.476318359375,76.47247314453125,179.69590759277344,1.1023674011230469,2380.9091796875,63.451934814453125,166.89166259765625,1.2861404418945312,850.2136840820312,1.2973549365997314,1.9695477485656738,0.7540265321731567,3.3629310131073,1724572.3506304643
1500,1.8226301670074463,1.990537166595459,8.710238456726074,1.1025484800338745,67.3246078491211,178.97418212890625,1.276762843132019,635.8553466796875,74.25926971435547,178.09153747558594,1.1267671585083008,886.7684936523438,60.00625991821289,162.66407775878906,1.425945520401001,2420.2470703125,1.2388584613800049,1.8212995529174805,0.939985990524292,4.058926582336426,2687316.1178959566
1999,1.8216931819915771,1.9904271364212036,8.720651626586914,1.1031768321990967,64.01436614990234,178.10121154785156,1.327282428741455,2532.24462890625,73.59965515136719,177.7456512451172,1.1609820127487183,6407.546875,59.64833068847656,163.5431671142578,1.5951051712036133,593.89404296875,1.2337592840194702,1.7590441703796387,1.3413996696472168,5.382434368133545,4600502.5367439035
