epochs,full_psnr,ssim,lpips,train_psnr,test_psnr
0,11.209545135498047,0.02853236347436905,,11.32156753540039,0.0
500,23.763504028320312,0.5171841979026794,,26.252727508544922,0.0
1000,23.73481559753418,0.5296509861946106,,25.88418960571289,0.0
1500,23.739500045776367,0.545932948589325,,26.604604721069336,0.0
1999,25.812623977661133,0.6356950998306274,,35.290016174316406,0.0
