epochs,full_psnr,ssim,lpips,train_psnr,test_psnr
0,8.276649475097656,0.08442395180463791,,8.452445030212402,0.0
500,18.479923248291016,0.2876030206680298,,21.66183090209961,0.0
1000,18.93263053894043,0.30440789461135864,,22.316495895385742,0.0
1500,19.435028076171875,0.3198280334472656,,23.44102668762207,0.0
2000,19.997671127319336,0.35028061270713806,,25.067649841308594,0.0
2500,20.33092498779297,0.36432936787605286,,26.8387393951416,0.0
3000,20.34579849243164,0.34986376762390137,,28.774982452392578,0.0
3500,20.06742286682129,0.3132545053958893,,34.74939727783203,0.0
3999,19.895606994628906,0.297317236661911,,38.86927795410156,0.0
