Epoch,stable_rank_layer_0,effective_rank_layer_0,spectral_norm_layer_0,condition_number_layer_0,stable_rank_layer_1,effective_rank_layer_1,spectral_norm_layer_1,condition_number_layer_1,stable_rank_layer_2,effective_rank_layer_2,spectral_norm_layer_2,condition_number_layer_2,stable_rank_layer_3,effective_rank_layer_3,spectral_norm_layer_3,condition_number_layer_3,stable_rank_layer_4,effective_rank_layer_4,spectral_norm_layer_4,condition_number_layer_4,end_to_end_bound
0,1.8975046873092651,1.9970828294754028,7.2995524406433105,1.0555567741394043,77.90155029296875,182.5568084716797,1.1331151723861694,1073.3970947265625,76.51676940917969,182.2077178955078,1.145174503326416,8785.619140625,75.4579086303711,181.28604125976562,1.1522135734558105,622.5086669921875,1.7212802171707153,2.6389472484588623,0.8755627870559692,1.6786624193191528,1528911.0608679294
500,1.864905834197998,1.9947545528411865,8.012083053588867,1.0752651691436768,78.67643737792969,182.26776123046875,1.127695083618164,460.0292663574219,78.41886138916016,182.20822143554688,1.1065062284469604,727.7994995117188,68.98029327392578,172.24069213867188,1.042850136756897,334.0912780761719,1.0256379842758179,1.1285905838012695,0.7146633267402649,31.85478401184082,1192159.5283804017
1000,1.8610423803329468,1.9944275617599487,8.119057655334473,1.0776748657226562,79.10224914550781,181.99114990234375,1.1263346672058105,497.3385314941406,77.72327423095703,182.0990447998047,1.1127092838287354,744.5787353515625,66.38774108886719,172.84986877441406,1.0893396139144897,467.91754150390625,1.0177254676818848,1.0963958501815796,1.0091334581375122,29.306812286376953,1789726.5209187947
1500,1.8604118824005127,1.9943729639053345,8.12808895111084,1.0780696868896484,78.5953140258789,181.93362426757812,1.1322154998779297,3925.947021484375,77.19371032714844,182.04209899902344,1.1283190250396729,4522.4794921875,63.459571838378906,172.95803833007812,1.2149200439453125,1035.9478759765625,1.0113308429718018,1.0673099756240845,1.3507226705551147,29.49262046813965,2726360.768388858
1999,1.860388159751892,1.9943710565567017,8.127907752990723,1.0780844688415527,78.6135482788086,181.94741821289062,1.1332130432128906,3239.68408203125,77.37764739990234,182.0539093017578,1.1319780349731445,5345.34326171875,62.990142822265625,172.76763916015625,1.2541306018829346,823.7743530273438,1.0106309652328491,1.0641659498214722,1.4388788938522339,28.235200881958008,3010338.4130366924
