epochs,full_psnr,ssim,lpips,train_psnr,test_psnr
0,5.9831719398498535,0.014099025167524815,,6.077077388763428,0.0
500,19.360265731811523,0.4990757405757904,,22.202552795410156,0.0
1000,20.290639877319336,0.5618190765380859,,26.29654312133789,0.0
1500,21.728633880615234,0.5905556082725525,,35.53379821777344,0.0
1999,21.47780418395996,0.563632071018219,,37.24139404296875,0.0
