Epoch,stable_rank_layer_0,effective_rank_layer_0,spectral_norm_layer_0,condition_number_layer_0,stable_rank_layer_1,effective_rank_layer_1,spectral_norm_layer_1,condition_number_layer_1,stable_rank_layer_2,effective_rank_layer_2,spectral_norm_layer_2,condition_number_layer_2,stable_rank_layer_3,effective_rank_layer_3,spectral_norm_layer_3,condition_number_layer_3,stable_rank_layer_4,effective_rank_layer_4,spectral_norm_layer_4,condition_number_layer_4,end_to_end_bound
0,1.8628885746002197,1.9945852756500244,5.186348915100098,1.076521396636963,76.57328796386719,182.1742706298828,0.07012778520584106,3755.82666015625,77.28567504882812,182.4106903076172,0.06983145326375961,312.3164978027344,77.73078918457031,181.45242309570312,0.06914883852005005,765.0013427734375,1.0057600736618042,1.039466142654419,0.9020448923110962,24.62012481689453,inf
500,1.922264575958252,1.998364806175232,7.002543926239014,1.041291356086731,76.67585754394531,178.22116088867188,0.5325126051902771,1327.0047607421875,52.19034957885742,177.2692108154297,0.7952442765235901,1713.182861328125,54.430362701416016,162.9578399658203,0.9189408421516418,11642.9228515625,1.0001951456069946,1.0018892288208008,0.24335314333438873,421.0121765136719,inf
1000,1.8130457401275635,1.989376425743103,8.633869171142578,1.1090281009674072,72.51519775390625,179.07354736328125,0.6459283828735352,593.3936767578125,57.82097244262695,178.6394500732422,0.8489680290222168,912.4990234375,58.273860931396484,168.33218383789062,0.9692198634147644,4232.35400390625,1.0001367330551147,1.001370906829834,0.2488243579864502,513.5233154296875,inf
1500,1.8322283029556274,1.9916213750839233,9.110886573791504,1.0961720943450928,72.5817642211914,179.34365844726562,0.6711699962615967,738.3155517578125,59.18269729614258,179.1996307373047,0.8635373711585999,5513.93115234375,59.1783332824707,169.25990295410156,0.9824905395507812,29139.46875,1.000084400177002,1.0008835792541504,0.24486133456230164,825.052734375,inf
1999,1.833440899848938,1.9917528629302979,9.100072860717773,1.0953744649887085,72.94686126708984,179.33596801757812,0.6705915927886963,3257.0078125,59.38044738769531,179.2599639892578,0.8636116981506348,557.3118896484375,59.260318756103516,169.27651977539062,0.9828206896781921,62584.96484375,1.000059723854065,1.000644326210022,0.24295201897621155,1346.6866455078125,inf
