epochs,full_psnr,ssim,lpips,train_psnr,test_psnr
0,8.3284912109375,0.08989457041025162,,8.506970405578613,0.0
500,12.53307819366455,0.21299143135547638,,13.014639854431152,0.0
1000,12.534937858581543,0.2159232646226883,,13.01705265045166,0.0
1500,12.5370454788208,0.2193196415901184,,13.019725799560547,0.0
1999,12.537642478942871,0.2204771786928177,,13.043153762817383,0.0
