epochs,full_psnr,ssim,lpips,train_psnr,test_psnr
0,9.593360900878906,0.3590947091579437,,9.871161460876465,0.0
500,14.016667366027832,0.42377471923828125,,14.831871032714844,0.0
1000,15.596484184265137,0.4427500069141388,,16.830076217651367,0.0
1500,16.387666702270508,0.4556433856487274,,17.914018630981445,0.0
2000,16.94292449951172,0.46576741337776184,,18.749561309814453,0.0
2500,17.397184371948242,0.4755931794643402,,19.43792724609375,0.0
3000,17.663442611694336,0.48153409361839294,,19.884342193603516,0.0
3500,17.7905330657959,0.4844558537006378,,20.101232528686523,0.0
3999,17.812057495117188,0.4849506914615631,,20.13909912109375,0.0
