Epoch,stable_rank_layer_0,effective_rank_layer_0,spectral_norm_layer_0,condition_number_layer_0,stable_rank_layer_1,effective_rank_layer_1,spectral_norm_layer_1,condition_number_layer_1,stable_rank_layer_2,effective_rank_layer_2,spectral_norm_layer_2,condition_number_layer_2,stable_rank_layer_3,effective_rank_layer_3,spectral_norm_layer_3,condition_number_layer_3,stable_rank_layer_4,effective_rank_layer_4,spectral_norm_layer_4,condition_number_layer_4,end_to_end_bound
0,1.8878896236419678,1.9964746236801147,7.3239898681640625,1.0612568855285645,77.87120056152344,182.5545196533203,1.1333454847335815,962.9954833984375,76.5120620727539,182.20623779296875,1.1451796293258667,9605.041015625,75.46369934082031,181.29364013671875,1.152564287185669,718.180908203125,1.8008986711502075,2.703644037246704,0.6760607361793518,1.6258450746536255,1185098.7032887007
500,1.864751935005188,1.9947420358657837,8.060928344726562,1.0753607749938965,78.81492614746094,182.19815063476562,1.1345313787460327,1140.8017578125,74.53743743896484,180.93099975585938,1.1431331634521484,595.933349609375,59.71938705444336,170.92076110839844,1.2145065069198608,705.561279296875,1.231341004371643,1.7460198402404785,0.6058515310287476,5.667590618133545,1230791.349749669
1000,1.8625702857971191,1.9945582151412964,8.137986183166504,1.076719880104065,78.73942565917969,181.8031005859375,1.1370810270309448,2373.53662109375,74.09195709228516,180.65403747558594,1.1583224534988403,485.5590515136719,62.70926284790039,169.10565185546875,1.2900373935699463,1485.2896728515625,1.172132134437561,1.6208776235580444,0.7907567620277405,5.934960842132568,1749456.0333992168
1500,1.8624554872512817,1.9945486783981323,8.137139320373535,1.0767916440963745,78.40271759033203,181.73011779785156,1.1430256366729736,8296.5087890625,74.00810241699219,180.52828979492188,1.1722618341445923,1125.2626953125,62.2719841003418,167.04022216796875,1.4120844602584839,668.0469970703125,1.1384153366088867,1.5290309190750122,0.9600831270217896,6.606259822845459,2365058.2540764078
1999,1.862448811531067,1.9945478439331055,8.136885643005371,1.0767956972122192,78.33454132080078,181.74867248535156,1.1454498767852783,4127.1484375,74.22144317626953,180.49929809570312,1.1757760047912598,1425.5457763671875,61.84030532836914,166.56045532226562,1.4486595392227173,629.8114624023438,1.1316124200820923,1.509102702140808,1.002017855644226,6.793839931488037,2545192.6997313094
