Epoch,stable_rank_layer_0,effective_rank_layer_0,spectral_norm_layer_0,condition_number_layer_0,stable_rank_layer_1,effective_rank_layer_1,spectral_norm_layer_1,condition_number_layer_1,stable_rank_layer_2,effective_rank_layer_2,spectral_norm_layer_2,condition_number_layer_2,stable_rank_layer_3,effective_rank_layer_3,spectral_norm_layer_3,condition_number_layer_3,stable_rank_layer_4,effective_rank_layer_4,spectral_norm_layer_4,condition_number_layer_4,end_to_end_bound
0,1.8878896236419678,1.9964746236801147,7.3239898681640625,1.0612568855285645,77.86943054199219,182.55348205566406,1.1333627700805664,923.8128662109375,76.51216888427734,182.2065887451172,1.145183801651001,11488.673828125,75.46491241455078,181.29139709472656,1.1525431871414185,732.7404174804688,1.8008986711502075,2.703644037246704,0.6760607361793518,1.6258450746536255,1185099.3997239675
500,1.8370012044906616,1.9921320676803589,8.107128143310547,1.0930423736572266,78.7623291015625,182.3505096435547,1.1367700099945068,2847.26025390625,74.67163848876953,180.71917724609375,1.150730848312378,243.87991333007812,66.4134292602539,170.16041564941406,1.165780782699585,17597.71484375,1.2033939361572266,1.6915346384048462,0.6320033073425293,5.733781814575195,1250171.5930912695
1000,1.8343054056167603,1.9918458461761475,8.182093620300293,1.0948067903518677,78.49232482910156,182.0006103515625,1.142149567604065,452.4838562011719,74.65975189208984,180.04379272460938,1.1665056943893433,1250.0498046875,65.01669311523438,168.22706604003906,1.2845571041107178,854.16064453125,1.1447885036468506,1.5537729263305664,0.8154844641685486,6.067574977874756,1827104.456637371
1500,1.8342136144638062,1.9918360710144043,8.179490089416504,1.0948669910430908,78.48483276367188,181.9213104248047,1.1475690603256226,1226.658935546875,74.0913314819336,179.9651641845703,1.1880887746810913,375.48480224609375,64.61201477050781,166.5279083251953,1.412043571472168,13556.4033203125,1.1112220287322998,1.4537086486816406,0.9835820198059082,6.857672214508057,2478178.6751659787
1999,1.8341460227966309,1.9918286800384521,8.179049491882324,1.0949113368988037,78.41996765136719,181.96530151367188,1.1502844095230103,419.5403747558594,74.24480438232422,179.98609924316406,1.193076491355896,509.66485595703125,64.59280395507812,166.04429626464844,1.4457927942276,2253.34423828125,1.10562264919281,1.4361300468444824,1.0231966972351074,7.0125732421875,2656816.295089438
