epochs,full_psnr,ssim,lpips,train_psnr,test_psnr
0,10.97623348236084,0.030434250831604004,,11.203608512878418,0.0
500,22.99762535095215,0.5306792259216309,,30.06067657470703,0.0
1000,23.5642147064209,0.5664889216423035,,33.24150848388672,0.0
1500,23.603479385375977,0.5643022656440735,,39.42149353027344,0.0
1999,23.57794952392578,0.5591718554496765,,40.09783172607422,0.0
