epochs,full_psnr,ssim,lpips,train_psnr,test_psnr
0,6.907624244689941,0.2830864489078522,,7.019678115844727,0.0
500,17.614633560180664,0.29225781559944153,,19.82358169555664,0.0
1000,19.17913246154785,0.3683757781982422,,22.300813674926758,0.0
1500,19.755279541015625,0.40814831852912903,,23.29339027404785,0.0
2000,20.358203887939453,0.450024276971817,,24.71187400817871,0.0
2500,21.248477935791016,0.488692045211792,,28.874710083007812,0.0
2999,21.143749237060547,0.44237616658210754,,34.94297409057617,0.0
