Epoch,stable_rank_layer_0,effective_rank_layer_0,spectral_norm_layer_0,condition_number_layer_0,stable_rank_layer_1,effective_rank_layer_1,spectral_norm_layer_1,condition_number_layer_1,stable_rank_layer_2,effective_rank_layer_2,spectral_norm_layer_2,condition_number_layer_2,stable_rank_layer_3,effective_rank_layer_3,spectral_norm_layer_3,condition_number_layer_3,stable_rank_layer_4,effective_rank_layer_4,spectral_norm_layer_4,condition_number_layer_4,end_to_end_bound
0,1.8823206424713135,1.9960929155349731,7.337747573852539,1.0646008253097534,77.8808364868164,182.55078125,1.1332666873931885,1067.05615234375,76.52690887451172,182.20944213867188,1.1451284885406494,4111.6259765625,75.48281860351562,181.28335571289062,1.1518007516860962,610.429443359375,1.8435791730880737,2.732426404953003,0.916138231754303,1.6066216230392456,10.048181574658226
500,1.8581502437591553,1.9941750764846802,17.72815704345703,1.0794893503189087,63.80959701538086,169.0320587158203,1.583470344543457,3541.57373046875,64.88141632080078,168.2251434326172,1.5656510591506958,1037.135498046875,57.04259490966797,169.90016174316406,1.5630964040756226,3133.105712890625,1.5875933170318604,2.221872568130493,9.88941478729248,3.6922006607055664,679.3989280269163
1000,1.8631798028945923,1.9946098327636719,19.937562942504883,1.0763397216796875,63.75318145751953,157.08506774902344,2.3517541885375977,103149.359375,61.929351806640625,154.11244201660156,2.342292547225952,10764.4306640625,47.16169357299805,143.97323608398438,2.207463502883911,1214.3900146484375,1.5092743635177612,2.2464065551757812,12.253907203674316,3.11391282081604,2970.7988921556234
1500,1.8649230003356934,1.9947559833526611,21.051807403564453,1.0752544403076172,63.76842498779297,152.83367919921875,3.094817638397217,956.6678466796875,58.87968444824219,148.13629150390625,3.1136057376861572,1146.5057373046875,43.532257080078125,129.25877380371094,2.764345407485962,7483.3857421875,1.483070969581604,2.2685482501983643,13.368144989013672,2.7998387813568115,7496.378824401988
1999,1.8660526275634766,1.994849681854248,21.499113082885742,1.0745530128479004,62.87394332885742,151.22052001953125,3.481597423553467,31565.49609375,58.16569519042969,145.77902221679688,3.490251064300537,1266.043212890625,42.26212692260742,122.96047973632812,3.08951735496521,13559.9052734375,1.4603999853134155,2.24873685836792,14.902711868286133,2.781926393508911,12028.50653545952
