epochs,full_psnr,ssim,lpips,train_psnr,test_psnr
0,11.019577026367188,0.35316410660743713,,11.171584129333496,0.0
500,16.872756958007812,0.4159172475337982,,17.49524688720703,0.0
1000,18.539424896240234,0.44155487418174744,,19.509056091308594,0.0
1500,19.700233459472656,0.45904669165611267,,20.98980712890625,0.0
1999,20.55548858642578,0.48083987832069397,,22.217214584350586,0.0
