Epoch,stable_rank_layer_0,effective_rank_layer_0,spectral_norm_layer_0,condition_number_layer_0,stable_rank_layer_1,effective_rank_layer_1,spectral_norm_layer_1,condition_number_layer_1,stable_rank_layer_2,effective_rank_layer_2,spectral_norm_layer_2,condition_number_layer_2,stable_rank_layer_3,effective_rank_layer_3,spectral_norm_layer_3,condition_number_layer_3,stable_rank_layer_4,effective_rank_layer_4,spectral_norm_layer_4,condition_number_layer_4,end_to_end_bound
0,1.8579224348068237,1.994154930114746,5.217366695404053,1.0796326398849487,76.38289642333984,182.27801513671875,0.07027068734169006,247.60504150390625,77.58634185791016,182.59536743164062,0.06969080120325089,575.08447265625,77.53697967529297,181.5326690673828,0.06926526874303818,890.374267578125,1.0032005310058594,1.0240147113800049,0.9032908082008362,25.52188491821289,4092.456768679501
500,1.9379781484603882,1.9989758729934692,6.056066513061523,1.0325323343276978,38.19830322265625,152.6505889892578,0.4930904507637024,404.3756408691406,31.492816925048828,163.03298950195312,0.7246630787849426,4039.15673828125,53.03382110595703,159.9761962890625,1.0855180025100708,13344.251953125,1.043076992034912,1.2045495510101318,0.37898531556129456,14.72253131866455,2279044.166185048
1000,1.9383341073989868,1.9989879131317139,6.0546793937683105,1.0323363542556763,42.54009246826172,149.0042724609375,0.5052658915519714,1929.18994140625,37.619537353515625,163.4016876220703,0.629180908203125,1834.130126953125,59.143863677978516,167.06851196289062,1.1655322313308716,74332.3359375,1.0734275579452515,1.343245029449463,0.3819076120853424,5.946020603179932,2193356.5557265664
1500,1.9383800029754639,1.998989462852478,6.055016040802002,1.0323110818862915,50.380226135253906,144.68704223632812,0.507744550704956,1200.1773681640625,42.10624313354492,162.5379180908203,0.581059992313385,952.832763671875,65.07355499267578,169.9991912841797,1.2548366785049438,443574.8125,1.079677700996399,1.3644617795944214,0.3847185969352722,6.057391166687012,2207760.165591685
1999,1.938515305519104,1.9989941120147705,6.055386543273926,1.0322368144989014,51.15304183959961,143.089111328125,0.5163677930831909,2920.588623046875,42.18993377685547,162.07017517089844,0.5848097205162048,3529.220947265625,65.91618347167969,170.32098388671875,1.2807464599609375,61156.1640625,1.088975429534912,1.3990695476531982,0.3855932652950287,5.668015956878662,2311788.8786555156
