epochs,full_psnr,ssim,lpips,train_psnr,test_psnr
0,6.216129779815674,0.5411591529846191,,6.241817474365234,0.0
500,26.437397003173828,0.7561758160591125,,31.111644744873047,0.0
1000,27.144147872924805,0.7866408824920654,,32.616214752197266,0.0
1500,27.647228240966797,0.8177555203437805,,35.75114059448242,0.0
1999,28.232633590698242,0.8335441946983337,,46.38395690917969,0.0
