epochs,full_psnr,ssim,lpips,train_psnr,test_psnr
0,5.472500801086426,0.16500221192836761,,5.561900615692139,0.0
500,18.3818416595459,0.3081454038619995,,21.100765228271484,0.0
1000,19.615129470825195,0.3299761116504669,,23.82062530517578,0.0
1500,20.072620391845703,0.34001314640045166,,26.186912536621094,0.0
2000,20.183134078979492,0.3275665044784546,,30.26897621154785,0.0
2500,19.759653091430664,0.29218554496765137,,33.885833740234375,0.0
2999,19.67512321472168,0.28312888741493225,,38.758827209472656,0.0
