epochs,full_psnr,ssim,lpips,train_psnr,test_psnr
0,12.351283073425293,0.22060070931911469,,12.812341690063477,0.0
500,17.736509323120117,0.29169076681137085,,19.5975399017334,0.0
1000,18.725730895996094,0.2997434735298157,,21.239641189575195,0.0
1500,19.176734924316406,0.30938607454299927,,22.097469329833984,0.0
2000,19.44344139099121,0.3172411620616913,,22.629013061523438,0.0
2500,19.571287155151367,0.3213776648044586,,22.904735565185547,0.0
2999,19.59349822998047,0.32227623462677,,22.954307556152344,0.0
