epochs,full_psnr,ssim,lpips,train_psnr,test_psnr
0,9.005669593811035,0.005985563155263662,,9.072075843811035,0.0
500,18.654327392578125,0.19945837557315826,,27.816848754882812,0.0
1000,18.43308448791504,0.18996162712574005,,28.71689224243164,0.0
1500,17.954387664794922,0.17220042645931244,,30.628530502319336,0.0
2000,17.423336029052734,0.1541440635919571,,31.97235107421875,0.0
2500,17.26300811767578,0.14890874922275543,,32.15279006958008,0.0
2999,17.23694610595703,0.1480720490217209,,32.18275833129883,0.0
