epochs,full_psnr,ssim,lpips,train_psnr,test_psnr
0,12.351283073425293,0.22060070931911469,,12.812341690063477,0.0
500,17.78388786315918,0.2876559793949127,,19.67963218688965,0.0
1000,18.736454010009766,0.3019384443759918,,21.22881317138672,0.0
1500,8.46842098236084,0.21178336441516876,,8.644977569580078,0.0
2000,17.93592071533203,0.28727516531944275,,19.91684341430664,0.0
2500,18.72661781311035,0.2978936433792114,,21.24000358581543,0.0
3000,19.10545539855957,0.30667439103126526,,21.939682006835938,0.0
3500,19.38471794128418,0.3144828975200653,,22.504493713378906,0.0
3999,19.545957565307617,0.319438099861145,,22.84986114501953,0.0
