epochs,full_psnr,ssim,lpips,train_psnr,test_psnr
0,14.001285552978516,0.6017675399780273,,14.12379264831543,0.0
500,17.674652099609375,0.6658654808998108,,17.959651947021484,0.0
1000,19.383312225341797,0.7007923126220703,,19.82333755493164,0.0
1500,20.336076736450195,0.7114920616149902,,20.885818481445312,0.0
2000,21.125385284423828,0.718120276927948,,21.809497833251953,0.0
2500,21.913707733154297,0.7255652546882629,,22.748977661132812,0.0
3000,22.509023666381836,0.738044023513794,,23.50845718383789,0.0
3500,22.796314239501953,0.7440662384033203,,23.87021255493164,0.0
3999,22.849769592285156,0.7448014616966248,,23.93977928161621,0.0
