epochs,full_psnr,ssim,lpips,train_psnr,test_psnr
0,5.983178615570068,0.01567581295967102,,6.103267669677734,0.0
500,19.756664276123047,0.53107088804245,,24.151649475097656,0.0
1000,19.471820831298828,0.5369651913642883,,24.822673797607422,0.0
1500,19.534423828125,0.5419391989707947,,25.53093719482422,0.0
2000,20.843097686767578,0.5791163444519043,,30.83550453186035,0.0
2500,21.314544677734375,0.5831330418586731,,35.035888671875,0.0
3000,21.407302856445312,0.5660901665687561,,38.10979461669922,0.0
3500,21.294322967529297,0.5439860224723816,,39.17656326293945,0.0
3999,21.26761245727539,0.5388314127922058,,39.333045959472656,0.0
