epochs,full_psnr,ssim,lpips,train_psnr,test_psnr
0,11.01961898803711,0.35316500067710876,,11.17162799835205,0.0
500,16.850704193115234,0.4079354703426361,,17.462926864624023,0.0
1000,18.512187957763672,0.43762147426605225,,19.483030319213867,0.0
1500,19.474658966064453,0.45760810375213623,,20.724714279174805,0.0
2000,20.110380172729492,0.4701102674007416,,21.57677459716797,0.0
2500,20.404603958129883,0.47791075706481934,,22.003822326660156,0.0
2999,20.455307006835938,0.4789031445980072,,22.07761573791504,0.0
