Epoch,stable_rank_layer_0,effective_rank_layer_0,spectral_norm_layer_0,condition_number_layer_0,stable_rank_layer_1,effective_rank_layer_1,spectral_norm_layer_1,condition_number_layer_1,stable_rank_layer_2,effective_rank_layer_2,spectral_norm_layer_2,condition_number_layer_2,stable_rank_layer_3,effective_rank_layer_3,spectral_norm_layer_3,condition_number_layer_3,stable_rank_layer_4,effective_rank_layer_4,spectral_norm_layer_4,condition_number_layer_4,end_to_end_bound
0,1.8454177379608154,1.9929873943328857,5.205366611480713,1.087587833404541,76.32125091552734,182.10321044921875,0.07029261440038681,453.9518127441406,77.139892578125,182.44888305664062,0.0699494481086731,487.6574401855469,77.87005615234375,181.24014282226562,0.06909296661615372,1481.4825439453125,1.003196120262146,1.0239859819412231,0.9033270478248596,25.50893783569336,inf
500,1.8903535604476929,1.9966366291046143,7.480319499969482,1.059787392616272,81.20626831054688,186.64723205566406,0.5929918885231018,374.4656066894531,66.57937622070312,195.6414794921875,0.8133659958839417,925.2913208007812,68.36041259765625,190.244140625,0.9730864763259888,65755.8125,1.000013828277588,1.000176191329956,0.4222263693809509,620.960693359375,inf
1000,1.732448697090149,1.9761967658996582,9.119705200195312,1.1684534549713135,79.244384765625,184.3137664794922,0.6956207156181335,28675.111328125,71.58247375488281,190.9397430419922,0.8676782250404358,12061.6630859375,69.77948760986328,187.951904296875,1.0275572538375854,13169.2734375,1.000009298324585,1.0001220703125,0.4319877624511719,755.13720703125,inf
1500,1.7078601121902466,1.9708105325698853,9.746994018554688,1.188574194908142,78.33045196533203,183.80841064453125,0.7204514145851135,559.3825073242188,71.64203643798828,189.8221435546875,0.8849999904632568,820.926025390625,71.01038360595703,187.5430450439453,1.033210039138794,18940.4375,1.0000077486038208,1.0001027584075928,0.4312143921852112,819.8203125,inf
1999,1.7040456533432007,1.9699113368988037,9.782652854919434,1.1917896270751953,78.17977905273438,183.7549591064453,0.7218634486198425,768.5208129882812,71.64006042480469,189.79824829101562,0.8859236836433411,528.1918334960938,70.92334747314453,187.5734405517578,1.0344032049179077,23149.646484375,1.000007152557373,1.0000948905944824,0.42944270372390747,847.5494384765625,inf
