epochs,full_psnr,ssim,lpips,train_psnr,test_psnr
0,6.188687801361084,0.11140879988670349,,6.285294532775879,0.0
500,13.116631507873535,0.31774887442588806,,13.628894805908203,0.0
1000,13.120088577270508,0.326077938079834,,13.632173538208008,0.0
1500,13.123336791992188,0.3337869346141815,,13.635147094726562,0.0
1999,13.124113082885742,0.33624473214149475,,13.651273727416992,0.0
