epochs,full_psnr,ssim,lpips,train_psnr,test_psnr
0,13.180464744567871,0.2541394531726837,,13.35722541809082,0.0
500,19.92905044555664,0.37724414467811584,,20.84206771850586,0.0
1000,21.15495491027832,0.39380958676338196,,22.442829132080078,0.0
1500,21.726530075073242,0.4115026891231537,,23.2674617767334,0.0
2000,22.0273380279541,0.41868138313293457,,23.708202362060547,0.0
2500,19.79363250732422,0.3654492199420929,,20.67622947692871,0.0
3000,21.047401428222656,0.39227867126464844,,22.27654457092285,0.0
3500,21.640933990478516,0.40617552399635315,,23.08561134338379,0.0
3999,21.93746566772461,0.41438308358192444,,23.515445709228516,0.0
