Epoch,stable_rank_layer_0,effective_rank_layer_0,spectral_norm_layer_0,condition_number_layer_0,stable_rank_layer_1,effective_rank_layer_1,spectral_norm_layer_1,condition_number_layer_1,stable_rank_layer_2,effective_rank_layer_2,spectral_norm_layer_2,condition_number_layer_2,stable_rank_layer_3,effective_rank_layer_3,spectral_norm_layer_3,condition_number_layer_3,stable_rank_layer_4,effective_rank_layer_4,spectral_norm_layer_4,condition_number_layer_4,end_to_end_bound
0,1.8830918073654175,1.9961469173431396,7.339481353759766,1.0641359090805054,77.86790466308594,182.5506134033203,1.1333616971969604,1129.23388671875,76.5284423828125,182.207275390625,1.1451005935668945,4718.2255859375,75.47760009765625,181.28292846679688,1.151833176612854,586.7307739257812,1.8434152603149414,2.7323853969573975,0.9159573316574097,1.6061547994613647,10.049451747361758
500,1.7808984518051147,1.9848830699920654,18.696922302246094,1.1316254138946533,70.95708465576172,176.15188598632812,1.6244713068008423,860.5614013671875,64.99671936035156,172.4717254638672,1.6562944650650024,605.8689575195312,59.14876937866211,172.3470916748047,1.569787621498108,1251.696044921875,1.1015625,1.4186925888061523,8.701946258544922,7.593847274780273,687.1902920516594
1000,1.7974395751953125,1.9873135089874268,21.939531326293945,1.119827389717102,70.87448120117188,165.82456970214844,2.344470500946045,20173.130859375,64.2654800415039,158.73936462402344,2.3595926761627197,4643.546875,47.23947525024414,149.03688049316406,2.208613395690918,4381.36328125,1.0519211292266846,1.248871922492981,12.030220031738281,9.48963451385498,3224.7973674634186
1500,1.805640697479248,1.9884246587753296,23.580081939697266,1.1141130924224854,65.25678253173828,155.7655792236328,3.05238938331604,1722.5430908203125,62.63539123535156,149.827880859375,2.9645025730133057,960.8787231445312,43.076171875,133.84466552734375,2.733914613723755,6699.330078125,1.0610108375549316,1.2737174034118652,13.760944366455078,11.355537414550781,8027.314185429496
1999,1.8046766519546509,1.9882972240447998,24.127403259277344,1.114780306816101,64.86457824707031,152.77342224121094,3.363788604736328,942.2269287109375,60.78537368774414,146.75489807128906,3.3013851642608643,1101.1083984375,40.85023498535156,126.9425048828125,3.060633897781372,976.9612426757812,1.0646908283233643,1.284764289855957,14.514418601989746,11.659571647644043,11902.727784396022
