epochs,full_psnr,ssim,lpips,train_psnr,test_psnr
0,13.667302131652832,0.4598264694213867,,13.969968795776367,0.0
500,17.80960464477539,0.51233971118927,,18.648685455322266,0.0
1000,19.805795669555664,0.5346888899803162,,21.20838165283203,0.0
1500,21.11762809753418,0.5585330128669739,,23.184995651245117,0.0
1999,21.938657760620117,0.5723825097084045,,24.59588623046875,0.0
