epochs,full_psnr,ssim,lpips,train_psnr,test_psnr
0,9.757268905639648,0.1106753870844841,,9.840041160583496,0.0
500,21.729394912719727,0.42455148696899414,,23.795494079589844,0.0
1000,22.51070785522461,0.46572718024253845,,24.8410701751709,0.0
1500,23.22826385498047,0.4999716579914093,,26.019729614257812,0.0
2000,23.65294647216797,0.5198637247085571,,26.97235870361328,0.0
2500,23.98169708251953,0.5262936353683472,,28.386106491088867,0.0
3000,23.990983963012695,0.5113319158554077,,30.41042709350586,0.0
3500,23.445194244384766,0.4554709494113922,,35.2653923034668,0.0
3999,23.180971145629883,0.4315793812274933,,38.958900451660156,0.0
