epochs,full_psnr,ssim,lpips,train_psnr,test_psnr
0,11.209545135498047,0.02853236347436905,,11.32156753540039,0.0
500,23.819400787353516,0.5238762497901917,,25.659168243408203,0.0
1000,24.25032615661621,0.5597801208496094,,27.843599319458008,0.0
1500,23.526809692382812,0.5343495011329651,,27.38823127746582,0.0
2000,25.265806198120117,0.6175915598869324,,31.331979751586914,0.0
2500,25.537412643432617,0.6262423396110535,,33.47181701660156,0.0
3000,25.638065338134766,0.6200900673866272,,35.49839401245117,0.0
3500,25.35841941833496,0.5985977649688721,,36.29013442993164,0.0
3999,25.29842185974121,0.5941435694694519,,36.401554107666016,0.0
