epochs,full_psnr,ssim,lpips,train_psnr,test_psnr
0,6.692741394042969,0.28251904249191284,,6.798619747161865,0.0
500,20.954875946044922,0.4931929409503937,,26.310688018798828,0.0
1000,21.049020767211914,0.5070497393608093,,26.940597534179688,0.0
1500,21.27173614501953,0.5204477906227112,,26.81885528564453,0.0
2000,21.157859802246094,0.5150383710861206,,26.133005142211914,0.0
2500,21.06170654296875,0.518904447555542,,26.067302703857422,0.0
3000,20.674846649169922,0.5163243412971497,,26.272319793701172,0.0
3500,22.194446563720703,0.5923576354980469,,32.791629791259766,0.0
3999,22.216665267944336,0.581965982913971,,38.460487365722656,0.0
