epochs,full_psnr,ssim,lpips,train_psnr,test_psnr
0,6.756554126739502,0.015894075855612755,,6.807634353637695,0.0
500,22.846336364746094,0.5567875504493713,,26.35836410522461,0.0
1000,21.73242950439453,0.544030487537384,,25.09160804748535,0.0
1500,23.444503784179688,0.5977391004562378,,25.975372314453125,0.0
2000,23.492944717407227,0.5971753597259521,,26.502058029174805,0.0
2500,24.136838912963867,0.6267462372779846,,31.96728515625,0.0
2999,24.573972702026367,0.6055245399475098,,38.58531951904297,0.0
