epochs,full_psnr,ssim,lpips,train_psnr,test_psnr
0,13.506340026855469,0.360432893037796,,13.93431568145752,0.0
500,20.516151428222656,0.4592246115207672,,23.283477783203125,0.0
1000,14.197144508361816,0.37424877285957336,,14.699701309204102,0.0
1500,20.62066650390625,0.4612550437450409,,23.500564575195312,0.0
1999,21.08608055114746,0.46667972207069397,,24.452022552490234,0.0
