epochs,full_psnr,ssim,lpips,train_psnr,test_psnr
0,9.200697898864746,0.021255267783999443,,9.410354614257812,0.0
500,20.293493270874023,0.3867438733577728,,25.5705623626709,0.0
1000,20.458820343017578,0.40153852105140686,,24.77704620361328,0.0
1500,20.691612243652344,0.4166572391986847,,26.1253662109375,0.0
2000,20.77197265625,0.41714394092559814,,25.20218849182129,0.0
2500,20.62993049621582,0.40838369727134705,,26.695858001708984,0.0
3000,21.599544525146484,0.4689488708972931,,27.652446746826172,0.0
3500,21.81196403503418,0.488122820854187,,32.31023406982422,0.0
3999,21.70242691040039,0.47594428062438965,,36.946048736572266,0.0
