Epoch,stable_rank_layer_0,effective_rank_layer_0,spectral_norm_layer_0,condition_number_layer_0,stable_rank_layer_1,effective_rank_layer_1,spectral_norm_layer_1,condition_number_layer_1,stable_rank_layer_2,effective_rank_layer_2,spectral_norm_layer_2,condition_number_layer_2,stable_rank_layer_3,effective_rank_layer_3,spectral_norm_layer_3,condition_number_layer_3,stable_rank_layer_4,effective_rank_layer_4,spectral_norm_layer_4,condition_number_layer_4,end_to_end_bound
0,1.8972585201263428,1.997068166732788,7.288285732269287,1.0557016134262085,77.88072967529297,182.55801391601562,1.1332734823226929,988.6148681640625,76.52877044677734,182.21136474609375,1.1450743675231934,9752.3095703125,75.45626831054688,181.2898406982422,1.1523988246917725,680.8187255859375,1.722412347793579,2.6400411128997803,0.8748616576194763,1.6736418008804321,1525653.7572654963
500,1.8954365253448486,1.996957540512085,7.924100875854492,1.0567752122879028,76.37903594970703,182.1914520263672,1.1467252969741821,1821.9259033203125,77.39280700683594,181.06349182128906,1.1012424230575562,6223.369140625,56.826725006103516,167.04795837402344,1.0961906909942627,728.3111572265625,1.9432939291000366,2.619873285293579,0.7043761610984802,2.0790534019470215,1236240.774696804
1000,1.8950378894805908,1.996932864189148,7.986237049102783,1.0570104122161865,75.86515045166016,181.86753845214844,1.1539759635925293,3530.32763671875,77.28834533691406,180.78509521484375,1.1044750213623047,473.46527099609375,54.99339294433594,164.90390014648438,1.1698665618896484,1125.3126220703125,1.838071346282959,2.5652425289154053,0.8623701930046082,2.2162818908691406,1643027.7771735692
1500,1.8951497077941895,1.996939778327942,7.986464500427246,1.056944489479065,76.10086822509766,181.77200317382812,1.1550418138504028,684.7820434570312,76.59514617919922,180.56300354003906,1.1198906898498535,1257.626220703125,55.29568099975586,163.23268127441406,1.2819551229476929,929.5966186523438,1.6774386167526245,2.47432017326355,1.0450177192687988,2.382838249206543,2214340.307176959
1999,1.8951756954193115,1.9969414472579956,7.985948085784912,1.056929111480713,76.29402923583984,181.76211547851562,1.1551331281661987,1148.077880859375,76.51344299316406,180.4680633544922,1.1254000663757324,26526.341796875,55.414424896240234,162.7617645263672,1.315004587173462,1299.9832763671875,1.6326613426208496,2.43849778175354,1.1002432107925415,2.4457406997680664,2403263.5858960003
