epochs,full_psnr,ssim,lpips,train_psnr,test_psnr
0,9.493304252624512,0.18130910396575928,,9.659489631652832,0.0
500,19.467241287231445,0.29779520630836487,,21.89240264892578,0.0
1000,21.18315887451172,0.37771153450012207,,24.82640838623047,0.0
1500,21.55014991760254,0.4175790846347809,,25.520767211914062,0.0
2000,14.726067543029785,0.36675599217414856,,15.304255485534668,0.0
2500,14.730048179626465,0.3757128417491913,,15.308541297912598,0.0
2999,14.731233596801758,0.3784724175930023,,15.309477806091309,0.0
