epochs,full_psnr,ssim,lpips,train_psnr,test_psnr
0,9.265159606933594,0.3031007945537567,,9.361082077026367,0.0
500,23.528793334960938,0.607435941696167,,28.521825790405273,0.0
1000,24.33382797241211,0.6366538405418396,,29.793991088867188,0.0
1500,24.38920783996582,0.6444796919822693,,30.967435836791992,0.0
2000,24.74099349975586,0.6560987234115601,,33.49169921875,0.0
2500,24.990028381347656,0.6645330190658569,,36.89412307739258,0.0
3000,24.952524185180664,0.6531338095664978,,40.66870880126953,0.0
3500,24.876235961914062,0.6358444094657898,,43.77031707763672,0.0
3999,24.841354370117188,0.6306911110877991,,44.28515625,0.0
