epochs,full_psnr,ssim,lpips,train_psnr,test_psnr
0,4.36135196685791,0.16086429357528687,,4.386353015899658,0.0
500,23.82498550415039,0.5498223304748535,,26.91405487060547,0.0
1000,24.146936416625977,0.5673947334289551,,27.33478355407715,0.0
1500,24.16104507446289,0.5693036913871765,,27.54631233215332,0.0
2000,24.122150421142578,0.572096049785614,,27.45326042175293,0.0
2500,24.164039611816406,0.5744975805282593,,27.472543716430664,0.0
3000,25.1187686920166,0.6206598877906799,,29.690448760986328,0.0
3500,26.1105899810791,0.6724069118499756,,33.39629364013672,0.0
3999,26.237823486328125,0.6675224304199219,,37.6815185546875,0.0
