Epoch,stable_rank_layer_0,effective_rank_layer_0,spectral_norm_layer_0,condition_number_layer_0,stable_rank_layer_1,effective_rank_layer_1,spectral_norm_layer_1,condition_number_layer_1,stable_rank_layer_2,effective_rank_layer_2,spectral_norm_layer_2,condition_number_layer_2,stable_rank_layer_3,effective_rank_layer_3,spectral_norm_layer_3,condition_number_layer_3,stable_rank_layer_4,effective_rank_layer_4,spectral_norm_layer_4,condition_number_layer_4,end_to_end_bound
0,1.8823206424713135,1.9960929155349731,7.337747573852539,1.0646008253097534,77.8857421875,182.54920959472656,1.133237361907959,998.9500732421875,76.52564239501953,182.20779418945312,1.1451382637023926,3872.3740234375,75.48593139648438,181.2827606201172,1.1517798900604248,587.3936157226562,1.8435791730880737,2.732426404953003,0.916138231754303,1.6066216230392456,10.04782533910817
500,1.8694849014282227,1.9951282739639282,17.51479148864746,1.0724300146102905,67.10428619384766,172.34075927734375,1.5922164916992188,1901.91845703125,68.0457763671875,170.85362243652344,1.5586707592010498,1156.3751220703125,62.4649772644043,172.00718688964844,1.4827030897140503,609.9012451171875,1.5644686222076416,2.1646432876586914,7.594691276550293,4.180438041687012,489.4696797231084
1000,1.8914134502410889,1.9967050552368164,19.40900230407715,1.0591572523117065,63.57218933105469,162.6633758544922,2.1526899337768555,1090.5867919921875,60.96345520019531,159.4226531982422,2.1573989391326904,1282.3052978515625,50.54035568237305,153.8352813720703,1.9601733684539795,8513.4375,1.938517451286316,2.3461227416992188,9.05650806427002,3.2228009700775146,1600.185810559191
1500,1.897863507270813,1.997104525566101,20.031282424926758,1.0553457736968994,63.80148696899414,160.26535034179688,2.422152519226074,3352.103271484375,59.94829559326172,156.51235961914062,2.4503262042999268,1163.3074951171875,46.99515914916992,145.12144470214844,2.230792999267578,766.4862060546875,1.9718139171600342,2.4084198474884033,10.314878463745117,2.8663570880889893,2735.6311060983926
1999,1.89911949634552,1.9971789121627808,20.14813995361328,1.0546085834503174,63.717018127441406,159.9994659423828,2.4713799953460693,3470951.0,59.758209228515625,156.10360717773438,2.504032850265503,1335.899658203125,46.65858459472656,143.6728515625,2.2789883613586426,708.3367309570312,1.9144165515899658,2.401759624481201,10.913590431213379,2.9065768718719482,3101.1606638161625
