epochs,full_psnr,ssim,lpips,train_psnr,test_psnr
0,13.667302131652832,0.4598264694213867,,13.969968795776367,0.0
500,17.816083908081055,0.5098158717155457,,18.664840698242188,0.0
1000,19.863750457763672,0.5357725024223328,,21.287063598632812,0.0
1500,20.980989456176758,0.5542849898338318,,22.907926559448242,0.0
2000,21.596128463745117,0.5670896172523499,,23.920467376708984,0.0
2500,21.7744083404541,0.5728244781494141,,24.313472747802734,0.0
3000,22.363407135009766,0.5833364129066467,,25.48505401611328,0.0
3500,22.771738052368164,0.5918576121330261,,26.311418533325195,0.0
3999,22.98490333557129,0.5974666476249695,,26.791563034057617,0.0
