epochs,full_psnr,ssim,lpips,train_psnr,test_psnr
0,11.210131645202637,0.028627857565879822,,11.323062896728516,0.0
500,23.66238021850586,0.5165027976036072,,26.65691375732422,0.0
1000,23.91946792602539,0.5437340140342712,,27.54266929626465,0.0
1500,25.535783767700195,0.6257156133651733,,31.3419132232666,0.0
2000,25.849897384643555,0.6347804069519043,,34.107139587402344,0.0
2500,25.472278594970703,0.6059885621070862,,35.77683639526367,0.0
2999,25.378185272216797,0.5986053347587585,,35.981021881103516,0.0
