Epoch,stable_rank_layer_0,effective_rank_layer_0,spectral_norm_layer_0,condition_number_layer_0,stable_rank_layer_1,effective_rank_layer_1,spectral_norm_layer_1,condition_number_layer_1,stable_rank_layer_2,effective_rank_layer_2,spectral_norm_layer_2,condition_number_layer_2,stable_rank_layer_3,effective_rank_layer_3,spectral_norm_layer_3,condition_number_layer_3,stable_rank_layer_4,effective_rank_layer_4,spectral_norm_layer_4,condition_number_layer_4,end_to_end_bound
0,1.8423250913619995,1.9926795959472656,5.235074043273926,1.0895825624465942,76.6063232421875,182.1742706298828,0.07009200751781464,627.593994140625,77.27002716064453,182.39895629882812,0.06975222378969193,423.8129577636719,77.75418090820312,181.7196502685547,0.06915894150733948,1338.00341796875,1.011890172958374,1.073778510093689,0.8993347883224487,16.441452026367188,inf
500,1.8275467157363892,1.9911019802093506,6.50209903717041,1.0992684364318848,41.99797058105469,155.15921020507812,0.4072101414203644,490.2117614746094,26.201984405517578,147.91070556640625,0.8120855093002319,6661.31396484375,31.950756072998047,127.99268341064453,0.9508643746376038,390804.25,1.349871277809143,1.9708597660064697,0.5164832472801208,4.4741106033325195,inf
1000,1.8277459144592285,1.9911245107650757,6.5006022453308105,1.0991361141204834,43.19707489013672,156.50167846679688,0.40005698800086975,1109.55322265625,31.581727981567383,157.00225830078125,0.822202205657959,5046.4443359375,36.01191711425781,142.2364044189453,0.983583927154541,51355.6171875,1.5127023458480835,2.2698986530303955,0.5349686145782471,2.964536428451538,inf
1500,1.8278311491012573,1.9911342859268188,6.500394821166992,1.0990794897079468,44.28817367553711,156.72384643554688,0.3947085738182068,2007.132568359375,31.749364852905273,157.54586791992188,0.8001550436019897,1951.2530517578125,37.20378494262695,145.53182983398438,0.9964095950126648,33719.5546875,1.5189745426177979,2.2939634323120117,0.5589842200279236,2.835477352142334,inf
1999,1.8278474807739258,1.9911359548568726,6.500371932983398,1.0990686416625977,44.22753143310547,156.75657653808594,0.39506465196609497,874.6112670898438,31.935583114624023,157.82144165039062,0.8011723160743713,1293.9945068359375,37.39537811279297,145.77151489257812,0.9947258234024048,17333.712890625,1.517611026763916,2.298156976699829,0.5663380026817322,2.8011648654937744,inf
