epochs,full_psnr,ssim,lpips,train_psnr,test_psnr
0,6.042646408081055,0.09028316289186478,,6.089341163635254,0.0
500,18.940086364746094,0.3296348750591278,,20.484373092651367,0.0
1000,20.755098342895508,0.3873022794723511,,23.60083770751953,0.0
1500,20.894758224487305,0.3408278226852417,,27.992889404296875,0.0
1999,20.033016204833984,0.2713572084903717,,34.366798400878906,0.0
