epochs,full_psnr,ssim,lpips,train_psnr,test_psnr
0,12.351362228393555,0.22060127556324005,,12.812429428100586,0.0
500,17.662302017211914,0.2918027341365814,,19.477638244628906,0.0
1000,18.732147216796875,0.2986151874065399,,21.253183364868164,0.0
1500,19.122360229492188,0.3082370460033417,,21.981470108032227,0.0
2000,19.441368103027344,0.31731489300727844,,22.606956481933594,0.0
2500,19.612838745117188,0.3235786259174347,,22.973609924316406,0.0
3000,19.758529663085938,0.3282777965068817,,23.32326889038086,0.0
3500,19.822288513183594,0.3307220935821533,,23.479387283325195,0.0
3999,19.834054946899414,0.3312191963195801,,23.507320404052734,0.0
