epochs,full_psnr,ssim,lpips,train_psnr,test_psnr
0,8.37647533416748,0.09269747883081436,,8.556763648986816,0.0
500,12.533344268798828,0.21396927535533905,,13.01588249206543,0.0
1000,12.533771514892578,0.21436719596385956,,13.01651382446289,0.0
1500,12.53398323059082,0.21450944244861603,,13.01608943939209,0.0
1999,12.537383079528809,0.21999090909957886,,13.020085334777832,0.0
