epochs,full_psnr,ssim,lpips,train_psnr,test_psnr
0,10.23476505279541,0.28681811690330505,,10.491318702697754,0.0
500,15.838011741638184,0.3484538495540619,,16.84974479675293,0.0
1000,16.19072151184082,0.35283347964286804,,17.29967498779297,0.0
1500,16.62000846862793,0.36068424582481384,,17.858596801757812,0.0
2000,16.996530532836914,0.36920714378356934,,18.369243621826172,0.0
2500,17.169883728027344,0.37379059195518494,,18.61179542541504,0.0
2999,17.200284957885742,0.37463322281837463,,18.654874801635742,0.0
