epochs,full_psnr,ssim,lpips,train_psnr,test_psnr
0,6.136534214019775,0.013759627006947994,,6.233222961425781,0.0
500,20.738739013671875,0.48532697558403015,,24.005168914794922,0.0
1000,21.75954818725586,0.5427446961402893,,26.689149856567383,0.0
1500,22.08051872253418,0.5569653511047363,,30.078144073486328,0.0
2000,21.85980224609375,0.5297534465789795,,34.91474533081055,0.0
2500,21.631486892700195,0.4934121370315552,,37.60615539550781,0.0
2999,21.545209884643555,0.4828454256057739,,37.945594787597656,0.0
