epochs,full_psnr,ssim,lpips,train_psnr,test_psnr
0,9.76340389251709,0.12049879878759384,,9.84649658203125,0.0
500,14.731621742248535,0.2790248692035675,,14.988399505615234,0.0
1000,14.731281280517578,0.27845603227615356,,14.987798690795898,0.0
1500,14.731161117553711,0.2781248688697815,,14.987410545349121,0.0
2000,14.731134414672852,0.277856707572937,,14.987034797668457,0.0
2500,14.73074722290039,0.27787068486213684,,14.986029624938965,0.0
3000,14.732070922851562,0.2792107164859772,,14.98831844329834,0.0
3500,14.73232650756836,0.2797560393810272,,14.989168167114258,0.0
3999,14.733455657958984,0.2812948226928711,,14.990195274353027,0.0
