Epoch,stable_rank_layer_0,effective_rank_layer_0,spectral_norm_layer_0,condition_number_layer_0,stable_rank_layer_1,effective_rank_layer_1,spectral_norm_layer_1,condition_number_layer_1,stable_rank_layer_2,effective_rank_layer_2,spectral_norm_layer_2,condition_number_layer_2,stable_rank_layer_3,effective_rank_layer_3,spectral_norm_layer_3,condition_number_layer_3,stable_rank_layer_4,effective_rank_layer_4,spectral_norm_layer_4,condition_number_layer_4,end_to_end_bound
0,1.89066481590271,1.9966566562652588,7.295135974884033,1.05960214138031,77.8874282836914,182.55191040039062,1.133226752281189,1036.5570068359375,76.52298736572266,182.2111053466797,1.1451330184936523,7352.90771484375,75.45836639404297,181.28309631347656,1.1522634029388428,633.9369506835938,1.7423408031463623,2.6547062397003174,0.7575603723526001,1.7055134773254395,1322193.892592499
500,1.893873929977417,1.9968607425689697,7.853389263153076,1.057698369026184,77.79524993896484,182.3896484375,1.14202880859375,1005.4400634765625,73.1086196899414,180.79949951171875,1.1424673795700073,1845.453857421875,67.94732666015625,176.82379150390625,1.1422966718673706,772.2584228515625,1.4043502807617188,2.0350704193115234,0.7309269905090332,4.3926568031311035,1368834.320744888
1000,1.893074631690979,1.9968106746673584,7.942179203033447,1.0581716299057007,77.61698150634766,182.0005340576172,1.1441727876663208,1016.73291015625,73.6865463256836,180.67762756347656,1.1432428359985352,903.883544921875,67.2706298828125,176.6862335205078,1.2276827096939087,4508.44580078125,1.2726558446884155,1.8416144847869873,1.0184478759765625,4.920120716094971,2078330.9928477164
1500,1.8934139013290405,1.9968318939208984,7.945981979370117,1.057970643043518,77.37142944335938,181.95626831054688,1.1492551565170288,1372.8018798828125,73.54267120361328,180.67495727539062,1.161040186882019,1101.8853759765625,66.91981506347656,174.66551208496094,1.354193925857544,1235.8475341796875,1.1961684226989746,1.6688507795333862,1.3656281232833862,6.071844577789307,3137217.1828305577
1999,1.8935306072235107,1.996839165687561,7.944921970367432,1.0579016208648682,77.33308410644531,181.94699096679688,1.1521801948547363,525.7965698242188,73.45916748046875,180.5894317626953,1.1698877811431885,814.6233520507812,66.97395324707031,174.1405029296875,1.3894083499908447,943.3931274414062,1.1808042526245117,1.6297417879104614,1.4580154418945312,6.422686576843262,3471093.064484256
