epochs,full_psnr,ssim,lpips,train_psnr,test_psnr
0,9.199663162231445,0.02129996381700039,,9.408426284790039,0.0
500,21.198379516601562,0.42877936363220215,,26.7296199798584,0.0
1000,21.323862075805664,0.45505812764167786,,28.544658660888672,0.0
1500,21.62847137451172,0.46445271372795105,,34.25777816772461,0.0
1999,21.518569946289062,0.453436940908432,,35.19529342651367,0.0
