epochs,full_psnr,ssim,lpips,train_psnr,test_psnr
0,11.007589340209961,0.35295331478118896,,11.159172058105469,0.0
500,16.66716194152832,0.4136969745159149,,17.2504825592041,0.0
1000,18.11064910888672,0.4308161735534668,,18.927684783935547,0.0
1500,18.904760360717773,0.4442976713180542,,19.97808074951172,0.0
2000,19.444759368896484,0.45461368560791016,,20.654129028320312,0.0
2500,19.72629165649414,0.46036481857299805,,21.04090118408203,0.0
2999,19.78009796142578,0.4615074098110199,,21.114944458007812,0.0
