epochs,full_psnr,ssim,lpips,train_psnr,test_psnr
0,3.541609048843384,0.2244684249162674,,3.580869197845459,0.0
500,22.738365173339844,0.5007033348083496,,29.296464920043945,0.0
1000,22.876737594604492,0.5157327055931091,,29.954692840576172,0.0
1500,23.266929626464844,0.5463835597038269,,32.330535888671875,0.0
1999,23.656301498413086,0.5669844746589661,,40.003173828125,0.0
