epochs,full_psnr,ssim,lpips,train_psnr,test_psnr
0,6.428483009338379,0.5438632965087891,,6.455626964569092,0.0
500,26.862642288208008,0.8110587000846863,,32.498016357421875,0.0
1000,27.071741104125977,0.8259553909301758,,33.853668212890625,0.0
1500,27.184507369995117,0.831996738910675,,34.55607223510742,0.0
2000,27.62160301208496,0.8297643065452576,,35.283321380615234,0.0
2500,28.108688354492188,0.8555493950843811,,41.67093276977539,0.0
2999,28.387420654296875,0.8594188094139099,,52.26483154296875,0.0
