Epoch,stable_rank_layer_0,effective_rank_layer_0,spectral_norm_layer_0,condition_number_layer_0,stable_rank_layer_1,effective_rank_layer_1,spectral_norm_layer_1,condition_number_layer_1,stable_rank_layer_2,effective_rank_layer_2,spectral_norm_layer_2,condition_number_layer_2,stable_rank_layer_3,effective_rank_layer_3,spectral_norm_layer_3,condition_number_layer_3,stable_rank_layer_4,effective_rank_layer_4,spectral_norm_layer_4,condition_number_layer_4,end_to_end_bound
0,1.8892008066177368,1.9965612888336182,7.316578388214111,1.060474157333374,77.88809204101562,182.55697631835938,1.13322913646698,1080.918212890625,76.53657531738281,182.21353149414062,1.1450248956680298,15080.822265625,75.4475326538086,181.2863006591797,1.1524451971054077,715.1200561523438,1.71743905544281,2.6333725452423096,0.8549273014068604,1.7252064943313599,1496615.1683988853
500,1.972693681716919,1.999808430671692,7.796571254730225,1.013939380645752,75.89840698242188,181.5511016845703,1.1449283361434937,2887.65625,76.45919036865234,181.12013244628906,1.0945440530776978,634.8311157226562,52.18197250366211,160.61244201660156,1.1321759223937988,3408.62158203125,1.9702645540237427,2.702828884124756,0.7197155356407166,1.8502253293991089,1273825.6120073274
1000,1.9785940647125244,1.9998829364776611,7.9514923095703125,1.0108778476715088,73.8629150390625,180.67332458496094,1.1735328435897827,396.51220703125,74.81095123291016,179.682373046875,1.0938513278961182,2363.535888671875,52.987998962402344,155.8356475830078,1.162041425704956,1406.123291015625,1.9887560606002808,2.7222256660461426,0.7479644417762756,1.8024369478225708,1419465.1534401935
1500,1.9779218435287476,1.9998753070831299,8.087401390075684,1.0112253427505493,70.59011840820312,178.8599395751953,1.2265572547912598,3010.68896484375,73.20854949951172,178.36416625976562,1.1119415760040283,3203.115966796875,53.22642517089844,152.56333923339844,1.2068160772323608,8053.60009765625,2.1304399967193604,2.769739866256714,0.782728910446167,1.6958025693893433,1667060.0258954375
1999,1.9795578718185425,1.999893307685852,8.086526870727539,1.0103803873062134,68.38147735595703,178.21641540527344,1.2595356702804565,39151.97265625,73.50382995605469,177.76022338867188,1.1321802139282227,1459.826904296875,53.20780944824219,152.924072265625,1.3398427963256836,14207.8994140625,2.2756757736206055,2.8082809448242188,0.9275568127632141,1.5917243957519531,2292991.337360937
