epochs,full_psnr,ssim,lpips,train_psnr,test_psnr
0,6.759059429168701,0.015918279066681862,,6.8093061447143555,0.0
500,22.832725524902344,0.5656304955482483,,26.465530395507812,0.0
1000,22.28917694091797,0.5594601035118103,,26.422977447509766,0.0
1500,24.30420684814453,0.6307204365730286,,29.037351608276367,0.0
1999,24.563060760498047,0.6036598086357117,,37.59102249145508,0.0
