epochs,full_psnr,ssim,lpips,train_psnr,test_psnr
0,7.689194202423096,0.19780512154102325,,7.867295742034912,0.0
500,10.422072410583496,0.33838775753974915,,10.75954532623291,0.0
1000,10.424513816833496,0.3506193459033966,,10.762810707092285,0.0
1500,10.424688339233398,0.3507164418697357,,10.76269245147705,0.0
2000,10.424873352050781,0.3507706820964813,,10.763378143310547,0.0
2500,10.424287796020508,0.3485162556171417,,10.761113166809082,0.0
3000,10.42553424835205,0.35566702485084534,,10.76479434967041,0.0
3500,10.427101135253906,0.3646657466888428,,10.76597785949707,0.0
3999,10.429009437561035,0.3769829571247101,,10.766569137573242,0.0
