epochs,full_psnr,ssim,lpips,train_psnr,test_psnr
0,6.118712902069092,0.5403410792350769,,6.1439056396484375,0.0
500,21.764907836914062,0.3816777765750885,,23.714845657348633,0.0
1000,23.43799591064453,0.5252991318702698,,25.695552825927734,0.0
1500,24.847963333129883,0.6239737868309021,,27.78113555908203,0.0
2000,25.585172653198242,0.6997549533843994,,28.927278518676758,0.0
2500,25.7955265045166,0.7360742092132568,,29.192602157592773,0.0
3000,26.80389404296875,0.794120728969574,,31.949251174926758,0.0
3500,27.586956024169922,0.8231064677238464,,36.02115249633789,0.0
3999,27.409809112548828,0.7507719993591309,,42.921451568603516,0.0
