Epoch,stable_rank_layer_0,effective_rank_layer_0,spectral_norm_layer_0,condition_number_layer_0,stable_rank_layer_1,effective_rank_layer_1,spectral_norm_layer_1,condition_number_layer_1,stable_rank_layer_2,effective_rank_layer_2,spectral_norm_layer_2,condition_number_layer_2,stable_rank_layer_3,effective_rank_layer_3,spectral_norm_layer_3,condition_number_layer_3,stable_rank_layer_4,effective_rank_layer_4,spectral_norm_layer_4,condition_number_layer_4,end_to_end_bound
0,1.8579224348068237,1.994154930114746,5.217366695404053,1.0796326398849487,76.38623809814453,182.27801513671875,0.07030373811721802,250.7313232421875,77.62242889404297,182.57534790039062,0.06973888725042343,19601.076171875,77.72456359863281,181.38011169433594,0.06917009502649307,2071.547119140625,1.0032005310058594,1.0240147113800049,0.9032908082008362,25.52188491821289,4091.576929262934
500,1.8676998615264893,1.9949842691421509,6.391777515411377,1.0735325813293457,85.76199340820312,191.23251342773438,0.39537400007247925,2044.400634765625,46.33567428588867,182.48716735839844,0.7684230804443359,2840.0751953125,59.899898529052734,190.69534301757812,1.0578887462615967,198686.15625,1.029692530632019,1.13975191116333,0.5176685452461243,245.25938415527344,2722462.4390989547
1000,1.8676369190216064,1.9949791431427002,6.393355369567871,1.0735715627670288,85.2184066772461,190.18917846679688,0.3889012336730957,1118.58544921875,48.281524658203125,180.9944305419922,0.7338845729827881,3553.2890625,65.81697845458984,188.1053009033203,1.0919291973114014,18652.767578125,1.066923975944519,1.2651091814041138,0.5199187994003296,96.0198974609375,2651953.4069730784
1500,1.867598056793213,1.994976282119751,6.393896102905273,1.0735955238342285,85.39198303222656,189.86741638183594,0.38750576972961426,1205.2987060546875,48.60520553588867,180.8172607421875,0.7362295985221863,4321.15576171875,65.27613830566406,187.5973358154297,1.115562081336975,11699.904296875,1.0842664241790771,1.3186533451080322,0.5250207185745239,39.643310546875,2735061.982375171
1999,1.8675954341888428,1.9949759244918823,6.393895626068115,1.0735971927642822,85.2745361328125,189.86007690429688,0.38782355189323425,1385.2740478515625,48.578739166259766,180.80319213867188,0.73658287525177,10908.4775390625,65.10326385498047,187.50021362304688,1.1154817342758179,9672.3515625,1.0872125625610352,1.3310604095458984,0.526890754699707,26.526697158813477,2748174.7594171264
