epochs,full_psnr,ssim,lpips,train_psnr,test_psnr
0,6.118712902069092,0.5403410792350769,,6.1439056396484375,0.0
500,21.90826416015625,0.37045812606811523,,24.40917205810547,0.0
1000,22.827016830444336,0.37931880354881287,,27.67658233642578,0.0
1500,22.23162841796875,0.288004606962204,,34.381431579589844,0.0
1999,22.027799606323242,0.26894280314445496,,40.33302307128906,0.0
