Epoch,stable_rank_layer_0,effective_rank_layer_0,spectral_norm_layer_0,condition_number_layer_0,stable_rank_layer_1,effective_rank_layer_1,spectral_norm_layer_1,condition_number_layer_1,stable_rank_layer_2,effective_rank_layer_2,spectral_norm_layer_2,condition_number_layer_2,stable_rank_layer_3,effective_rank_layer_3,spectral_norm_layer_3,condition_number_layer_3,stable_rank_layer_4,effective_rank_layer_4,spectral_norm_layer_4,condition_number_layer_4,end_to_end_bound
0,1.8423250913619995,1.9926795959472656,5.235074043273926,1.0895825624465942,76.60454559326172,182.15646362304688,0.07011989504098892,1000.2501220703125,77.40269470214844,182.4281005859375,0.06977172940969467,532.3507080078125,77.6687240600586,181.46524047851562,0.06916888803243637,983.3989868164062,1.011890172958374,1.073778510093689,0.8993347883224487,16.441452026367188,inf
500,1.8220219612121582,1.9904658794403076,7.284503936767578,1.1029562950134277,75.15322875976562,178.885009765625,0.566133975982666,342.98309326171875,49.705223083496094,180.76853942871094,0.8220065236091614,1082.370849609375,51.96101379394531,163.13160705566406,0.9542495608329773,3716.40380859375,1.0005000829696655,1.004390001296997,0.38071197271347046,227.92591857910156,inf
1000,1.7655752897262573,1.9823966026306152,11.628639221191406,1.1428941488265991,75.38131713867188,181.57290649414062,0.7700037360191345,3836.614501953125,62.74623489379883,181.08482360839844,0.9329749345779419,716.992919921875,60.28230667114258,172.64517211914062,1.0642085075378418,31301.111328125,1.0002622604370117,1.0025097131729126,0.4127000570297241,199.90013122558594,inf
1500,1.8591384887695312,1.9942620992660522,21.33896255493164,1.0788682699203491,76.31646728515625,182.162353515625,0.9443651437759399,1005.189453125,69.33204650878906,181.5234832763672,1.0586389303207397,1752.9102783203125,65.44590759277344,176.6245880126953,1.189149260520935,390118.90625,1.000189185142517,1.0018768310546875,0.4379960596561432,221.5838165283203,inf
1999,1.9661149978637695,1.9997029304504395,22.439796447753906,1.0173856019973755,77.75313568115234,182.0311737060547,0.9771261811256409,321.9988708496094,71.553955078125,181.59974670410156,1.0833266973495483,662.838623046875,66.7330093383789,176.78721618652344,1.2183125019073486,82805.6640625,1.0000718832015991,1.0007739067077637,0.452212393283844,482.8445739746094,inf
