epochs,full_psnr,ssim,lpips,train_psnr,test_psnr
0,6.22044038772583,0.09836431592702866,,6.26893949508667,0.0
500,12.221834182739258,0.3521753251552582,,12.422517776489258,0.0
1000,12.221826553344727,0.35178491473197937,,12.421812057495117,0.0
1500,12.223401069641113,0.3575023412704468,,12.42369556427002,0.0
1999,12.2265043258667,0.3689281642436981,,12.427379608154297,0.0
