epochs,full_psnr,ssim,lpips,train_psnr,test_psnr
0,10.97623348236084,0.030434250831604004,,11.203608512878418,0.0
500,22.262680053710938,0.4966803789138794,,28.0487060546875,0.0
1000,23.072750091552734,0.5395458340644836,,31.921695709228516,0.0
1500,23.558605194091797,0.5678274035453796,,34.72920608520508,0.0
2000,23.632076263427734,0.5715884566307068,,38.93220520019531,0.0
2500,23.604591369628906,0.5648836493492126,,40.806392669677734,0.0
2999,23.58928680419922,0.562463104724884,,41.043724060058594,0.0
