epochs,full_psnr,ssim,lpips,train_psnr,test_psnr
0,10.9753999710083,0.03047206439077854,,11.203093528747559,0.0
500,22.651748657226562,0.5120145678520203,,28.601768493652344,0.0
1000,23.093955993652344,0.5390381813049316,,30.66978645324707,0.0
1500,23.32626724243164,0.5515167713165283,,33.83261489868164,0.0
2000,23.602996826171875,0.5674646496772766,,37.59026336669922,0.0
2500,23.57907485961914,0.5612606406211853,,39.52024459838867,0.0
2999,23.56378173828125,0.5588414669036865,,39.76939392089844,0.0
