epochs,full_psnr,ssim,lpips,train_psnr,test_psnr
0,5.987829208374023,0.014076215215027332,,6.081929683685303,0.0
500,19.143787384033203,0.4779231548309326,,21.61025047302246,0.0
1000,19.35759925842285,0.49302908778190613,,22.303226470947266,0.0
1500,19.810829162597656,0.5316455960273743,,23.113948822021484,0.0
2000,18.877283096313477,0.4924354553222656,,21.93052101135254,0.0
2500,20.64673614501953,0.5813290476799011,,23.934356689453125,0.0
3000,21.144855499267578,0.6180947422981262,,23.85629653930664,0.0
3500,22.469482421875,0.6681511402130127,,30.400848388671875,0.0
3999,21.850635528564453,0.610320508480072,,39.398963928222656,0.0
