epochs,full_psnr,ssim,lpips,train_psnr,test_psnr
0,6.1330742835998535,0.013728980906307697,,6.230442047119141,0.0
500,20.45692253112793,0.46825721859931946,,24.901817321777344,0.0
1000,20.38100242614746,0.4812178611755371,,25.296363830566406,0.0
1500,19.72520637512207,0.45209792256355286,,24.086963653564453,0.0
2000,20.653064727783203,0.4984952509403229,,25.28721046447754,0.0
2500,22.169795989990234,0.5741077065467834,,30.270034790039062,0.0
2999,21.9215030670166,0.53396075963974,,37.90327072143555,0.0
