Epoch,stable_rank_layer_0,effective_rank_layer_0,spectral_norm_layer_0,condition_number_layer_0,stable_rank_layer_1,effective_rank_layer_1,spectral_norm_layer_1,condition_number_layer_1,stable_rank_layer_2,effective_rank_layer_2,spectral_norm_layer_2,condition_number_layer_2,stable_rank_layer_3,effective_rank_layer_3,spectral_norm_layer_3,condition_number_layer_3,stable_rank_layer_4,effective_rank_layer_4,spectral_norm_layer_4,condition_number_layer_4,end_to_end_bound
0,1.8807226419448853,1.9959791898727417,7.314158916473389,1.0655661821365356,77.88289642333984,182.55470275878906,1.1332556009292603,994.9380493164062,76.52698516845703,182.20970153808594,1.1451265811920166,4682.18212890625,75.47362518310547,181.28118896484375,1.1518745422363281,619.7745971679688,1.8422205448150635,2.731600046157837,0.9159834980964661,1.6069328784942627,10.01471493520453
500,1.701769471168518,1.969366192817688,19.316242218017578,1.193720817565918,64.08135986328125,169.12403869628906,1.5485445261001587,5271.01025390625,62.16389465332031,168.84669494628906,1.5758880376815796,1396.1370849609375,58.759925842285156,170.09988403320312,1.5093650817871094,428.49114990234375,1.1907366514205933,1.6733298301696777,6.68176794052124,5.4384050369262695,475.39803898420286
1000,1.6792274713516235,1.9636197090148926,22.35212516784668,1.2133674621582031,61.113990783691406,155.65963745117188,2.0223095417022705,2550.467529296875,60.0485954284668,154.15374755859375,2.03827166557312,733.1116943359375,46.316162109375,149.4434356689453,1.9922001361846924,9732.8349609375,1.178647518157959,1.6408250331878662,8.48083209991455,5.690903186798096,1556.6821652292829
1500,1.6690808534622192,1.9608186483383179,23.50625991821289,1.2225333452224731,61.134864807128906,153.99505615234375,2.2620787620544434,64489.37109375,60.264892578125,150.9312286376953,2.266446590423584,1911.4996337890625,41.57658767700195,139.9329071044922,2.2684426307678223,1288.0289306640625,1.172070860862732,1.6177221536636353,9.71156120300293,6.078426837921143,2654.933193787665
1999,1.6670618057250977,1.9602444171905518,23.731321334838867,1.2243820428848267,61.06620407104492,153.94029235839844,2.307903289794922,1208.822265625,60.07971954345703,150.37657165527344,2.3130042552948,2438.26708984375,40.95476531982422,138.1843719482422,2.3209357261657715,1455.0755615234375,1.1690809726715088,1.6068180799484253,10.009936332702637,6.2921576499938965,2943.136378324023
