epochs,full_psnr,ssim,lpips,train_psnr,test_psnr
0,14.001588821411133,0.6017622351646423,,14.124096870422363,0.0
500,18.004718780517578,0.6716539263725281,,18.32196807861328,0.0
1000,19.628292083740234,0.7028138041496277,,20.107322692871094,0.0
1500,20.539072036743164,0.7168601155281067,,21.13703155517578,0.0
1999,20.731592178344727,0.7201841473579407,,21.35944366455078,0.0
