epochs,full_psnr,ssim,lpips,train_psnr,test_psnr
0,6.545226573944092,0.41268476843833923,,6.568116188049316,0.0
500,25.483877182006836,0.6226249933242798,,27.862117767333984,0.0
1000,26.186227798461914,0.6927998065948486,,28.92315101623535,0.0
1500,26.304672241210938,0.7277206778526306,,29.078569412231445,0.0
2000,25.24519920349121,0.736163318157196,,27.4905948638916,0.0
2500,25.24112319946289,0.7528204321861267,,27.455066680908203,0.0
3000,27.99090576171875,0.8116105198860168,,33.258602142333984,0.0
3500,29.19328498840332,0.8454005122184753,,37.289634704589844,0.0
3999,29.486665725708008,0.8455962538719177,,44.57250213623047,0.0
