Epoch,stable_rank_layer_0,effective_rank_layer_0,spectral_norm_layer_0,condition_number_layer_0,stable_rank_layer_1,effective_rank_layer_1,spectral_norm_layer_1,condition_number_layer_1,stable_rank_layer_2,effective_rank_layer_2,spectral_norm_layer_2,condition_number_layer_2,stable_rank_layer_3,effective_rank_layer_3,spectral_norm_layer_3,condition_number_layer_3,stable_rank_layer_4,effective_rank_layer_4,spectral_norm_layer_4,condition_number_layer_4,end_to_end_bound
0,1.8750540018081665,1.9955613613128662,5.171485424041748,1.069011926651001,76.396240234375,182.35330200195312,0.0702434703707695,299.19146728515625,77.5235824584961,182.54226684570312,0.06965219974517822,418.28900146484375,77.67288970947266,181.7504119873047,0.06921616196632385,820.8975830078125,1.0032005310058594,1.024014949798584,0.9032906889915466,25.521671295166016,4049.777044981884
500,1.8766794204711914,1.9956835508346558,6.095815658569336,1.0680204629898071,43.66637420654297,154.45423889160156,0.27476316690444946,1327.2796630859375,15.976729393005371,144.52859497070312,0.4830395579338074,1116.11865234375,12.229567527770996,88.13059997558594,0.733605146408081,6139.14111328125,1.195290446281433,1.720431923866272,0.3148912787437439,4.2537078857421875,478449.38865983905
1000,1.8771452903747559,1.995718002319336,6.096614837646484,1.0677368640899658,47.046077728271484,150.187744140625,0.30051350593566895,854.7841186523438,24.91192626953125,157.83152770996094,0.38462504744529724,1097.273193359375,15.358707427978516,110.26190185546875,0.6997781991958618,8844.3935546875,1.2777060270309448,1.9443883895874023,0.3177065849304199,3.183638095855713,401066.97903108236
1500,1.8771120309829712,1.9957157373428345,6.10100793838501,1.0677571296691895,48.60305404663086,145.06112670898438,0.34045684337615967,1214.4659423828125,30.62462615966797,160.97901916503906,0.35669270157814026,5224818.5,28.114383697509766,138.9648895263672,0.7225788235664368,1033363.875,1.3036613464355469,2.0097992420196533,0.3287148177623749,2.924494743347168,450507.844930545
1999,1.8773174285888672,1.9957308769226074,6.100800037384033,1.0676321983337402,49.631771087646484,144.67138671875,0.3414314091205597,1656.6041259765625,31.113265991210938,161.04612731933594,0.35658884048461914,1868.90283203125,29.819744110107422,140.63970947265625,0.7239915728569031,10410.4658203125,1.3362070322036743,2.0830941200256348,0.3330063819885254,2.712805986404419,458441.6235713836
