epochs,full_psnr,ssim,lpips,train_psnr,test_psnr
0,7.013458728790283,0.2838958501815796,,7.12825345993042,0.0
500,21.23326873779297,0.5212740898132324,,26.78110122680664,0.0
1000,21.1854248046875,0.5277660489082336,,27.312461853027344,0.0
1500,21.807838439941406,0.5671382546424866,,29.160669326782227,0.0
1999,22.289716720581055,0.5790985822677612,,40.69734573364258,0.0
