Epoch,stable_rank_layer_0,effective_rank_layer_0,spectral_norm_layer_0,condition_number_layer_0,stable_rank_layer_1,effective_rank_layer_1,spectral_norm_layer_1,condition_number_layer_1,stable_rank_layer_2,effective_rank_layer_2,spectral_norm_layer_2,condition_number_layer_2,stable_rank_layer_3,effective_rank_layer_3,spectral_norm_layer_3,condition_number_layer_3,stable_rank_layer_4,effective_rank_layer_4,spectral_norm_layer_4,condition_number_layer_4,end_to_end_bound
0,1.8975046873092651,1.9970828294754028,7.2995524406433105,1.0555567741394043,77.88044738769531,182.5562744140625,1.133286952972412,1173.401611328125,76.49950408935547,182.2028350830078,1.1452993154525757,85386.8046875,75.45909118652344,181.29139709472656,1.1523823738098145,641.2606201171875,1.7212802171707153,2.6389472484588623,0.8755627870559692,1.6786624193191528,1529533.550168565
500,1.8790305852890015,1.9958568811416626,8.059001922607422,1.0665912628173828,78.82404327392578,181.96017456054688,1.1355928182601929,1315.387451171875,77.05126190185547,181.91758728027344,1.1207064390182495,2008.838134765625,66.54521179199219,170.91017150878906,1.0570881366729736,92838.046875,1.0223805904388428,1.1167824268341064,0.7469423413276672,26.64748191833496,1295728.5380003778
1000,1.8695740699768066,1.9951351881027222,8.193962097167969,1.0723750591278076,78.0360107421875,181.6894073486328,1.1481989622116089,15847.65234375,75.52301788330078,181.5972442626953,1.1430637836456299,1728.8145751953125,66.71527862548828,170.8397674560547,1.110655426979065,584.4644775390625,1.0184637308120728,1.1024812459945679,1.0328447818756104,20.656335830688477,1973858.2041095635
1500,1.8701891899108887,1.995184063911438,8.200155258178711,1.0719959735870361,77.30817413330078,181.7270965576172,1.1592508554458618,1855.6810302734375,76.22989654541016,181.57205200195312,1.1529250144958496,1676.0162353515625,65.14944458007812,170.2123565673828,1.239922046661377,1755.5384521484375,1.0139434337615967,1.081924557685852,1.345801830291748,20.910858154296875,2926146.3380407733
1999,1.870182991027832,1.9951838254928589,8.200159072875977,1.0719997882843018,77.24629211425781,181.73306274414062,1.1611665487289429,6256.53857421875,76.39537811279297,181.56790161132812,1.1565043926239014,1664.273681640625,65.00772094726562,169.90713500976562,1.275852918624878,3094.621826171875,1.013676404953003,1.0808018445968628,1.4214444160461426,20.568267822265625,3195321.4572531404
