epochs,full_psnr,ssim,lpips,train_psnr,test_psnr
0,5.987829208374023,0.014076215215027332,,6.081929683685303,0.0
500,18.85369110107422,0.4776472747325897,,21.95756721496582,0.0
1000,20.17218017578125,0.5647723078727722,,26.13878631591797,0.0
1500,21.823871612548828,0.6045212745666504,,36.283695220947266,0.0
1999,21.59731101989746,0.5820879936218262,,37.825252532958984,0.0
