epochs,full_psnr,ssim,lpips,train_psnr,test_psnr
0,9.207762718200684,0.3048032820224762,,9.302130699157715,0.0
500,22.992122650146484,0.5412235856056213,,26.852928161621094,0.0
1000,23.381290435791016,0.5757538676261902,,28.109376907348633,0.0
1500,23.761117935180664,0.5998627543449402,,29.442859649658203,0.0
2000,24.305221557617188,0.6215987801551819,,31.05508041381836,0.0
2500,24.538686752319336,0.6294108033180237,,33.80650329589844,0.0
3000,24.65133285522461,0.618649423122406,,36.445438385009766,0.0
3500,24.534774780273438,0.5922331213951111,,42.76352310180664,0.0
3999,24.445011138916016,0.578032910823822,,45.382232666015625,0.0
