Epoch,stable_rank_layer_0,effective_rank_layer_0,spectral_norm_layer_0,condition_number_layer_0,stable_rank_layer_1,effective_rank_layer_1,spectral_norm_layer_1,condition_number_layer_1,stable_rank_layer_2,effective_rank_layer_2,spectral_norm_layer_2,condition_number_layer_2,stable_rank_layer_3,effective_rank_layer_3,spectral_norm_layer_3,condition_number_layer_3,stable_rank_layer_4,effective_rank_layer_4,spectral_norm_layer_4,condition_number_layer_4,end_to_end_bound
0,1.868061900138855,1.9950138330459595,5.1781005859375,1.0733087062835693,76.53282165527344,182.2513427734375,0.0702323392033577,254.51829528808594,77.56538391113281,182.5843963623047,0.06974710524082184,596.986328125,77.65977478027344,181.6695556640625,0.06920351833105087,31251.42578125,1.0031992197036743,1.0240061283111572,0.9035926461219788,25.5321102142334,4060.454341024132
500,1.9182307720184326,1.998183250427246,6.321675777435303,1.0435760021209717,99.84868621826172,202.05384826660156,0.38522857427597046,345.00628662109375,71.927490234375,179.0609130859375,0.6822431683540344,3751.9560546875,94.59371948242188,204.9596405029297,0.8497311472892761,12458.931640625,1.0074021816253662,1.0445144176483154,0.3966798484325409,231.88856506347656,1433677.7620569014
1000,1.9177848100662231,1.9981623888015747,6.325689315795898,1.0438294410705566,92.55411529541016,197.63327026367188,0.39287927746772766,405.2155456542969,72.22830200195312,171.81947326660156,0.7734256982803345,1208.4036865234375,94.2939453125,204.91468811035156,0.8521709442138672,4239.69140625,1.1047871112823486,1.3937650918960571,0.4629191756248474,14.033777236938477,1941142.5840243169
1500,1.9179569482803345,1.9981704950332642,6.327643394470215,1.0437315702438354,86.99966430664062,194.9833984375,0.40414905548095703,593.2710571289062,71.36074829101562,168.51080322265625,0.8775628209114075,1601.824951171875,94.12223815917969,204.88262939453125,0.8531837463378906,22588.548828125,1.0847399234771729,1.3611317873001099,0.49754613637924194,8.626388549804688,2438808.3660775046
1999,1.9180009365081787,1.9981725215911865,6.328648090362549,1.0437066555023193,87.51988220214844,194.64564514160156,0.4012529253959656,1093.439697265625,71.30752563476562,168.29254150390625,0.8776344060897827,2140.08349609375,94.1422119140625,204.86788940429688,0.8531218767166138,48113.5234375,1.1164768934249878,1.488684892654419,0.5334193706512451,5.3818159103393555,2596346.348214304
