epochs,full_psnr,ssim,lpips,train_psnr,test_psnr
0,8.3284912109375,0.08989457041025162,,8.506970405578613,0.0
500,12.53288459777832,0.21238724887371063,,13.013824462890625,0.0
1000,12.53359603881836,0.21363109350204468,,13.015508651733398,0.0
1500,12.53396987915039,0.21459583938121796,,13.015954971313477,0.0
2000,12.534928321838379,0.21584083139896393,,13.016515731811523,0.0
2500,12.535792350769043,0.21766798198223114,,13.019427299499512,0.0
3000,12.536998748779297,0.21924586594104767,,13.019279479980469,0.0
3500,12.53752613067627,0.2203720062971115,,13.020339012145996,0.0
3999,12.53777027130127,0.22062420845031738,,13.040090560913086,0.0
