epochs,full_psnr,ssim,lpips,train_psnr,test_psnr
0,5.937030792236328,0.103963203728199,,6.0281572341918945,0.0
500,13.116567611694336,0.3173893392086029,,13.627968788146973,0.0
1000,13.11758041381836,0.3201051354408264,,13.628983497619629,0.0
1500,13.117528915405273,0.31961873173713684,,13.62902545928955,0.0
2000,13.117609977722168,0.3195289671421051,,13.628767013549805,0.0
2500,13.120468139648438,0.326320618391037,,13.632043838500977,0.0
2999,13.123495101928711,0.3345932066440582,,13.635382652282715,0.0
