Epoch,stable_rank_layer_0,effective_rank_layer_0,spectral_norm_layer_0,condition_number_layer_0,stable_rank_layer_1,effective_rank_layer_1,spectral_norm_layer_1,condition_number_layer_1,stable_rank_layer_2,effective_rank_layer_2,spectral_norm_layer_2,condition_number_layer_2,stable_rank_layer_3,effective_rank_layer_3,spectral_norm_layer_3,condition_number_layer_3,stable_rank_layer_4,effective_rank_layer_4,spectral_norm_layer_4,condition_number_layer_4,end_to_end_bound
0,1.868061900138855,1.9950138330459595,5.1781005859375,1.0733087062835693,76.3614273071289,182.32904052734375,0.07025539875030518,287.3331604003906,77.2888412475586,182.5538330078125,0.06975217908620834,474.8863525390625,77.58697509765625,181.76956176757812,0.06926413625478745,3151.44677734375,1.0031992197036743,1.0240061283111572,0.9035926461219788,25.5321102142334,4065.64112841046
500,1.9112269878387451,1.9978429079055786,6.306707859039307,1.0475788116455078,42.77688980102539,149.1757354736328,0.308734655380249,680.0148315429688,16.398340225219727,141.75234985351562,0.5260257720947266,7430.23876953125,16.506750106811523,97.81010437011719,0.8023083209991455,19518.2421875,1.1476614475250244,1.5963252782821655,0.2492988556623459,4.353730201721191,524441.0338348745
1000,1.9110006093978882,1.9978313446044922,6.3072357177734375,1.0477089881896973,44.9852409362793,146.94515991210938,0.33704671263694763,14887.2333984375,24.774141311645508,154.7452850341797,0.4248274862766266,14239.029296875,23.53561019897461,124.16820526123047,0.7739604115486145,11517.416015625,1.20441472530365,1.7682397365570068,0.247811421751976,3.4767284393310547,443426.656366136
1500,1.911350965499878,1.9978492259979248,6.308045864105225,1.0475075244903564,45.8065185546875,144.14523315429688,0.37189674377441406,4267.51953125,29.636844635009766,158.42425537109375,0.39307060837745667,7741.16357421875,35.85008239746094,140.2964324951172,0.8173863291740417,347089.125,1.233721375465393,1.8489428758621216,0.2503971457481384,3.171295166015625,483152.7972676688
1999,1.9111881256103516,1.9978410005569458,6.3093976974487305,1.0476011037826538,46.164554595947266,145.1468505859375,0.3679894208908081,1903491.75,30.666240692138672,158.95704650878906,0.39010101556777954,587.7866821289062,37.86064529418945,141.9556884765625,0.8170307874679565,147239.65625,1.2731682062149048,1.947242259979248,0.257172554731369,2.9249606132507324,487195.5624116509
