epochs,full_psnr,ssim,lpips,train_psnr,test_psnr
0,4.551077842712402,0.16273291409015656,,4.577016353607178,0.0
500,24.614803314208984,0.5661528706550598,,28.347393035888672,0.0
1000,24.66395378112793,0.5772268176078796,,28.503089904785156,0.0
1500,25.287841796875,0.6261443495750427,,30.300395965576172,0.0
1999,26.368999481201172,0.6617415547370911,,40.406707763671875,0.0
