epochs,full_psnr,ssim,lpips,train_psnr,test_psnr
0,3.541609048843384,0.2244684249162674,,3.580869197845459,0.0
500,22.722692489624023,0.5037418603897095,,29.270538330078125,0.0
1000,22.902814865112305,0.5197606682777405,,30.061227798461914,0.0
1500,22.990427017211914,0.5279547572135925,,30.55371856689453,0.0
2000,23.06047248840332,0.5342016816139221,,30.887582778930664,0.0
2500,23.521106719970703,0.5706157684326172,,34.82258224487305,0.0
2999,23.683197021484375,0.5737505555152893,,40.43411636352539,0.0
