epochs,full_psnr,ssim,lpips,train_psnr,test_psnr
0,9.207357406616211,0.3065505921840668,,9.302188873291016,0.0
500,17.67983627319336,0.27387359738349915,,18.696348190307617,0.0
1000,20.851354598999023,0.4226428270339966,,22.87592124938965,0.0
1500,21.69772720336914,0.47958317399024963,,24.177967071533203,0.0
2000,21.991085052490234,0.5026993155479431,,24.67473602294922,0.0
2500,23.623409271240234,0.5851784348487854,,28.558185577392578,0.0
2999,23.450305938720703,0.5052215456962585,,34.63331985473633,0.0
