Epoch,stable_rank_layer_0,effective_rank_layer_0,spectral_norm_layer_0,condition_number_layer_0,stable_rank_layer_1,effective_rank_layer_1,spectral_norm_layer_1,condition_number_layer_1,stable_rank_layer_2,effective_rank_layer_2,spectral_norm_layer_2,condition_number_layer_2,stable_rank_layer_3,effective_rank_layer_3,spectral_norm_layer_3,condition_number_layer_3,stable_rank_layer_4,effective_rank_layer_4,spectral_norm_layer_4,condition_number_layer_4,end_to_end_bound
0,1.8737945556640625,1.9954651594161987,7.33212423324585,1.0697822570800781,77.87617492675781,182.54879760742188,1.1332943439483643,990.611572265625,76.5193099975586,182.20831298828125,1.1451890468597412,4969.39111328125,75.47311401367188,181.2815399169922,1.1518698930740356,601.2208862304688,1.8424936532974243,2.731818199157715,0.9158186316490173,1.6064221858978271,10.038356695704795
500,1.7892587184906006,1.986143708229065,17.07093048095703,1.125616192817688,70.945556640625,175.91131591796875,1.6868723630905151,810.8796997070312,68.9023208618164,172.9040985107422,1.670180082321167,2175.922607421875,60.53521728515625,169.49444580078125,1.5554769039154053,15179.4150390625,1.139912724494934,1.5505987405776978,6.601469993591309,5.566205978393555,493.8635086575453
1000,1.7630735635757446,1.9819682836532593,19.385305404663086,1.1447662115097046,71.44596862792969,166.279541015625,2.413255214691162,1642.9378662109375,69.07357025146484,160.55172729492188,2.3427531719207764,1047.37109375,48.676692962646484,146.22576904296875,2.163112163543701,54354.31640625,1.1004672050476074,1.4118473529815674,10.142093658447266,8.013319969177246,2404.413133568309
1500,1.7208960056304932,1.9737530946731567,22.548250198364258,1.177778720855713,67.96249389648438,161.34681701660156,2.833409547805786,3141.89599609375,64.52703094482422,156.85670471191406,2.757935047149658,2742.17724609375,47.1153450012207,143.95030212402344,2.451925039291382,2960.765869140625,1.1612575054168701,1.5989007949829102,12.578437805175781,5.795864105224609,5434.256423430906
1999,1.721557378768921,1.9738972187042236,22.628482818603516,1.1772388219833374,66.71109771728516,158.76820373535156,3.071484327316284,818.7685546875,63.073238372802734,154.3710479736328,2.9823336601257324,702.6361083984375,44.04346466064453,139.8848114013672,2.6409597396850586,1664.2091064453125,1.1539300680160522,1.5764985084533691,12.88113784790039,6.046427249908447,7051.4101902959555
