epochs,full_psnr,ssim,lpips,train_psnr,test_psnr
0,12.351273536682129,0.22060048580169678,,12.812329292297363,0.0
500,17.74064064025879,0.28744208812713623,,19.616762161254883,0.0
1000,18.771484375,0.29939642548561096,,21.328676223754883,0.0
1500,17.563297271728516,0.2845500409603119,,19.33935546875,0.0
1999,18.373661041259766,0.29410526156425476,,20.624603271484375,0.0
