epochs,full_psnr,ssim,lpips,train_psnr,test_psnr
0,9.131597518920898,0.1845870167016983,,9.284366607666016,0.0
500,14.726544380187988,0.36797046661376953,,15.303672790527344,0.0
1000,14.729959487915039,0.3756456673145294,,15.308680534362793,0.0
1500,14.731192588806152,0.37821877002716064,,15.309271812438965,0.0
1999,14.731399536132812,0.3789640963077545,,15.32675552368164,0.0
