Epoch,stable_rank_layer_0,effective_rank_layer_0,spectral_norm_layer_0,condition_number_layer_0,stable_rank_layer_1,effective_rank_layer_1,spectral_norm_layer_1,condition_number_layer_1,stable_rank_layer_2,effective_rank_layer_2,spectral_norm_layer_2,condition_number_layer_2,stable_rank_layer_3,effective_rank_layer_3,spectral_norm_layer_3,condition_number_layer_3,stable_rank_layer_4,effective_rank_layer_4,spectral_norm_layer_4,condition_number_layer_4,end_to_end_bound
0,1.8836807012557983,1.9961880445480347,7.337993621826172,1.0637812614440918,77.88640594482422,182.55392456054688,1.1332250833511353,1092.731201171875,76.51947784423828,182.20997619628906,1.145176649093628,7856.6962890625,75.47374725341797,181.28292846679688,1.1518607139587402,620.87158203125,1.8430719375610352,2.7321183681488037,0.9161193370819092,1.6067382097244263,10.04888807452
500,1.3887825012207031,1.809229850769043,14.118474006652832,1.603786826133728,56.73408126831055,168.5257568359375,1.497013807296753,1090.2138671875,52.65288162231445,168.2977752685547,1.5324151515960693,1377.60888671875,51.93366241455078,173.71728515625,1.4723706245422363,703.943359375,1.0807325839996338,1.3713951110839844,4.088866710662842,5.58316707611084,194.9889944845542
1000,1.4333783388137817,1.8456659317016602,16.52096939086914,1.5190300941467285,37.05860900878906,143.17031860351562,2.1618568897247314,1418.3543701171875,37.303741455078125,144.45396423339844,2.096324920654297,924.7711791992188,35.62422561645508,154.37730407714844,1.9516212940216064,1359.3846435546875,1.0280534029006958,1.1540095806121826,7.37811803817749,9.744804382324219,1078.10785909136
1500,1.4424086809158325,1.8523353338241577,18.229145050048828,1.50344717502594,33.491756439208984,134.5916748046875,2.4431402683258057,3434.2939453125,34.560977935791016,135.3551788330078,2.3490452766418457,6572.798828125,31.442138671875,143.427734375,2.2038469314575195,1147.0155029296875,1.0139310359954834,1.0851709842681885,10.54588794708252,13.577409744262695,2431.4798225638683
1999,1.4457544088363647,1.854749321937561,18.587013244628906,1.497794270515442,33.26716232299805,133.53579711914062,2.4886538982391357,1333.55126953125,34.324554443359375,134.20657348632812,2.395233154296875,3334.425048828125,30.904186248779297,141.37710571289062,2.2530226707458496,1000.1895141601562,1.0122650861740112,1.0764949321746826,11.385308265686035,14.124123573303223,2842.0535801126575
