epochs,full_psnr,ssim,lpips,train_psnr,test_psnr
0,5.635677337646484,0.19677740335464478,,5.745443820953369,0.0
500,13.44912052154541,0.41999363899230957,,14.158858299255371,0.0
1000,14.303125381469727,0.42983055114746094,,15.183403015136719,0.0
1500,14.64469051361084,0.43308815360069275,,15.6056547164917,0.0
2000,14.869558334350586,0.4350091218948364,,15.88963508605957,0.0
2500,14.977421760559082,0.43574070930480957,,16.02678680419922,0.0
2999,14.998147964477539,0.43587493896484375,,16.05318260192871,0.0
