epochs,full_psnr,ssim,lpips,train_psnr,test_psnr
0,4.2794694900512695,0.3010663092136383,,4.358037948608398,0.0
500,10.425747871398926,0.3577728271484375,,10.764206886291504,0.0
1000,10.426634788513184,0.3631421625614166,,10.764836311340332,0.0
1500,10.427055358886719,0.364043265581131,,10.76405143737793,0.0
2000,10.427427291870117,0.3666246831417084,,10.764545440673828,0.0
2500,10.428248405456543,0.37251266837120056,,10.767129898071289,0.0
3000,10.428872108459473,0.3767645061016083,,10.767117500305176,0.0
3500,10.429433822631836,0.379854679107666,,10.767670631408691,0.0
3999,10.426778793334961,0.363327294588089,,10.917871475219727,0.0
