epochs,full_psnr,ssim,lpips,train_psnr,test_psnr
0,5.9831719398498535,0.014099025167524815,,6.077077388763428,0.0
500,19.679027557373047,0.5141056180000305,,22.432851791381836,0.0
1000,20.757781982421875,0.5793154835700989,,23.7514705657959,0.0
1500,19.39750862121582,0.5230628848075867,,24.40174102783203,0.0
2000,21.979446411132812,0.6205363273620605,,33.796932220458984,0.0
2500,21.6547794342041,0.5837133526802063,,38.22719192504883,0.0
2999,21.556468963623047,0.5734008550643921,,38.66456604003906,0.0
