epochs,full_psnr,ssim,lpips,train_psnr,test_psnr
0,9.59344482421875,0.3590971529483795,,9.87125015258789,0.0
500,14.177358627319336,0.4259210526943207,,15.033029556274414,0.0
1000,15.672654151916504,0.44279745221138,,16.95270347595215,0.0
1500,16.536479949951172,0.4579077661037445,,18.117473602294922,0.0
2000,14.275352478027344,0.42542171478271484,,15.150386810302734,0.0
2500,15.582747459411621,0.4375028908252716,,16.81777572631836,0.0
3000,16.397113800048828,0.4499824047088623,,17.933610916137695,0.0
3500,16.91554832458496,0.4616401493549347,,18.70668601989746,0.0
3999,17.227340698242188,0.4678831994533539,,19.183374404907227,0.0
