Epoch,stable_rank_layer_0,effective_rank_layer_0,spectral_norm_layer_0,condition_number_layer_0,stable_rank_layer_1,effective_rank_layer_1,spectral_norm_layer_1,condition_number_layer_1,stable_rank_layer_2,effective_rank_layer_2,spectral_norm_layer_2,condition_number_layer_2,stable_rank_layer_3,effective_rank_layer_3,spectral_norm_layer_3,condition_number_layer_3,stable_rank_layer_4,effective_rank_layer_4,spectral_norm_layer_4,condition_number_layer_4,end_to_end_bound
0,1.8618746995925903,1.9944988489151,5.199634075164795,1.077154278755188,76.58470916748047,182.27749633789062,0.07019531726837158,328.21044921875,77.7869644165039,182.58935546875,0.0696730688214302,8022.4296875,77.86402130126953,181.36419677734375,0.06908424198627472,2248.935791015625,1.0032005310058594,1.0240147113800049,0.9032909274101257,25.52186393737793,4062.4915688456886
500,1.854454755783081,1.99384343624115,6.543327331542969,1.081821084022522,85.40326690673828,192.34556579589844,0.42621028423309326,2087.311279296875,49.86073303222656,181.9553985595703,0.8383257389068604,1189.3421630859375,72.0673828125,192.7396240234375,1.0229300260543823,60329.81640625,1.0025482177734375,1.0179991722106934,0.3695077896118164,227.31271362304688,2262272.2166316826
1000,1.853731393814087,1.9937771558761597,6.542806625366211,1.0822793245315552,82.64240264892578,188.02682495117188,0.42881152033805847,1677.9979248046875,58.674407958984375,173.1132354736328,0.9493018984794617,3169.40673828125,74.94189453125,188.1009979248047,1.1490020751953125,20776.85546875,1.2262405157089233,1.7153736352920532,0.47838470339775085,6.527146339416504,3747770.0949112833
1500,1.8531994819641113,1.9937283992767334,6.542069911956787,1.0826166868209839,77.70488739013672,184.1060333251953,0.4559697210788727,524.9371337890625,61.74958038330078,170.74253845214844,1.0552910566329956,2963.891357421875,77.02152252197266,185.58139038085938,1.2692580223083496,119688.3671875,1.2448217868804932,1.7356390953063965,0.5118361711502075,7.072326183319092,5235332.856894166
1999,1.8533028364181519,1.993737816810608,6.542855739593506,1.082551121711731,76.47491455078125,183.70387268066406,0.458723783493042,19088.935546875,62.35822677612305,170.3802947998047,1.0628232955932617,9982.33203125,78.22518920898438,184.95700073242188,1.292510986328125,8620.248046875,1.2767747640609741,1.8003792762756348,0.550291121006012,6.363035202026367,5808264.449533464
