epochs,full_psnr,ssim,lpips,train_psnr,test_psnr
0,11.208623886108398,0.02852509915828705,,11.31919002532959,0.0
500,23.04853057861328,0.48330453038215637,,25.88283348083496,0.0
1000,23.298442840576172,0.5073688626289368,,26.43670082092285,0.0
1500,24.084369659423828,0.5444105863571167,,27.12602424621582,0.0
2000,24.002967834472656,0.5387821793556213,,27.151411056518555,0.0
2500,24.86393928527832,0.5990715622901917,,30.601058959960938,0.0
2999,25.738262176513672,0.6285449862480164,,35.324249267578125,0.0
