Epoch,stable_rank_layer_0,effective_rank_layer_0,spectral_norm_layer_0,condition_number_layer_0,stable_rank_layer_1,effective_rank_layer_1,spectral_norm_layer_1,condition_number_layer_1,stable_rank_layer_2,effective_rank_layer_2,spectral_norm_layer_2,condition_number_layer_2,stable_rank_layer_3,effective_rank_layer_3,spectral_norm_layer_3,condition_number_layer_3,stable_rank_layer_4,effective_rank_layer_4,spectral_norm_layer_4,condition_number_layer_4,end_to_end_bound
0,1.8780766725540161,1.9957871437072754,7.332607269287109,1.0671703815460205,77.86591339111328,182.54974365234375,1.133370041847229,1074.5689697265625,76.519775390625,182.2092742919922,1.1451705694198608,5649.86474609375,75.47396087646484,181.28396606445312,1.1518532037734985,589.8533935546875,1.8425712585449219,2.7318153381347656,0.9160671830177307,1.6068366765975952,10.042105786566752
500,1.727717399597168,1.9752143621444702,15.000433921813965,1.1722456216812134,71.16551971435547,175.8896026611328,1.601544737815857,1695.03759765625,64.98250579833984,173.6631317138672,1.6499395370483398,3513.875244140625,61.396854400634766,171.60984802246094,1.5337692499160767,5429.8251953125,1.109229564666748,1.4274485111236572,7.044381618499756,9.11276626586914,428.26622783725594
1000,1.6880121231079102,1.9659355878829956,16.34845733642578,1.2055964469909668,68.9886474609375,165.6092529296875,2.15688419342041,66910.9296875,60.837501525878906,161.6726531982422,2.2534379959106445,2300.862548828125,48.4217529296875,150.1670379638672,2.0840179920196533,1884.7080078125,1.085432767868042,1.3594039678573608,8.761696815490723,9.24327278137207,1450.9047548190827
1500,1.6737560033798218,1.9621260166168213,16.908039093017578,1.2182843685150146,69.58771514892578,161.68638610839844,2.406053304672241,1291.6710205078125,59.73473358154297,156.95314025878906,2.55078387260437,1431.56982421875,44.879886627197266,140.5691680908203,2.3757660388946533,1263.1845703125,1.04184889793396,1.2046912908554077,12.962102890014648,12.171804428100586,3195.591702047871
1999,1.6716670989990234,1.9615453481674194,17.01054573059082,1.2201772928237915,69.74400329589844,161.11231994628906,2.447040557861328,11808.1708984375,59.62866973876953,156.2498779296875,2.6011102199554443,1411.46875,44.4415283203125,139.11007690429688,2.427675247192383,1332.1025390625,1.0387694835662842,1.1936200857162476,13.645650863647461,11.936774253845215,3586.7657605715885
