epochs,full_psnr,ssim,lpips,train_psnr,test_psnr
0,5.733274459838867,0.1661195605993271,,5.828023910522461,0.0
500,21.399450302124023,0.45215609669685364,,28.668994903564453,0.0
1000,21.53719139099121,0.4732261002063751,,30.672073364257812,0.0
1500,21.920549392700195,0.4951559603214264,,33.485191345214844,0.0
2000,21.981910705566406,0.49663427472114563,,37.98752975463867,0.0
2500,21.948688507080078,0.4868806302547455,,42.66253662109375,0.0
2999,21.91847801208496,0.48128029704093933,,43.8132438659668,0.0
