epochs,full_psnr,ssim,lpips,train_psnr,test_psnr
0,13.50623893737793,0.3604316711425781,,13.934206008911133,0.0
500,20.50680160522461,0.4628089368343353,,23.265878677368164,0.0
1000,21.084346771240234,0.46905621886253357,,24.43195152282715,0.0
1500,20.39633560180664,0.4569455683231354,,23.080482482910156,0.0
2000,20.9939022064209,0.46540188789367676,,24.257028579711914,0.0
2500,21.357219696044922,0.47079071402549744,,25.064189910888672,0.0
2999,21.564674377441406,0.4749344289302826,,25.570899963378906,0.0
