epochs,full_psnr,ssim,lpips,train_psnr,test_psnr
0,6.216129779815674,0.5411591529846191,,6.241817474365234,0.0
500,26.63578224182129,0.7636026740074158,,31.53505516052246,0.0
1000,27.10986328125,0.7755639553070068,,32.28188705444336,0.0
1500,27.10626983642578,0.7853038311004639,,32.5389404296875,0.0
2000,27.04943084716797,0.8044314384460449,,33.127647399902344,0.0
2500,27.926321029663086,0.8372726440429688,,38.71646499633789,0.0
2999,28.299753189086914,0.8408730030059814,,47.95066833496094,0.0
