epochs,full_psnr,ssim,lpips,train_psnr,test_psnr
0,12.351273536682129,0.22060048580169678,,12.812329292297363,0.0
500,17.847644805908203,0.29172417521476746,,19.768373489379883,0.0
1000,18.713130950927734,0.3023328483104706,,21.203907012939453,0.0
1500,19.13873291015625,0.3110654652118683,,22.016597747802734,0.0
2000,19.465614318847656,0.3174603283405304,,22.67804718017578,0.0
2500,19.65850830078125,0.3244962692260742,,23.087928771972656,0.0
3000,19.805824279785156,0.32962560653686523,,23.43219757080078,0.0
3500,19.867921829223633,0.3324802815914154,,23.587324142456055,0.0
3999,19.879135131835938,0.3330113887786865,,23.614410400390625,0.0
