Epoch,stable_rank_layer_0,effective_rank_layer_0,spectral_norm_layer_0,condition_number_layer_0,stable_rank_layer_1,effective_rank_layer_1,spectral_norm_layer_1,condition_number_layer_1,stable_rank_layer_2,effective_rank_layer_2,spectral_norm_layer_2,condition_number_layer_2,stable_rank_layer_3,effective_rank_layer_3,spectral_norm_layer_3,condition_number_layer_3,stable_rank_layer_4,effective_rank_layer_4,spectral_norm_layer_4,condition_number_layer_4,end_to_end_bound
0,1.8571640253067017,1.99408757686615,5.176130771636963,1.0801101922988892,76.41315460205078,182.10235595703125,0.07024674117565155,2668.88818359375,77.12946319580078,182.43191528320312,0.06995317339897156,392.1997375488281,77.9081802368164,181.2908935546875,0.06911179423332214,2025.778076171875,1.0031960010528564,1.0239851474761963,0.9033966064453125,25.514678955078125,inf
500,1.7935060262680054,1.9867585897445679,7.1150126457214355,1.122599720954895,79.095947265625,186.541259765625,0.6134833693504333,731.0934448242188,67.80036163330078,196.82656860351562,0.8232311010360718,498.04583740234375,77.2971420288086,194.01412963867188,0.9581374526023865,8493.9951171875,1.000077247619629,1.0008312463760376,0.24461594223976135,395.34381103515625,inf
1000,1.7301796674728394,1.9757286310195923,7.9100189208984375,1.1702674627304077,77.72811126708984,183.99264526367188,0.7131699323654175,1907.822265625,73.80529022216797,191.4355010986328,0.8697128891944885,398.2325134277344,78.08997344970703,191.72244262695312,1.0195609331130981,617868.125,1.000042200088501,1.0004730224609375,0.24480286240577698,826.1824340820312,inf
1500,1.6952433586120605,1.9677681922912598,8.036948204040527,1.199310302734375,77.59959411621094,183.77737426757812,0.7330659627914429,883.9795532226562,73.6176528930664,190.5706329345703,0.889369785785675,4373.431640625,79.48302459716797,191.02708435058594,1.0255608558654785,207864.625,1.0000228881835938,1.0002715587615967,0.24646919965744019,1111.2044677734375,inf
1999,1.6852461099624634,1.9652172327041626,8.08577823638916,1.2080272436141968,77.88630676269531,183.79718017578125,0.7325106263160706,15221.65625,73.54177856445312,190.4843292236328,0.8905136585235596,742.4622192382812,79.40869903564453,190.96542358398438,1.0266995429992676,22882.38671875,1.0000112056732178,1.0001392364501953,0.24592898786067963,2031.266357421875,inf
