epochs,full_psnr,ssim,lpips,train_psnr,test_psnr
0,13.180349349975586,0.254138320684433,,13.35710334777832,0.0
500,19.891956329345703,0.3792722225189209,,20.78866195678711,0.0
1000,21.200389862060547,0.3955860435962677,,22.515583038330078,0.0
1500,21.83407211303711,0.4144347906112671,,23.312744140625,0.0
2000,17.393606185913086,0.3320629894733429,,17.879444122314453,0.0
2500,20.377511978149414,0.3776606023311615,,21.40542984008789,0.0
2999,21.069276809692383,0.3923409879207611,,22.30968475341797,0.0
