epochs,full_psnr,ssim,lpips,train_psnr,test_psnr
0,9.484604835510254,0.024740001186728477,,9.531314849853516,0.0
500,25.149229049682617,0.7719380259513855,,27.158233642578125,0.0
1000,26.999366760253906,0.7953066229820251,,27.65650177001953,0.0
1500,27.172962188720703,0.80841064453125,,31.11919593811035,0.0
2000,26.236284255981445,0.8023058772087097,,30.184152603149414,0.0
2500,29.372922897338867,0.8450562953948975,,40.772857666015625,0.0
2999,29.13756561279297,0.8312454223632812,,46.01780319213867,0.0
