epochs,full_psnr,ssim,lpips,train_psnr,test_psnr
0,11.019577026367188,0.35316410660743713,,11.171584129333496,0.0
500,16.653457641601562,0.4164583683013916,,17.23307228088379,0.0
1000,18.414691925048828,0.4372572600841522,,19.327831268310547,0.0
1500,19.193675994873047,0.4488550126552582,,20.32347869873047,0.0
1999,19.338510513305664,0.4516128599643707,,20.51609230041504,0.0
