epochs,full_psnr,ssim,lpips,train_psnr,test_psnr
0,13.667317390441895,0.45982658863067627,,13.969985008239746,0.0
500,17.778697967529297,0.5070453882217407,,18.59809684753418,0.0
1000,19.608856201171875,0.5313007831573486,,20.953067779541016,0.0
1500,20.737010955810547,0.5514761805534363,,22.57155418395996,0.0
2000,21.438207626342773,0.5624373555183411,,23.707481384277344,0.0
2500,21.730445861816406,0.5676393508911133,,24.216508865356445,0.0
2999,21.779268264770508,0.5687651634216309,,24.304946899414062,0.0
