Epoch,stable_rank_layer_0,effective_rank_layer_0,spectral_norm_layer_0,condition_number_layer_0,stable_rank_layer_1,effective_rank_layer_1,spectral_norm_layer_1,condition_number_layer_1,stable_rank_layer_2,effective_rank_layer_2,spectral_norm_layer_2,condition_number_layer_2,stable_rank_layer_3,effective_rank_layer_3,spectral_norm_layer_3,condition_number_layer_3,stable_rank_layer_4,effective_rank_layer_4,spectral_norm_layer_4,condition_number_layer_4,end_to_end_bound
0,1.8759571313858032,1.9956294298171997,7.388733386993408,1.0684608221054077,77.88833618164062,182.55601501464844,1.133232831954956,917.8890991210938,76.53331756591797,182.21023559570312,1.1450326442718506,18065.181640625,75.45762634277344,181.29295349121094,1.1525580883026123,652.9181518554688,1.8564822673797607,2.735804796218872,0.6378897428512573,1.6319704055786133,1127808.6908699304
500,1.8732037544250488,1.9954198598861694,8.1512451171875,1.0701439380645752,76.7776870727539,182.2529754638672,1.152370810508728,741.0571899414062,77.80131530761719,180.33033752441406,1.100185513496399,1965.9912109375,66.2887191772461,171.74827575683594,1.1729724407196045,2576.078125,1.3177434206008911,2.0466086864471436,0.6531084775924683,2.7468197345733643,1266704.2755577904
1000,1.8832842111587524,1.9961602687835693,8.334718704223633,1.064019799232483,75.72129821777344,181.495361328125,1.1654595136642456,915.3988647460938,77.35350799560547,179.63954162597656,1.091402292251587,2700.53173828125,64.89960479736328,168.60614013671875,1.2834080457687378,520.863525390625,1.2632718086242676,1.912764310836792,0.7828070521354675,3.2278008460998535,1704168.249585468
1500,1.8898341655731201,1.9966027736663818,8.455253601074219,1.0600967407226562,74.86316680908203,180.66075134277344,1.1822218894958496,397.76947021484375,76.37201690673828,179.01608276367188,1.0989487171173096,531.6356201171875,63.89093017578125,165.95809936523438,1.3831794261932373,543.6069946289062,1.2173370122909546,1.7883431911468506,0.942078709602356,3.7827835083007812,2290280.9090872933
1999,1.8883603811264038,1.9965057373046875,8.463282585144043,1.0609756708145142,75.02950286865234,180.5872039794922,1.18898606300354,466.8558349609375,75.35961151123047,178.7464599609375,1.12908935546875,1158.7432861328125,64.0586166381836,166.85824584960938,1.5203405618667603,3482.972412109375,1.1820122003555298,1.668338656425476,1.35175359249115,4.931731224060059,3735960.8505564597
