Epoch,stable_rank_layer_0,effective_rank_layer_0,spectral_norm_layer_0,condition_number_layer_0,stable_rank_layer_1,effective_rank_layer_1,spectral_norm_layer_1,condition_number_layer_1,stable_rank_layer_2,effective_rank_layer_2,spectral_norm_layer_2,condition_number_layer_2,stable_rank_layer_3,effective_rank_layer_3,spectral_norm_layer_3,condition_number_layer_3,stable_rank_layer_4,effective_rank_layer_4,spectral_norm_layer_4,condition_number_layer_4,end_to_end_bound
0,1.8750540018081665,1.9955613613128662,5.171485424041748,1.069011926651001,76.51398468017578,182.281494140625,0.07024382054805756,257.33990478515625,77.6130599975586,182.5558319091797,0.06975588947534561,1305.888427734375,77.64892578125,181.3974151611328,0.06920361518859863,4958.5927734375,1.0032005310058594,1.024014949798584,0.9032906889915466,25.521671295166016,4055.0908823682307
500,1.8676379919052124,1.9949791431427002,6.540205955505371,1.073570728302002,86.45632934570312,191.38009643554688,0.4002486765384674,1471.0867919921875,47.44546890258789,181.79400634765625,0.7952291369438171,1629.8731689453125,66.57655334472656,189.4227752685547,0.9955032467842102,29300.375,1.012272596359253,1.0678768157958984,0.4213904142379761,244.63580322265625,2235532.106807558
1000,1.8676813840866089,1.9949829578399658,6.542701244354248,1.0735441446304321,83.78605651855469,188.6210479736328,0.39278486371040344,467.1517333984375,48.81227493286133,177.11053466796875,0.7367192506790161,2648.991943359375,69.70793914794922,187.6230010986328,1.0394171476364136,15978.30859375,1.1575119495391846,1.4893275499343872,0.4389857351779938,117.29837036132812,2211536.452798043
1500,1.867674708366394,1.994982361793518,6.54282283782959,1.0735480785369873,83.96119689941406,188.13929748535156,0.39116913080215454,510.7607116699219,49.35283660888672,176.7571258544922,0.7356314063072205,716.66943359375,70.04847717285156,187.2418975830078,1.0534979104995728,37284.28515625,1.2073956727981567,1.5880672931671143,0.46633630990982056,38.05146408081055,2367897.363451536
1999,1.8676974773406982,1.9949842691421509,6.542835235595703,1.0735340118408203,83.98558044433594,188.1768035888672,0.39120492339134216,2613.720703125,49.423309326171875,176.7527313232422,0.7355946898460388,696.3595581054688,70.54547882080078,186.99554443359375,1.0467166900634766,16051.5986328125,1.2251043319702148,1.684777021408081,0.4716915786266327,8.213020324707031,2379776.207317296
