epochs,full_psnr,ssim,lpips,train_psnr,test_psnr
0,6.549126625061035,0.2818171977996826,,6.65179967880249,0.0
500,17.445993423461914,0.2954283058643341,,19.803936004638672,0.0
1000,18.12766456604004,0.2917895019054413,,22.043323516845703,0.0
1500,17.957775115966797,0.2495913952589035,,27.21344757080078,0.0
1999,17.65604591369629,0.22864969074726105,,31.541872024536133,0.0
