epochs,full_psnr,ssim,lpips,train_psnr,test_psnr
0,9.200332641601562,0.02132348157465458,,9.409581184387207,0.0
500,20.080799102783203,0.3648349940776825,,24.857892990112305,0.0
1000,20.280149459838867,0.380465030670166,,25.08579444885254,0.0
1500,20.739513397216797,0.4075208604335785,,26.756103515625,0.0
2000,20.989238739013672,0.42736899852752686,,26.996252059936523,0.0
2500,21.244579315185547,0.4559381902217865,,29.796356201171875,0.0
2999,21.66133689880371,0.4701957702636719,,35.71143341064453,0.0
