Epoch,stable_rank_layer_0,effective_rank_layer_0,spectral_norm_layer_0,condition_number_layer_0,stable_rank_layer_1,effective_rank_layer_1,spectral_norm_layer_1,condition_number_layer_1,stable_rank_layer_2,effective_rank_layer_2,spectral_norm_layer_2,condition_number_layer_2,stable_rank_layer_3,effective_rank_layer_3,spectral_norm_layer_3,condition_number_layer_3,stable_rank_layer_4,effective_rank_layer_4,spectral_norm_layer_4,condition_number_layer_4,end_to_end_bound
0,1.8836807012557983,1.9961880445480347,7.337993621826172,1.0637812614440918,77.88135528564453,182.552001953125,1.13325834274292,1078.4837646484375,76.52120971679688,182.2071075439453,1.1451560258865356,3699.876220703125,75.47848510742188,181.28189086914062,1.1518193483352661,602.9368286132812,1.8430719375610352,2.7321183681488037,0.9161193370819092,1.6067382097244263,10.048641149545652
500,1.3950130939483643,1.8146886825561523,14.314764022827148,1.5910882949829102,69.38352966308594,173.9251708984375,1.609348177909851,1366.520751953125,65.59272003173828,172.3761749267578,1.6342787742614746,3392.768310546875,62.85126876831055,172.2018585205078,1.5200289487838745,2017.0389404296875,1.0790880918502808,1.3668453693389893,4.494564533233643,5.300959587097168,257.2170929262203
1000,1.4708704948425293,1.8719258308410645,17.235692977905273,1.457301139831543,68.20543670654297,162.4482879638672,2.148142099380493,779.6326293945312,64.37811279296875,159.8416290283203,2.167165994644165,2994.827392578125,51.49102020263672,150.7848358154297,2.0096144676208496,1029.88037109375,1.0339475870132446,1.181901454925537,6.450928688049316,7.976067066192627,1040.2049664510046
1500,1.4974523782730103,1.8883908987045288,18.815065383911133,1.4178303480148315,69.10942840576172,159.6338348388672,2.3712899684906006,4903.90966796875,63.68622970581055,155.82138061523438,2.4212982654571533,1348.17041015625,47.36320495605469,141.86595153808594,2.2870540618896484,1109.961181640625,1.0185437202453613,1.1089433431625366,9.090875625610352,11.213961601257324,2246.057311018899
1999,1.5018914937973022,1.8909786939620972,19.118894577026367,1.4115461111068726,68.93855285644531,159.22499084472656,2.4144890308380127,1621.66162109375,63.31743621826172,155.21115112304688,2.4707493782043457,1816.41455078125,46.96133041381836,140.41676330566406,2.3348026275634766,712.5370483398438,1.0170232057571411,1.100763201713562,10.32342529296875,12.757631301879883,2749.101043081216
