epochs,full_psnr,ssim,lpips,train_psnr,test_psnr
0,10.23475170135498,0.2868178188800812,,10.491304397583008,0.0
500,15.837259292602539,0.34956279397010803,,16.84808921813965,0.0
1000,16.159517288208008,0.3535114824771881,,17.259679794311523,0.0
1500,16.45956802368164,0.35801181197166443,,17.65056800842285,0.0
1999,16.528301239013672,0.359173983335495,,17.741161346435547,0.0
