epochs,full_psnr,ssim,lpips,train_psnr,test_psnr
0,7.692242622375488,0.20193566381931305,,7.870312213897705,0.0
500,10.425152778625488,0.3543790280818939,,10.762948036193848,0.0
1000,10.425410270690918,0.355453759431839,,10.763517379760742,0.0
1500,10.425987243652344,0.358171671628952,,10.76391315460205,0.0
2000,10.4258394241333,0.3570079505443573,,10.76374626159668,0.0
2500,10.426300048828125,0.35992610454559326,,10.763960838317871,0.0
3000,10.426568984985352,0.36141660809516907,,10.763242721557617,0.0
3500,10.42712116241455,0.365366131067276,,10.76506519317627,0.0
3999,10.428951263427734,0.3769923746585846,,10.767277717590332,0.0
