Epoch,stable_rank_layer_0,effective_rank_layer_0,spectral_norm_layer_0,condition_number_layer_0,stable_rank_layer_1,effective_rank_layer_1,spectral_norm_layer_1,condition_number_layer_1,stable_rank_layer_2,effective_rank_layer_2,spectral_norm_layer_2,condition_number_layer_2,stable_rank_layer_3,effective_rank_layer_3,spectral_norm_layer_3,condition_number_layer_3,stable_rank_layer_4,effective_rank_layer_4,spectral_norm_layer_4,condition_number_layer_4,end_to_end_bound
0,1.882995843887329,1.9961402416229248,7.336071491241455,1.064193606376648,77.89530181884766,182.55027770996094,1.1331599950790405,1104.40478515625,76.51288604736328,182.20623779296875,1.1452178955078125,4377.55126953125,75.4865951538086,181.28172302246094,1.1517661809921265,584.093017578125,1.8438235521316528,2.732632875442505,0.915947675704956,1.606065273284912,10.043333909208714
500,1.8323934078216553,1.991639256477356,16.87006187438965,1.0960633754730225,67.588134765625,172.72610473632812,1.6366500854492188,996.291015625,65.23491668701172,171.3573455810547,1.6487126350402832,5214.5087890625,61.688751220703125,171.28659057617188,1.537854552268982,1366.1671142578125,1.0734806060791016,1.3265858888626099,8.202737808227539,8.527965545654297,574.2375284031176
1000,1.869565486907959,1.9951344728469849,19.45918083190918,1.0723804235458374,68.26022338867188,162.79063415527344,2.4315903186798096,2627.485107421875,68.61593627929688,159.85198974609375,2.369962215423584,669.925048828125,51.33763885498047,145.34056091308594,2.187412738800049,538.9349365234375,1.0864644050598145,1.3755738735198975,10.018651962280273,7.384701728820801,2457.516307998163
1500,1.9584929943084717,1.9995509386062622,21.659564971923828,1.0214227437973022,65.96778106689453,158.70855712890625,2.8118743896484375,12520.8203125,66.18960571289062,157.93692016601562,2.7400519847869873,1769.362548828125,48.916866302490234,141.79649353027344,2.5303430557250977,1287.7877197265625,1.0997724533081055,1.4249809980392456,12.775348663330078,6.467353343963623,5394.567298660812
1999,1.9610323905944824,1.9996052980422974,21.766313552856445,1.020072340965271,65.5885238647461,157.14605712890625,3.0936765670776367,1180.6483154296875,64.52111053466797,155.8505859375,3.0333073139190674,844.9982299804688,46.152130126953125,136.14404296875,2.8031694889068604,3395.615966796875,1.0857205390930176,1.3765641450881958,14.272618293762207,6.991505146026611,8172.016028410145
