epochs,full_psnr,ssim,lpips,train_psnr,test_psnr
0,10.59957504272461,0.30678802728652954,,10.882513046264648,0.0
500,16.21190643310547,0.36176827549934387,,17.341955184936523,0.0
1000,17.443817138671875,0.37214159965515137,,18.9901123046875,0.0
1500,16.71613311767578,0.365167498588562,,18.008440017700195,0.0
1999,17.51690101623535,0.371924489736557,,19.136716842651367,0.0
