Epoch,stable_rank_layer_0,effective_rank_layer_0,spectral_norm_layer_0,condition_number_layer_0,stable_rank_layer_1,effective_rank_layer_1,spectral_norm_layer_1,condition_number_layer_1,stable_rank_layer_2,effective_rank_layer_2,spectral_norm_layer_2,condition_number_layer_2,stable_rank_layer_3,effective_rank_layer_3,spectral_norm_layer_3,condition_number_layer_3,stable_rank_layer_4,effective_rank_layer_4,spectral_norm_layer_4,condition_number_layer_4,end_to_end_bound
0,1.8628885746002197,1.9945852756500244,5.186348915100098,1.076521396636963,76.35504150390625,182.18878173828125,0.07033513486385345,880.0264892578125,77.31715393066406,182.43115234375,0.06988034397363663,364.2370910644531,77.60013580322266,181.4591064453125,0.06919162720441818,4730.82958984375,1.0057600736618042,1.039466142654419,0.9020448923110962,24.62012481689453,inf
500,1.870823621749878,1.9952342510223389,7.671756267547607,1.0716054439544678,92.911865234375,198.46678161621094,0.6340152621269226,995.566162109375,102.6396255493164,217.04568481445312,0.7218504548072815,667.1626586914062,103.24513244628906,217.3207550048828,0.9765635132789612,4211.27978515625,1.0000700950622559,1.000749111175537,0.3419570326805115,741.9978637695312,inf
1000,1.7568544149398804,1.9808762073516846,11.007370948791504,1.1494598388671875,85.19911193847656,190.69007873535156,0.7670102119445801,1695.1795654296875,94.12124633789062,203.47801208496094,0.8453755378723145,625.0845336914062,101.43849182128906,207.7489776611328,1.0547618865966797,2275.27392578125,1.000037431716919,1.0004262924194336,0.352355420589447,750.0881958007812,inf
1500,1.7687599658966064,1.982932448387146,11.863422393798828,1.1405245065689087,83.60018920898438,189.51112365722656,0.795915424823761,462.99114990234375,91.71642303466797,201.1936492919922,0.8747677803039551,379.80731201171875,99.9001235961914,206.08172607421875,1.078631043434143,7023.69677734375,1.0000154972076416,1.0001899003982544,0.3478482961654663,1093.3035888671875,inf
1999,1.7655587196350098,1.982393741607666,11.895891189575195,1.142906665802002,83.89920806884766,189.46414184570312,0.7952204942703247,632.6100463867188,91.7254409790039,201.12037658691406,0.8755805492401123,9379.447265625,99.40492248535156,205.95303344726562,1.0817070007324219,22410.6171875,1.000002145767212,1.000031590461731,0.34589216113090515,2561.5576171875,inf
