epochs,full_psnr,ssim,lpips,train_psnr,test_psnr
0,6.118712902069092,0.5403410792350769,,6.1439056396484375,0.0
500,21.7408390045166,0.3674285411834717,,24.153987884521484,0.0
1000,22.669471740722656,0.3742043077945709,,27.444875717163086,0.0
1500,22.031057357788086,0.27854421734809875,,33.92681884765625,0.0
1999,21.831409454345703,0.2605315148830414,,39.666656494140625,0.0
