epochs,full_psnr,ssim,lpips,train_psnr,test_psnr
0,6.135438919067383,0.013768360018730164,,6.232287883758545,0.0
500,20.838829040527344,0.4847066402435303,,24.257572174072266,0.0
1000,19.86602783203125,0.45038244128227234,,24.674596786499023,0.0
1500,20.875125885009766,0.5056984424591064,,26.64095687866211,0.0
2000,19.566152572631836,0.444495290517807,,24.01563262939453,0.0
2500,21.636030197143555,0.5488130450248718,,30.83576011657715,0.0
2999,21.874847412109375,0.5243127942085266,,38.29119873046875,0.0
