Epoch,stable_rank_layer_0,effective_rank_layer_0,spectral_norm_layer_0,condition_number_layer_0,stable_rank_layer_1,effective_rank_layer_1,spectral_norm_layer_1,condition_number_layer_1,stable_rank_layer_2,effective_rank_layer_2,spectral_norm_layer_2,condition_number_layer_2,stable_rank_layer_3,effective_rank_layer_3,spectral_norm_layer_3,condition_number_layer_3,stable_rank_layer_4,effective_rank_layer_4,spectral_norm_layer_4,condition_number_layer_4,end_to_end_bound
0,1.8759571313858032,1.9956294298171997,7.388733386993408,1.0684608221054077,77.89934539794922,182.5574951171875,1.1331591606140137,911.2376708984375,76.5495834350586,182.2117919921875,1.1449017524719238,70548.8046875,75.4622573852539,181.29373168945312,1.1526312828063965,670.418701171875,1.8564822673797607,2.735804796218872,0.6378897428512573,1.6319704055786133,1127678.06757244
500,1.865877389907837,1.9948352575302124,8.325035095214844,1.0746617317199707,76.03693389892578,181.50955200195312,1.1649847030639648,1161.400146484375,76.2282943725586,180.660400390625,1.142513632774353,1147.3759765625,64.89691925048828,171.2294464111328,1.228097915649414,2266.42529296875,1.3454111814498901,2.1003050804138184,0.6529630422592163,2.7003307342529297,1421704.259405541
1000,1.8664343357086182,1.9948811531066895,8.416808128356934,1.0743162631988525,74.96849822998047,181.11669921875,1.1772234439849854,6639.9736328125,74.40816497802734,179.86050415039062,1.1750622987747192,2112.264404296875,65.3349380493164,169.10572814941406,1.3885080814361572,1184.584716796875,1.2839182615280151,1.9406486749649048,0.9237791299819946,3.4386379718780518,2389481.9960969687
1500,1.865450143814087,1.9947999715805054,8.42127513885498,1.0749270915985107,75.03169250488281,180.94757080078125,1.1817175149917603,1376.4979248046875,74.27236938476562,179.58987426757812,1.1970843076705933,1616.8690185546875,66.6392593383789,168.44436645507812,1.5330348014831543,2328.281494140625,1.277814269065857,1.885634183883667,1.1698417663574219,4.177674770355225,3418341.018627476
1999,1.8653687238693237,1.9947932958602905,8.420740127563477,1.0749776363372803,74.75299835205078,180.96267700195312,1.1863374710083008,1070.6046142578125,74.77810668945312,179.53378295898438,1.2014944553375244,699.846435546875,66.83206176757812,168.62461853027344,1.569064974784851,1392.8204345703125,1.2734720706939697,1.8672540187835693,1.2379825115203857,4.391498565673828,3730402.5909659993
