epochs,full_psnr,ssim,lpips,train_psnr,test_psnr
0,9.484074592590332,0.024722760543227196,,9.532248497009277,0.0
500,26.792804718017578,0.7907495498657227,,30.087900161743164,0.0
1000,28.70765495300293,0.8204743266105652,,38.069236755371094,0.0
1500,29.05735206604004,0.8152845501899719,,43.065391540527344,0.0
1999,29.009822845458984,0.8086417317390442,,43.87299346923828,0.0
