epochs,full_psnr,ssim,lpips,train_psnr,test_psnr
0,6.22044038772583,0.09836431592702866,,6.26893949508667,0.0
500,12.221742630004883,0.35160019993782043,,12.421993255615234,0.0
1000,12.222136497497559,0.35298946499824524,,12.422788619995117,0.0
1500,12.222156524658203,0.35443463921546936,,12.422958374023438,0.0
2000,12.222872734069824,0.35567131638526917,,12.422992706298828,0.0
2500,12.224464416503906,0.36115822196006775,,12.42520809173584,0.0
2999,12.226523399353027,0.3690356910228729,,12.427153587341309,0.0
