epochs,full_psnr,ssim,lpips,train_psnr,test_psnr
0,9.757268905639648,0.1106753870844841,,9.840041160583496,0.0
500,21.813560485839844,0.43265271186828613,,23.97618865966797,0.0
1000,22.499570846557617,0.46590033173561096,,25.09361457824707,0.0
1500,23.03453254699707,0.4865919351577759,,26.43658447265625,0.0
2000,23.29070281982422,0.48484352231025696,,28.443716049194336,0.0
2500,22.875879287719727,0.4335414171218872,,33.2420654296875,0.0
2999,22.396163940429688,0.3911769688129425,,38.135658264160156,0.0
