epochs,full_psnr,ssim,lpips,train_psnr,test_psnr
0,6.727158546447754,0.11677300184965134,,6.8401641845703125,0.0
500,18.099655151367188,0.34060654044151306,,20.59484100341797,0.0
1000,19.677173614501953,0.4206443727016449,,23.042394638061523,0.0
1500,19.776460647583008,0.42290303111076355,,23.089237213134766,0.0
2000,12.847993850708008,0.3217898905277252,,13.333844184875488,0.0
2500,12.849008560180664,0.3241337239742279,,13.333621978759766,0.0
3000,12.849658966064453,0.326520711183548,,13.335723876953125,0.0
3500,12.851716995239258,0.33157846331596375,,13.336559295654297,0.0
3999,12.854147911071777,0.3388998806476593,,13.339344024658203,0.0
