epochs,full_psnr,ssim,lpips,train_psnr,test_psnr
0,6.727158546447754,0.11677300184965134,,6.8401641845703125,0.0
500,18.569721221923828,0.34701141715049744,,21.451309204101562,0.0
1000,19.84786033630371,0.3978542387485504,,23.84652328491211,0.0
1500,20.414609909057617,0.424802303314209,,25.64811897277832,0.0
2000,20.6155948638916,0.41700637340545654,,27.991321563720703,0.0
2500,20.287687301635742,0.3668045699596405,,33.23044204711914,0.0
2999,20.00459861755371,0.3375815153121948,,38.24604415893555,0.0
