epochs,full_psnr,ssim,lpips,train_psnr,test_psnr
0,9.48316764831543,0.02473018504679203,,9.530718803405762,0.0
500,24.32848358154297,0.7460581660270691,,27.38648223876953,0.0
1000,26.04348373413086,0.7921870350837708,,27.306053161621094,0.0
1500,25.96857452392578,0.792701244354248,,28.34998321533203,0.0
2000,27.430429458618164,0.8104059100151062,,28.251684188842773,0.0
2500,27.223501205444336,0.8202927708625793,,27.971214294433594,0.0
3000,29.357728958129883,0.8499423861503601,,37.082027435302734,0.0
3500,29.388858795166016,0.8509939312934875,,43.61871337890625,0.0
3999,29.270301818847656,0.8426723480224609,,47.007137298583984,0.0
