epochs,full_psnr,ssim,lpips,train_psnr,test_psnr
0,9.207762718200684,0.3048032820224762,,9.302130699157715,0.0
500,22.9506893157959,0.5383940935134888,,26.705577850341797,0.0
1000,23.02741050720215,0.5621159672737122,,27.209985733032227,0.0
1500,23.33236312866211,0.5850237011909485,,27.33839988708496,0.0
2000,23.28118896484375,0.594444215297699,,26.773590087890625,0.0
2500,24.629901885986328,0.6565328240394592,,32.25337219238281,0.0
2999,24.987049102783203,0.6601890921592712,,39.32246398925781,0.0
