epochs,full_psnr,ssim,lpips,train_psnr,test_psnr
0,7.231322288513184,0.2920287251472473,,7.357730388641357,0.0
500,21.064319610595703,0.594200849533081,,25.883182525634766,0.0
1000,20.61031150817871,0.5819936394691467,,24.664649963378906,0.0
1500,19.966270446777344,0.5489317774772644,,23.206851959228516,0.0
2000,19.850780487060547,0.5444872379302979,,22.46722412109375,0.0
2500,20.00145149230957,0.5609357953071594,,22.92403221130371,0.0
3000,20.215946197509766,0.5895900130271912,,24.185321807861328,0.0
3500,22.238788604736328,0.694397509098053,,32.39424133300781,0.0
3999,22.62331771850586,0.6944738030433655,,41.863502502441406,0.0
