Epoch,stable_rank_layer_0,effective_rank_layer_0,spectral_norm_layer_0,condition_number_layer_0,stable_rank_layer_1,effective_rank_layer_1,spectral_norm_layer_1,condition_number_layer_1,stable_rank_layer_2,effective_rank_layer_2,spectral_norm_layer_2,condition_number_layer_2,stable_rank_layer_3,effective_rank_layer_3,spectral_norm_layer_3,condition_number_layer_3,stable_rank_layer_4,effective_rank_layer_4,spectral_norm_layer_4,condition_number_layer_4,end_to_end_bound
0,1.8823206424713135,1.9960929155349731,7.337747573852539,1.0646008253097534,77.8858642578125,182.55357360839844,1.1332322359085083,1068.8155517578125,76.52253723144531,182.2093505859375,1.1451573371887207,7793.12451171875,75.47271728515625,181.28309631347656,1.151869773864746,619.4290771484375,1.8435791730880737,2.732426404953003,0.916138231754303,1.6066216230392456,10.048731378141264
500,1.8128148317337036,1.9893474578857422,17.30118751525879,1.1091855764389038,57.687477111816406,165.81777954101562,1.5379643440246582,2465.8046875,58.484127044677734,165.92819213867188,1.5168566703796387,1076.0780029296875,56.08778762817383,172.28045654296875,1.430766224861145,528.1593017578125,1.3495490550994873,2.008436918258667,7.253600597381592,3.8967297077178955,418.8794395734714
1000,1.8394869565963745,1.9923906326293945,19.041921615600586,1.0914226770401,41.7518310546875,142.6016845703125,2.1158201694488525,4622.5009765625,41.493873596191406,143.58120727539062,2.0916247367858887,677.959228515625,38.949378967285156,154.13377380371094,1.8733785152435303,1030.2777099609375,1.5367228984832764,2.1758878231048584,9.298145294189453,3.8869354724884033,1467.8955665537537
1500,1.8484420776367188,1.9932810068130493,19.65772819519043,1.085647702217102,37.20720291137695,134.31918334960938,2.4069039821624756,703.8833618164062,37.901885986328125,134.61343383789062,2.359705924987793,1496.76416015625,35.001686096191406,143.6786651611328,2.0909368991851807,654.29638671875,1.4738918542861938,2.1363701820373535,10.817909240722656,3.8613295555114746,2525.4235997699643
1999,1.8502542972564697,1.9934535026550293,19.780357360839844,1.0844900608062744,37.05413818359375,133.21437072753906,2.453200101852417,677.5509643554688,37.71208190917969,133.45794677734375,2.4079477787017822,2380.55419921875,34.398494720458984,141.76876831054688,2.1390726566314697,608.7891235351562,1.4623337984085083,2.130948543548584,11.135421752929688,3.82096791267395,2783.2125781398813
