epochs,full_psnr,ssim,lpips,train_psnr,test_psnr
0,11.007427215576172,0.35295045375823975,,11.159005165100098,0.0
500,16.399938583374023,0.4138210713863373,,16.949613571166992,0.0
1000,18.000211715698242,0.42999467253685,,18.820201873779297,0.0
1500,18.719409942626953,0.4395006597042084,,19.714269638061523,0.0
1999,18.8621768951416,0.44172289967536926,,19.89708137512207,0.0
