epochs,full_psnr,ssim,lpips,train_psnr,test_psnr
0,9.200697898864746,0.021255267783999443,,9.410354614257812,0.0
500,20.261852264404297,0.37707969546318054,,25.292404174804688,0.0
1000,21.082805633544922,0.43235108256340027,,27.01249122619629,0.0
1500,21.256187438964844,0.4476073682308197,,29.693397521972656,0.0
2000,21.76866912841797,0.4771738350391388,,34.00199508666992,0.0
2500,21.587223052978516,0.46018633246421814,,36.22850799560547,0.0
2999,21.53781509399414,0.4550139009952545,,36.51507568359375,0.0
