epochs,full_psnr,ssim,lpips,train_psnr,test_psnr
0,5.828653335571289,0.0162868183106184,,5.859535217285156,0.0
500,26.48394775390625,0.7616478800773621,,32.22312545776367,0.0
1000,27.462310791015625,0.7933987975120544,,32.54824447631836,0.0
1500,27.280536651611328,0.7831665873527527,,36.8641471862793,0.0
2000,27.61797332763672,0.7594717144966125,,42.36857604980469,0.0
2500,27.498109817504883,0.7279587388038635,,44.8997802734375,0.0
2999,27.435009002685547,0.7188202738761902,,45.282310485839844,0.0
