Epoch,stable_rank_layer_0,effective_rank_layer_0,spectral_norm_layer_0,condition_number_layer_0,stable_rank_layer_1,effective_rank_layer_1,spectral_norm_layer_1,condition_number_layer_1,stable_rank_layer_2,effective_rank_layer_2,spectral_norm_layer_2,condition_number_layer_2,stable_rank_layer_3,effective_rank_layer_3,spectral_norm_layer_3,condition_number_layer_3,stable_rank_layer_4,effective_rank_layer_4,spectral_norm_layer_4,condition_number_layer_4,end_to_end_bound
0,1.8608204126358032,1.994408369064331,5.159598350524902,1.077813744544983,67.05296325683594,173.7955780029297,0.08309528976678848,897.5614624023438,6.390621185302734,123.2524642944336,0.27116793394088745,3936.847900390625,5.638296127319336,114.82866668701172,0.2851981222629547,2587.52978515625,2.1121950149536133,2.8757622241973877,0.048218388110399246,1.3679368495941162,inf
500,1.864614725112915,1.9947304725646973,5.149536609649658,1.0754462480545044,14.247265815734863,149.09481811523438,0.3532699644565582,1834.0736083984375,1.4370354413986206,8.236042976379395,1.6779149770736694,62980.4921875,1.6822543144226074,12.027644157409668,1.21132230758667,66709.1484375,1.1526380777359009,1.4987355470657349,0.18358327448368073,17.53473663330078,inf
1000,1.8645888566970825,1.9947283267974854,5.1495842933654785,1.0754623413085938,14.276965141296387,149.44869995117188,0.3532523810863495,3193.235107421875,1.4596467018127441,8.781656265258789,1.6520997285842896,52361.0625,1.7247233390808105,13.139269828796387,1.2072093486785889,44534.7421875,1.149379014968872,1.500393271446228,0.19099973142147064,13.974042892456055,inf
1500,1.86461341381073,1.9947302341461182,5.149484634399414,1.0754470825195312,14.301685333251953,149.5946502685547,0.3533393442630768,1810.5294189453125,1.4621737003326416,8.849004745483398,1.6527485847473145,70049.84375,1.7468920946121216,13.702486038208008,1.2131093740463257,22597.4921875,1.1423370838165283,1.4888585805892944,0.19847291707992554,12.814776420593262,inf
1999,1.864616870880127,1.9947304725646973,5.149473667144775,1.0754448175430298,14.303688049316406,149.6124725341797,0.3533332943916321,1765.5159912109375,1.4622563123703003,8.852503776550293,1.6534502506256104,26739.90234375,1.7502814531326294,13.790445327758789,1.2146453857421875,11661.62109375,1.1409823894500732,1.4864859580993652,0.1999633014202118,12.638458251953125,inf
