epochs,full_psnr,ssim,lpips,train_psnr,test_psnr
0,6.965057849884033,0.12287119776010513,,7.084789276123047,0.0
500,12.848642349243164,0.3224238455295563,,13.332630157470703,0.0
1000,12.849306106567383,0.32481199502944946,,13.332923889160156,0.0
1500,12.85011100769043,0.32750487327575684,,13.336915016174316,0.0
2000,12.850808143615723,0.3292256295681,,13.336368560791016,0.0
2500,12.852188110351562,0.333636611700058,,13.338385581970215,0.0
3000,12.853652954101562,0.33753475546836853,,13.339561462402344,0.0
3500,12.854652404785156,0.3403635323047638,,13.34010124206543,0.0
3999,12.854819297790527,0.3409901559352875,,13.360819816589355,0.0
