epochs,full_psnr,ssim,lpips,train_psnr,test_psnr
0,9.27351188659668,0.18417046964168549,,9.431356430053711,0.0
500,14.72801399230957,0.3709981441497803,,15.306180953979492,0.0
1000,14.728716850280762,0.3732295036315918,,15.306783676147461,0.0
1500,14.729358673095703,0.37407386302948,,15.307100296020508,0.0
1999,14.731246948242188,0.3783382177352905,,15.309478759765625,0.0
