epochs,full_psnr,ssim,lpips,train_psnr,test_psnr
0,14.001588821411133,0.6017622351646423,,14.124096870422363,0.0
500,17.88120460510254,0.6672940254211426,,18.191362380981445,0.0
1000,19.75956153869629,0.7054784297943115,,20.24526596069336,0.0
1500,20.879005432128906,0.7229825854301453,,21.520097732543945,0.0
2000,21.830162048339844,0.7347943186759949,,22.662553787231445,0.0
2500,22.345914840698242,0.7427458763122559,,23.30398178100586,0.0
2999,22.441242218017578,0.7444825768470764,,23.423595428466797,0.0
