epochs,full_psnr,ssim,lpips,train_psnr,test_psnr
0,6.042646408081055,0.09028316289186478,,6.089341163635254,0.0
500,18.30694007873535,0.3192010819911957,,19.5723934173584,0.0
1000,20.44083023071289,0.39925774931907654,,22.30100440979004,0.0
1500,21.68372917175293,0.462209016084671,,24.263599395751953,0.0
2000,22.547496795654297,0.506050169467926,,26.066791534423828,0.0
2500,22.94786834716797,0.5106370449066162,,27.616273880004883,0.0
3000,23.000770568847656,0.48450565338134766,,29.778730392456055,0.0
3500,22.44263458251953,0.40708819031715393,,34.49652862548828,0.0
3999,22.261198043823242,0.3890143930912018,,38.10572814941406,0.0
