epochs,full_psnr,ssim,lpips,train_psnr,test_psnr
0,3.4138946533203125,-0.11974102258682251,,3.479294538497925,0.0
500,20.692672729492188,0.5323669910430908,,28.288116455078125,0.0
1000,20.80508041381836,0.5425671935081482,,28.779281616210938,0.0
1500,21.16239356994629,0.5633565187454224,,32.00982666015625,0.0
2000,21.24803924560547,0.5678017139434814,,34.16560363769531,0.0
2500,21.228849411010742,0.5594404339790344,,36.31069564819336,0.0
3000,21.153427124023438,0.5469632744789124,,39.07943344116211,0.0
3500,21.100061416625977,0.5392505526542664,,39.39133071899414,0.0
3999,21.090919494628906,0.5379553437232971,,39.43708038330078,0.0
