epochs,full_psnr,ssim,lpips,train_psnr,test_psnr
0,9.207762718200684,0.3048032820224762,,9.302130699157715,0.0
500,22.835315704345703,0.539276123046875,,26.4527587890625,0.0
1000,23.11760711669922,0.5631758570671082,,26.882068634033203,0.0
1500,23.27632713317871,0.5749123692512512,,27.334091186523438,0.0
2000,23.239362716674805,0.5852664113044739,,27.232223510742188,0.0
2500,22.75912094116211,0.5828219652175903,,26.3233642578125,0.0
3000,23.815818786621094,0.6277898550033569,,28.434602737426758,0.0
3500,24.9216365814209,0.670741617679596,,33.18844223022461,0.0
3999,25.00288963317871,0.6669554710388184,,39.13374328613281,0.0
