Epoch,stable_rank_layer_0,effective_rank_layer_0,spectral_norm_layer_0,condition_number_layer_0,stable_rank_layer_1,effective_rank_layer_1,spectral_norm_layer_1,condition_number_layer_1,stable_rank_layer_2,effective_rank_layer_2,spectral_norm_layer_2,condition_number_layer_2,stable_rank_layer_3,effective_rank_layer_3,spectral_norm_layer_3,condition_number_layer_3,stable_rank_layer_4,effective_rank_layer_4,spectral_norm_layer_4,condition_number_layer_4,end_to_end_bound
0,1.8407071828842163,1.9925158023834229,5.222754955291748,1.0906304121017456,76.46626281738281,182.04183959960938,0.07020516693592072,1122.2899169921875,77.43354797363281,182.39869689941406,0.0698007121682167,366.3899841308594,77.7665023803711,181.26702880859375,0.06909990310668945,1637.0255126953125,1.0091121196746826,1.0572915077209473,0.9006527066230774,24.89533042907715,inf
500,1.8409136533737183,1.9925366640090942,7.0796284675598145,1.0904964208602905,80.33724212646484,186.51734924316406,0.6343764066696167,1184.409912109375,71.74571990966797,195.8321533203125,0.8405230641365051,573.0474853515625,76.36551666259766,191.6510467529297,0.9765504598617554,4444.22265625,1.0005601644515991,1.0048235654830933,0.27835142612457275,281.6434326171875,inf
1000,1.7045127153396606,1.970022201538086,12.771387100219727,1.191394567489624,78.57875061035156,183.71640014648438,0.8341400027275085,453.15496826171875,79.74715423583984,188.37548828125,0.9619380235671997,2221.3779296875,80.0958251953125,186.89349365234375,1.099644422531128,2296.677490234375,1.0004299879074097,1.0038480758666992,0.2942441701889038,226.64405822753906,inf
1500,1.778467059135437,1.9845037460327148,23.54096031188965,1.1333913803100586,77.49909973144531,183.069091796875,1.0029208660125732,473.0325927734375,75.68404388427734,185.39645385742188,1.1321104764938354,606.79443359375,80.87647247314453,184.9697723388672,1.2322545051574707,9818.634765625,1.000316858291626,1.0029411315917969,0.3155311644077301,238.43894958496094,inf
1999,1.7757282257080078,1.98406982421875,25.44308090209961,1.1353904008865356,75.25306701660156,182.91116333007812,1.0575894117355347,1334.0318603515625,74.48379516601562,184.93141174316406,1.176711082458496,1038.9141845703125,80.12471008300781,184.2635040283203,1.2711286544799805,22029.232421875,1.0002237558364868,1.0021244287490845,0.3133825361728668,545.4452514648438,inf
