epochs,full_psnr,ssim,lpips,train_psnr,test_psnr
0,9.467060089111328,0.22631137073040009,,9.505833625793457,0.0
500,14.814722061157227,0.5950137972831726,,14.96212387084961,0.0
1000,14.815956115722656,0.5998162627220154,,14.964560508728027,0.0
1500,14.816543579101562,0.6023447513580322,,14.96519947052002,0.0
1999,14.819832801818848,0.616702139377594,,14.968152046203613,0.0
