epochs,full_psnr,ssim,lpips,train_psnr,test_psnr
0,9.790184020996094,0.1142834946513176,,9.873796463012695,0.0
500,14.719738960266113,0.2646656334400177,,14.974364280700684,0.0
1000,14.730533599853516,0.27753642201423645,,14.98659610748291,0.0
1500,14.731046676635742,0.2781928479671478,,14.987629890441895,0.0
2000,14.730120658874512,0.27710509300231934,,14.986213684082031,0.0
2500,14.729515075683594,0.27628690004348755,,14.98641586303711,0.0
3000,14.73074722290039,0.2776687443256378,,14.987968444824219,0.0
3500,14.731940269470215,0.27929508686065674,,14.988277435302734,0.0
3999,14.733471870422363,0.2811983823776245,,14.989733695983887,0.0
