epochs,full_psnr,ssim,lpips,train_psnr,test_psnr
0,7.692242622375488,0.20193566381931305,,7.870312213897705,0.0
500,10.42570972442627,0.35647496581077576,,10.763017654418945,0.0
1000,10.425496101379395,0.3542982041835785,,10.762635231018066,0.0
1500,10.42544174194336,0.35538479685783386,,10.763690948486328,0.0
2000,10.425945281982422,0.357947438955307,,10.763588905334473,0.0
2500,10.427050590515137,0.364128977060318,,10.765667915344238,0.0
2999,10.429161071777344,0.3780325949192047,,10.767603874206543,0.0
