epochs,full_psnr,ssim,lpips,train_psnr,test_psnr
0,7.689194202423096,0.19780512154102325,,7.867295742034912,0.0
500,10.422737121582031,0.3399624824523926,,10.760692596435547,0.0
1000,10.424688339233398,0.3515174686908722,,10.762550354003906,0.0
1500,10.424552917480469,0.3514423668384552,,10.763389587402344,0.0
2000,10.424945831298828,0.35233914852142334,,10.762089729309082,0.0
2500,10.426748275756836,0.3605209290981293,,10.765295028686523,0.0
2999,10.428899765014648,0.3770800530910492,,10.767373085021973,0.0
