epochs,full_psnr,ssim,lpips,train_psnr,test_psnr
0,6.758445739746094,0.015886468812823296,,6.808599948883057,0.0
500,21.4381103515625,0.5115110278129578,,24.915102005004883,0.0
1000,23.312076568603516,0.5849283337593079,,26.97333526611328,0.0
1500,23.27332305908203,0.5905104279518127,,25.576980590820312,0.0
2000,22.254087448120117,0.5720818042755127,,25.0399169921875,0.0
2500,24.570213317871094,0.6417348384857178,,32.19806671142578,0.0
2999,24.628982543945312,0.6130929589271545,,38.33940505981445,0.0
