Epoch,stable_rank_layer_0,effective_rank_layer_0,spectral_norm_layer_0,condition_number_layer_0,stable_rank_layer_1,effective_rank_layer_1,spectral_norm_layer_1,condition_number_layer_1,stable_rank_layer_2,effective_rank_layer_2,spectral_norm_layer_2,condition_number_layer_2,stable_rank_layer_3,effective_rank_layer_3,spectral_norm_layer_3,condition_number_layer_3,stable_rank_layer_4,effective_rank_layer_4,spectral_norm_layer_4,condition_number_layer_4,end_to_end_bound
0,1.8628885746002197,1.9945852756500244,5.186348915100098,1.076521396636963,76.3895492553711,182.1459503173828,0.07025597989559174,6533.529296875,77.32208251953125,182.41712951660156,0.0698549747467041,267.0073547363281,77.61972045898438,181.48367309570312,0.06918655335903168,2789.80078125,1.0057600736618042,1.039466142654419,0.9020448923110962,24.62012481689453,inf
500,1.8609286546707153,1.994417667388916,7.5951924324035645,1.077746033668518,87.44029235839844,191.9140625,0.5720747709274292,5888.37939453125,85.72177124023438,197.0587921142578,0.6747098565101624,1626.8846435546875,81.98877716064453,197.2441864013672,0.9653751850128174,5367.7607421875,1.0001691579818726,1.001721739768982,0.2675349712371826,177.06106567382812,inf
1000,1.6526285409927368,1.9559791088104248,15.792440414428711,1.2378469705581665,79.27838897705078,185.39566040039062,0.7706105709075928,558.26171875,80.97341918945312,188.69508361816406,0.8406339287757874,488.9537658691406,87.89141082763672,191.99606323242188,1.0536866188049316,10710.7294921875,1.000146746635437,1.0015016794204712,0.294952929019928,221.5795135498047,inf
1500,1.7194809913635254,1.9734432697296143,26.770771026611328,1.1789363622665405,78.79052734375,184.34339904785156,0.9061826467514038,382.3616638183594,81.05486297607422,185.53440856933594,0.9595009088516235,529.97705078125,84.24015808105469,188.79119873046875,1.1741204261779785,28843.052734375,1.0001002550125122,1.0010619163513184,0.3165469765663147,283.8597412109375,inf
1999,1.7062599658966064,1.970435380935669,27.47049331665039,1.1899198293685913,78.77055358886719,184.0585479736328,0.937296986579895,7890.5751953125,80.99987030029297,185.21018981933594,0.9889989495277405,1033.6751708984375,82.17904663085938,188.2343292236328,1.2126466035842896,7828.30712890625,1.0000282526016235,1.0003397464752197,0.30773308873176575,387.8988342285156,inf
