epochs,full_psnr,ssim,lpips,train_psnr,test_psnr
0,8.332110404968262,0.09002841264009476,,8.510494232177734,0.0
500,12.532306671142578,0.2118965983390808,,13.014934539794922,0.0
1000,12.533672332763672,0.214285746216774,,13.016556739807129,0.0
1500,12.534765243530273,0.21598142385482788,,13.016040802001953,0.0
1999,12.537405014038086,0.22000257670879364,,13.01982307434082,0.0
