Epoch,stable_rank_layer_0,effective_rank_layer_0,spectral_norm_layer_0,condition_number_layer_0,stable_rank_layer_1,effective_rank_layer_1,spectral_norm_layer_1,condition_number_layer_1,stable_rank_layer_2,effective_rank_layer_2,spectral_norm_layer_2,condition_number_layer_2,stable_rank_layer_3,effective_rank_layer_3,spectral_norm_layer_3,condition_number_layer_3,stable_rank_layer_4,effective_rank_layer_4,spectral_norm_layer_4,condition_number_layer_4,end_to_end_bound
0,1.8513197898864746,1.993553638458252,5.207705497741699,1.0838111639022827,76.20335388183594,182.07838439941406,0.07032667845487595,681.7618408203125,77.186767578125,182.43496704101562,0.06993003189563751,420.8823547363281,77.76129913330078,181.25042724609375,0.06915213912725449,1720.1182861328125,1.0086669921875,1.0563889741897583,0.9006854295730591,18.799667358398438,inf
500,1.9321454763412476,1.9987667798995972,7.552125453948975,1.0357576608657837,81.20194244384766,187.244140625,0.6318532824516296,1622.4581298828125,69.98286437988281,196.03807067871094,0.8510251045227051,537.2921752929688,83.57545471191406,193.1756591796875,0.9647659659385681,5717.06103515625,1.0011969804763794,1.0094332695007324,0.1509888768196106,175.24359130859375,inf
1000,1.8350504636764526,1.991925597190857,13.52342700958252,1.0943182706832886,79.0575942993164,183.85899353027344,0.8362979292869568,526.7901611328125,72.45681762695312,188.0389404296875,1.0077311992645264,1383.7723388671875,79.68885040283203,187.8596954345703,1.1417715549468994,18728.251953125,1.000846266746521,1.0071017742156982,0.1408279538154602,116.71500396728516,inf
1500,1.8234477043151855,1.9906325340270996,24.132400512695312,1.1020009517669678,78.91870880126953,183.060546875,0.9995309710502625,2102.369384765625,75.64813232421875,185.44004821777344,1.130140781402588,4399.615234375,80.58133697509766,185.21151733398438,1.272007703781128,5307.85546875,1.000624656677246,1.0054900646209717,0.12584814429283142,109.6155776977539,inf
1999,1.823455810546875,1.990633487701416,24.990339279174805,1.101995587348938,77.00074768066406,182.46107482910156,1.049142837524414,2640.0087890625,75.41966247558594,185.11721801757812,1.1681592464447021,1431.33642578125,78.41239166259766,184.5081787109375,1.322905421257019,44672.8515625,1.000328779220581,1.0030397176742554,0.11891701817512512,235.73590087890625,inf
