epochs,full_psnr,ssim,lpips,train_psnr,test_psnr
0,9.76340389251709,0.12049879878759384,,9.84649658203125,0.0
500,14.731681823730469,0.27906307578086853,,14.986974716186523,0.0
1000,14.731751441955566,0.2788703441619873,,14.987326622009277,0.0
1500,14.731847763061523,0.2793569564819336,,14.988783836364746,0.0
1999,14.733638763427734,0.28149572014808655,,14.989995002746582,0.0
