Epoch,stable_rank_layer_0,effective_rank_layer_0,spectral_norm_layer_0,condition_number_layer_0,stable_rank_layer_1,effective_rank_layer_1,spectral_norm_layer_1,condition_number_layer_1,stable_rank_layer_2,effective_rank_layer_2,spectral_norm_layer_2,condition_number_layer_2,stable_rank_layer_3,effective_rank_layer_3,spectral_norm_layer_3,condition_number_layer_3,stable_rank_layer_4,effective_rank_layer_4,spectral_norm_layer_4,condition_number_layer_4,end_to_end_bound
0,1.8759571313858032,1.9956294298171997,7.388733386993408,1.0684608221054077,77.88833618164062,182.55601501464844,1.133232831954956,917.8890991210938,76.53331756591797,182.21023559570312,1.1450326442718506,18065.181640625,75.45762634277344,181.29295349121094,1.1525580883026123,652.9181518554688,1.8564822673797607,2.735804796218872,0.6378897428512573,1.6319704055786133,1127808.6908699304
500,1.8933563232421875,1.996828317642212,8.08065414428711,1.0580047369003296,77.91380310058594,182.0447998046875,1.14853036403656,1178.4649658203125,77.657958984375,180.6957244873047,1.11652672290802,792.182861328125,64.17899322509766,173.33343505859375,1.1994268894195557,1344.806884765625,1.3157919645309448,2.032958984375,0.6816770434379578,2.9173953533172607,1355596.861064316
1000,1.89853835105896,1.9971445798873901,8.168173789978027,1.0549495220184326,76.82369232177734,181.66073608398438,1.1599962711334229,388.7608337402344,76.44805145263672,180.30755615234375,1.137201189994812,407.1954650878906,64.77104187011719,171.7707977294922,1.3222897052764893,1382.4979248046875,1.2661644220352173,1.895744800567627,0.9513787627220154,3.639147996902466,2168797.0810696306
1500,1.8980451822280884,1.9971153736114502,8.169753074645996,1.055239200592041,76.49400329589844,181.5681610107422,1.167572021484375,378.8622131347656,75.8757553100586,180.1446075439453,1.1590720415115356,330.1822509765625,64.69743347167969,170.66812133789062,1.4607152938842773,1621.5400390625,1.271072506904602,1.8689360618591309,1.1957391500473022,4.280135631561279,3089762.1447560503
1999,1.8980344533920288,1.9971145391464233,8.16897201538086,1.0552455186843872,76.54017639160156,181.52218627929688,1.1698750257492065,353.5013122558594,75.39922332763672,180.07470703125,1.1698964834213257,1266.6337890625,64.76185607910156,170.55276489257812,1.4955936670303345,3280.583740234375,1.2700339555740356,1.8581204414367676,1.2565834522247314,4.461182594299316,3361857.1063510473
