Epoch,stable_rank_layer_0,effective_rank_layer_0,spectral_norm_layer_0,condition_number_layer_0,stable_rank_layer_1,effective_rank_layer_1,spectral_norm_layer_1,condition_number_layer_1,stable_rank_layer_2,effective_rank_layer_2,spectral_norm_layer_2,condition_number_layer_2,stable_rank_layer_3,effective_rank_layer_3,spectral_norm_layer_3,condition_number_layer_3,stable_rank_layer_4,effective_rank_layer_4,spectral_norm_layer_4,condition_number_layer_4,end_to_end_bound
0,1.89066481590271,1.9966566562652588,7.295135974884033,1.05960214138031,77.9028549194336,182.55392456054688,1.1331127882003784,1038.4473876953125,76.53118133544922,182.20640563964844,1.1450729370117188,8469.1865234375,75.45883178710938,181.2867431640625,1.1523613929748535,641.5184326171875,1.7423408031463623,2.6547062397003174,0.7575603723526001,1.7055134773254395,1322103.9844645269
500,1.9108928442001343,1.9978259801864624,7.984045505523682,1.0477709770202637,77.73014831542969,182.29800415039062,1.1460952758789062,4519.1357421875,74.85529327392578,181.45130920410156,1.1350464820861816,587.3536987304688,68.31179809570312,176.19422912597656,1.1703954935073853,628.0563354492188,1.4285029172897339,2.0592923164367676,0.7954482436180115,4.3654279708862305,1547112.6023081602
1000,1.9087823629379272,1.9977167844772339,8.07040023803711,1.048986792564392,76.58856964111328,181.94082641601562,1.157758355140686,7055.955078125,75.01949310302734,181.34820556640625,1.1457270383834839,945.65283203125,63.53416442871094,174.0067138671875,1.3410906791687012,21170.7109375,1.2978423833847046,1.8552911281585693,1.1345891952514648,5.532066822052002,2606219.1384986485
1500,1.908888339996338,1.9977222681045532,8.075221061706543,1.0489256381988525,76.15740966796875,181.87742614746094,1.1663509607315063,702.546875,75.51163482666016,181.1968536376953,1.162599802017212,432.1708984375,61.89326858520508,171.84085083007812,1.5043822526931763,2600.84423828125,1.2277183532714844,1.7112085819244385,1.4862401485443115,6.853829383850098,3917248.195606151
1999,1.908959150314331,1.9977260828018188,8.07459545135498,1.0488848686218262,76.03111267089844,181.8685760498047,1.1705087423324585,592.1138916015625,75.33937072753906,181.10202026367188,1.1724449396133423,756.041259765625,61.55375671386719,171.37400817871094,1.5468487739562988,2103.130859375,1.216080665588379,1.684994101524353,1.5681378841400146,7.157448768615723,4300708.210373035
