epochs,full_psnr,ssim,lpips,train_psnr,test_psnr
0,9.200332641601562,0.02132348157465458,,9.409581184387207,0.0
500,20.995136260986328,0.4215180575847626,,25.497623443603516,0.0
1000,21.24334144592285,0.44924700260162354,,29.15671157836914,0.0
1500,21.61200714111328,0.4628104865550995,,34.398780822753906,0.0
1999,21.510372161865234,0.4527338743209839,,35.25410461425781,0.0
