epochs,full_psnr,ssim,lpips,train_psnr,test_psnr
0,10.599458694458008,0.30678603053092957,,10.8823881149292,0.0
500,16.187358856201172,0.36151012778282166,,17.308637619018555,0.0
1000,17.35730743408203,0.3712186813354492,,18.916284561157227,0.0
1500,18.090290069580078,0.38146209716796875,,19.986495971679688,0.0
2000,18.589399337768555,0.39277568459510803,,20.784793853759766,0.0
2500,18.96065902709961,0.40262553095817566,,21.468612670898438,0.0
3000,19.203857421875,0.4097064435482025,,21.925090789794922,0.0
3500,19.311676025390625,0.4134557545185089,,22.134828567504883,0.0
3999,19.329998016357422,0.4141565263271332,,22.170827865600586,0.0
