epochs,full_psnr,ssim,lpips,train_psnr,test_psnr
0,14.001619338989258,0.6017627120018005,,14.124127388000488,0.0
500,18.15740394592285,0.674281120300293,,18.486135482788086,0.0
1000,19.801870346069336,0.7054675221443176,,20.31032371520996,0.0
1500,21.05409812927246,0.724760115146637,,21.736221313476562,0.0
2000,22.076980590820312,0.7390748858451843,,22.954139709472656,0.0
2500,22.619125366210938,0.7479033470153809,,23.647794723510742,0.0
2999,22.720043182373047,0.7487427592277527,,23.77821159362793,0.0
