Epoch,stable_rank_layer_0,effective_rank_layer_0,spectral_norm_layer_0,condition_number_layer_0,stable_rank_layer_1,effective_rank_layer_1,spectral_norm_layer_1,condition_number_layer_1,stable_rank_layer_2,effective_rank_layer_2,spectral_norm_layer_2,condition_number_layer_2,stable_rank_layer_3,effective_rank_layer_3,spectral_norm_layer_3,condition_number_layer_3,stable_rank_layer_4,effective_rank_layer_4,spectral_norm_layer_4,condition_number_layer_4,end_to_end_bound
0,1.8807226419448853,1.9959791898727417,7.314158916473389,1.0655661821365356,77.89328002929688,182.55270385742188,1.1331919431686401,977.5760498046875,76.5311050415039,182.20797729492188,1.1451011896133423,4298.798828125,75.47806549072266,181.28085327148438,1.1518418788909912,610.6722412109375,1.8422205448150635,2.731600046157837,0.9159834980964661,1.6069328784942627,10.01364637228784
500,1.7132861614227295,1.972059726715088,19.923948287963867,1.1840448379516602,71.57855224609375,175.6287841796875,1.6675714254379272,2682.142333984375,69.26902770996094,172.64443969726562,1.6374846696853638,899.7944946289062,60.61879348754883,170.1982421875,1.5328471660614014,1111.4239501953125,1.1613961458206177,1.6052563190460205,6.323630332946777,5.51854944229126,527.3542162685247
1000,1.688405990600586,1.9660371541976929,23.6236515045166,1.2052514553070068,72.9730224609375,166.48104858398438,2.3700907230377197,1143.0814208984375,67.03178405761719,159.59759521484375,2.339716672897339,9046.8671875,45.88568115234375,145.85716247558594,2.1629796028137207,2548.6640625,1.1644693613052368,1.6008398532867432,8.183403015136719,6.065250873565674,2318.791134954536
1500,1.7211846113204956,1.973816156387329,26.447895050048828,1.177543044090271,70.10537719726562,160.9630584716797,2.7697031497955322,4127.7314453125,63.971858978271484,155.52044677734375,2.7408194541931152,1646.750732421875,45.970821380615234,143.58204650878906,2.396094560623169,5298.42529296875,1.1866161823272705,1.6781185865402222,11.41403865814209,4.952417850494385,5490.9571980058345
1999,1.7226481437683105,1.9741334915161133,26.548133850097656,1.1763499975204468,67.59553527832031,159.58009338378906,3.04158091545105,1284.616943359375,63.50521469116211,154.58363342285156,2.964505434036255,18125.974609375,43.653785705566406,139.8824005126953,2.574319839477539,826.189453125,1.187398910522461,1.6713804006576538,12.638891220092773,5.246849536895752,7788.558810400033
