epochs,full_psnr,ssim,lpips,train_psnr,test_psnr
0,14.001619338989258,0.6017627120018005,,14.124127388000488,0.0
500,18.038658142089844,0.6720113158226013,,18.354839324951172,0.0
1000,19.991928100585938,0.7070605754852295,,20.501317977905273,0.0
1500,17.751176834106445,0.6626498103141785,,18.04874038696289,0.0
1999,18.962312698364258,0.6887581944465637,,19.36432647705078,0.0
