Epoch,stable_rank_layer_0,effective_rank_layer_0,spectral_norm_layer_0,condition_number_layer_0,stable_rank_layer_1,effective_rank_layer_1,spectral_norm_layer_1,condition_number_layer_1,stable_rank_layer_2,effective_rank_layer_2,spectral_norm_layer_2,condition_number_layer_2,stable_rank_layer_3,effective_rank_layer_3,spectral_norm_layer_3,condition_number_layer_3,stable_rank_layer_4,effective_rank_layer_4,spectral_norm_layer_4,condition_number_layer_4,end_to_end_bound
0,1.8688801527023315,1.9950796365737915,7.337924957275391,1.072803258895874,77.86520385742188,182.5506134033203,1.1333823204040527,1225.365478515625,76.50982666015625,182.20953369140625,1.1452422142028809,4306.06298828125,75.48136138916016,181.2825927734375,1.1518083810806274,609.1787109375,1.8438125848770142,2.732680082321167,0.9155458807945251,1.6056042909622192,10.044015983333763
500,1.5771644115447998,1.928544044494629,15.684661865234375,1.3162859678268433,65.38490295410156,169.48037719726562,1.5148121118545532,11144.5205078125,61.34018325805664,167.65585327148438,1.5624229907989502,535.3822021484375,58.58613204956055,169.64952087402344,1.520471453666687,1758.7342529296875,1.2025151252746582,1.6745295524597168,6.230318069458008,6.384380340576172,351.65843571599487
1000,1.5759536027908325,1.928026795387268,17.242069244384766,1.3176687955856323,60.12205505371094,155.1094970703125,2.009667158126831,23874.787109375,57.431373596191406,153.30958557128906,2.0387656688690186,1191.0653076171875,47.5881233215332,149.5690460205078,1.9761333465576172,761.3617553710938,1.207643985748291,1.6728177070617676,7.600618839263916,6.970778942108154,1061.0748788491621
1500,1.5778807401657104,1.9288488626480103,17.834245681762695,1.3154698610305786,60.182838439941406,152.50238037109375,2.2602827548980713,548.8612060546875,58.09345245361328,150.72393798828125,2.274945020675659,926.1265869140625,44.19621658325195,139.97000122070312,2.2285478115081787,4825.34423828125,1.1801241636276245,1.6002150774002075,8.60642147064209,8.282943725585938,1758.8669499449238
1999,1.5782907009124756,1.9290229082107544,17.951007843017578,1.3150033950805664,60.12025451660156,152.3252716064453,2.3070619106292725,1094.2581787109375,58.32927703857422,150.29498291015625,2.3158857822418213,24335.658203125,43.7676887512207,138.239013671875,2.276245355606079,10377.35546875,1.1749268770217896,1.586775302886963,8.838372230529785,8.536592483520508,1929.552426543098
