epochs,full_psnr,ssim,lpips,train_psnr,test_psnr
0,13.506399154663086,0.3604339063167572,,13.934383392333984,0.0
500,20.52431869506836,0.4628734588623047,,23.300922393798828,0.0
1000,21.151947021484375,0.4694457948207855,,24.596921920776367,0.0
1500,21.41370391845703,0.4724973738193512,,25.20146369934082,0.0
1999,21.465299606323242,0.4734545946121216,,25.324737548828125,0.0
