epochs,full_psnr,ssim,lpips,train_psnr,test_psnr
0,5.981863975524902,0.015673823654651642,,6.102511405944824,0.0
500,19.525634765625,0.5252801179885864,,23.450529098510742,0.0
1000,20.615848541259766,0.5714529156684875,,24.960002899169922,0.0
1500,21.36897087097168,0.5906425714492798,,29.06900405883789,0.0
2000,21.468536376953125,0.577902615070343,,35.12361145019531,0.0
2500,21.31688117980957,0.5523621439933777,,37.44443130493164,0.0
2999,21.281063079833984,0.5457265973091125,,37.750179290771484,0.0
