Epoch,stable_rank_layer_0,effective_rank_layer_0,spectral_norm_layer_0,condition_number_layer_0,stable_rank_layer_1,effective_rank_layer_1,spectral_norm_layer_1,condition_number_layer_1,stable_rank_layer_2,effective_rank_layer_2,spectral_norm_layer_2,condition_number_layer_2,stable_rank_layer_3,effective_rank_layer_3,spectral_norm_layer_3,condition_number_layer_3,stable_rank_layer_4,effective_rank_layer_4,spectral_norm_layer_4,condition_number_layer_4,end_to_end_bound
0,1.8951867818832397,1.996942162513733,7.301510810852051,1.056922435760498,77.81355285644531,182.57691955566406,1.1342445611953735,1133.21875,76.58332061767578,182.22952270507812,1.1449148654937744,2882.561279296875,75.5611343383789,181.29052734375,1.154639720916748,881.6187744140625,2.667708396911621,2.988015651702881,0.6163409948348999,1.1091276407241821,1079642.9759239927
500,1.8942495584487915,1.9968842267990112,7.304993629455566,1.057476282119751,76.846435546875,182.4740447998047,1.1518055200576782,6348.5634765625,75.66082763671875,182.42356872558594,1.1714948415756226,1088.239501953125,21.30545425415039,155.52882385253906,2.434684991836548,3395.76708984375,1.2053908109664917,1.6389094591140747,0.8767351508140564,9.19694709777832,3366437.5160623025
1000,1.894409418106079,1.996894121170044,7.305920600891113,1.0573817491531372,76.18780517578125,182.34756469726562,1.1585994958877563,1751.9945068359375,75.57278442382812,182.4239959716797,1.1741119623184204,1560.7900390625,22.313879013061523,152.51771545410156,2.5822200775146484,1061.9752197265625,1.2445576190948486,1.7143280506134033,0.9419148564338684,8.39697551727295,3867610.042612311
1500,1.8942900896072388,1.9968867301940918,7.307517051696777,1.0574523210525513,76.04507446289062,182.3343505859375,1.1611164808273315,1126.0869140625,75.58328247070312,182.42201232910156,1.1757062673568726,12351.8603515625,22.715219497680664,150.7874298095703,2.6947975158691406,722.424072265625,1.2581030130386353,1.7389370203018188,0.999248743057251,8.126096725463867,4297978.036451219
1999,1.894304871559143,1.9968876838684082,7.307926654815674,1.057443618774414,76.06197357177734,182.2687225341797,1.162177562713623,1048.143310546875,75.58119201660156,182.42330932617188,1.1759239435195923,59313.5390625,22.784671783447266,150.46270751953125,2.7131361961364746,811.01513671875,1.2597062587738037,1.7421984672546387,1.0074365139007568,8.067235946655273,4367723.781520587
