epochs,full_psnr,ssim,lpips,train_psnr,test_psnr
0,6.1330742835998535,0.013728980906307697,,6.230442047119141,0.0
500,20.00366973876953,0.446307510137558,,24.638530731201172,0.0
1000,21.16051483154297,0.5095935463905334,,25.41617202758789,0.0
1500,21.51587677001953,0.5419694781303406,,28.7639217376709,0.0
1999,21.898483276367188,0.5311521887779236,,36.86603927612305,0.0
