epochs,full_psnr,ssim,lpips,train_psnr,test_psnr
0,3.06915283203125,-0.17237775027751923,,3.0812315940856934,0.0
500,27.106096267700195,0.7431371212005615,,35.14710235595703,0.0
1000,27.46452522277832,0.7686217427253723,,37.3372802734375,0.0
1500,27.7725887298584,0.7905551791191101,,39.446197509765625,0.0
2000,27.743389129638672,0.7854664921760559,,40.420108795166016,0.0
2500,27.753643035888672,0.7803171277046204,,43.92593765258789,0.0
3000,27.694286346435547,0.7733840942382812,,44.635704040527344,0.0
3500,27.66800308227539,0.770458459854126,,44.872013092041016,0.0
3999,27.663158416748047,0.7699210047721863,,44.914329528808594,0.0
