Epoch,stable_rank_layer_0,effective_rank_layer_0,spectral_norm_layer_0,condition_number_layer_0,stable_rank_layer_1,effective_rank_layer_1,spectral_norm_layer_1,condition_number_layer_1,stable_rank_layer_2,effective_rank_layer_2,spectral_norm_layer_2,condition_number_layer_2,stable_rank_layer_3,effective_rank_layer_3,spectral_norm_layer_3,condition_number_layer_3,stable_rank_layer_4,effective_rank_layer_4,spectral_norm_layer_4,condition_number_layer_4,end_to_end_bound
0,1.8780766725540161,1.9957871437072754,7.332607269287109,1.0671703815460205,77.88700103759766,182.55392456054688,1.1332212686538696,1076.1298828125,76.5172348022461,182.2105712890625,1.1451917886734009,7766.734375,75.47388458251953,181.28378295898438,1.1518580913543701,619.2107543945312,1.8425712585449219,2.7318153381347656,0.9160671830177307,1.6068366765975952,10.041016252710167
500,1.7544041872024536,1.9804351329803467,14.821353912353516,1.1513251066207886,52.38694381713867,167.4380645751953,1.5496251583099365,948.8921508789062,53.27975082397461,167.4561309814453,1.5317368507385254,533.6681518554688,52.65890121459961,172.77215576171875,1.4652467966079712,826.9028930664062,1.0452990531921387,1.225456953048706,7.056757926940918,9.185161590576172,363.75979584176224
1000,1.6872186660766602,1.9657305479049683,16.410236358642578,1.2062921524047852,36.341087341308594,142.54478454589844,2.130028009414673,2094.40234375,35.97738265991211,142.35629272460938,2.1318225860595703,12078.4619140625,31.852869033813477,154.7555389404297,2.024264335632324,4707.7890625,1.0363746881484985,1.188312292098999,8.125879287719727,10.078096389770508,1225.7130213140404
1500,1.674991250038147,1.9624667167663574,16.92789077758789,1.2171690464019775,32.435279846191406,132.78712463378906,2.4104199409484863,55193.01171875,32.92647171020508,132.2332305908203,2.4003121852874756,3148.438720703125,27.625667572021484,143.46424865722656,2.283172369003296,796.5872802734375,1.0340596437454224,1.1781015396118164,8.630477905273438,10.497369766235352,1929.9090140681237
1999,1.674065113067627,1.9622114896774292,17.01974105834961,1.2180050611495972,32.300472259521484,131.54603576660156,2.4535398483276367,1394.659423828125,32.73359680175781,131.0803680419922,2.4477386474609375,3771.753173828125,27.079511642456055,141.3485870361328,2.334108591079712,1368.0064697265625,1.0332863330841064,1.1744062900543213,8.750288963317871,10.782254219055176,2087.6349616509688
