epochs,full_psnr,ssim,lpips,train_psnr,test_psnr
0,13.180333137512207,0.25413814187049866,,13.35708999633789,0.0
500,19.818159103393555,0.36546388268470764,,20.715368270874023,0.0
1000,21.19246482849121,0.3927907645702362,,22.461423873901367,0.0
1500,21.763763427734375,0.4081292152404785,,23.245559692382812,0.0
2000,17.008638381958008,0.3171139061450958,,17.449451446533203,0.0
2500,20.16892433166504,0.3649449348449707,,21.139562606811523,0.0
3000,21.330415725708008,0.39568114280700684,,22.65652084350586,0.0
3500,21.86549949645996,0.41162416338920593,,23.408645629882812,0.0
3999,22.127910614013672,0.4197262227535248,,23.78980255126953,0.0
