epochs,full_psnr,ssim,lpips,train_psnr,test_psnr
0,5.982858657836914,0.01566304825246334,,6.102018356323242,0.0
500,19.53560447692871,0.5326229333877563,,23.68799591064453,0.0
1000,20.153959274291992,0.5430899858474731,,24.602556228637695,0.0
1500,19.681852340698242,0.5567070841789246,,24.227645874023438,0.0
2000,19.897891998291016,0.5631315112113953,,25.616756439208984,0.0
2500,21.469074249267578,0.6156887412071228,,33.58803939819336,0.0
2999,21.520645141601562,0.6000139117240906,,39.37529373168945,0.0
