Epoch,stable_rank_layer_0,effective_rank_layer_0,spectral_norm_layer_0,condition_number_layer_0,stable_rank_layer_1,effective_rank_layer_1,spectral_norm_layer_1,condition_number_layer_1,stable_rank_layer_2,effective_rank_layer_2,spectral_norm_layer_2,condition_number_layer_2,stable_rank_layer_3,effective_rank_layer_3,spectral_norm_layer_3,condition_number_layer_3,stable_rank_layer_4,effective_rank_layer_4,spectral_norm_layer_4,condition_number_layer_4,end_to_end_bound
0,1.8625924587249756,1.9945602416992188,5.195930004119873,1.0767061710357666,76.57054138183594,182.2720184326172,0.07021603733301163,447.571044921875,77.56037139892578,182.57437133789062,0.06976380199193954,925.1768188476562,77.81341552734375,181.41990661621094,0.06912849098443985,9773.994140625,1.0032005310058594,1.0240147113800049,0.9032908082008362,25.521854400634766,4068.6879425301536
500,1.9020404815673828,1.9973480701446533,6.290604591369629,1.052899718284607,82.46724700927734,189.6053924560547,0.3941349685192108,462.2957763671875,49.651485443115234,180.50411987304688,0.8086483478546143,1878.637939453125,61.07912826538086,188.97296142578125,1.0555981397628784,160720.1875,1.1191388368606567,1.4050559997558594,0.502761960029602,81.30583190917969,2723943.2258606856
1000,1.9036228656768799,1.9974373579025269,6.290741920471191,1.0519773960113525,76.9862060546875,185.53981018066406,0.40704455971717834,1122.337158203125,58.36397933959961,174.93032836914062,0.866028368473053,1961.7606201171875,67.72679901123047,184.32115173339844,1.1652743816375732,15466.6923828125,1.0970747470855713,1.3500161170959473,0.5721542239189148,78.3279800415039,3784924.440551847
1500,1.904502511024475,1.9974862337112427,6.293817043304443,1.0514657497406006,75.59664154052734,181.9509735107422,0.4151364862918854,945.5645751953125,65.43846893310547,173.7611083984375,0.9597095847129822,6225.05126953125,73.8246841430664,182.53199768066406,1.2517460584640503,28986.693359375,1.1041674613952637,1.3684442043304443,0.5687649846076965,74.23406982421875,4570186.267285525
1999,1.9042961597442627,1.9974749088287354,6.294867515563965,1.0515856742858887,76.26260375976562,181.65086364746094,0.4125262498855591,2330.998046875,66.79231262207031,173.56121826171875,0.9648536443710327,1762.4998779296875,73.81430053710938,182.1384735107422,1.2875226736068726,23575.970703125,1.109731674194336,1.382819414138794,0.5831520557403564,65.39724731445312,4815886.984147124
