epochs,full_psnr,ssim,lpips,train_psnr,test_psnr
0,4.164334297180176,0.30080604553222656,,4.240696907043457,0.0
500,18.668001174926758,0.37928274273872375,,21.765735626220703,0.0
1000,19.421733856201172,0.46314963698387146,,23.308088302612305,0.0
1500,20.453691482543945,0.532204806804657,,26.096397399902344,0.0
1999,20.703027725219727,0.46061602234840393,,35.78009033203125,0.0
