Epoch,stable_rank_layer_0,effective_rank_layer_0,spectral_norm_layer_0,condition_number_layer_0,stable_rank_layer_1,effective_rank_layer_1,spectral_norm_layer_1,condition_number_layer_1,stable_rank_layer_2,effective_rank_layer_2,spectral_norm_layer_2,condition_number_layer_2,stable_rank_layer_3,effective_rank_layer_3,spectral_norm_layer_3,condition_number_layer_3,stable_rank_layer_4,effective_rank_layer_4,spectral_norm_layer_4,condition_number_layer_4,end_to_end_bound
0,1.8899614810943604,1.9966111183166504,7.3163161277771,1.0600208044052124,77.87673950195312,182.5536651611328,1.1332950592041016,1020.080078125,76.5308837890625,182.20849609375,1.1450875997543335,3664.4091796875,75.492919921875,181.2832794189453,1.1517127752304077,611.8665161132812,1.8419264554977417,2.731421947479248,0.9162188768386841,1.6069846153259277,10.018843415128899
500,1.8154038190841675,1.9896693229675293,20.400400161743164,1.107423186302185,64.64862060546875,168.0135955810547,1.5525561571121216,16116.4482421875,60.64301300048828,166.5915069580078,1.5923795700073242,975.1744384765625,60.44864273071289,170.13348388671875,1.49106764793396,704.1126098632812,1.0691436529159546,1.307373285293579,9.846573829650879,9.520755767822266,740.4829961267305
1000,1.8160027265548706,1.9897428750991821,21.840396881103516,1.1070168018341064,57.005767822265625,153.60586547851562,2.092374324798584,492.8072509765625,53.91165542602539,152.29803466796875,2.1236746311187744,20313.90625,49.72938537597656,151.75997924804688,1.9271169900894165,50517.8984375,1.056450605392456,1.2646195888519287,11.965205192565918,9.563004493713379,2237.7734582431667
1500,1.8157844543457031,1.9897161722183228,22.300291061401367,1.1071648597717285,55.98234939575195,151.82180786132812,2.3660318851470947,2852.2392578125,54.12509536743164,149.86544799804688,2.370872735977173,3808.401123046875,45.84267807006836,143.01072692871094,2.1776418685913086,896.2044067382812,1.0476359128952026,1.2316300868988037,13.49063777923584,9.992424964904785,3675.008150301646
1999,1.815724492073059,1.9897087812423706,22.383834838867188,1.1072055101394653,55.84739685058594,151.80624389648438,2.4168035984039307,4734.59912109375,54.251548767089844,149.6134033203125,2.4169578552246094,1250.4735107421875,45.328651428222656,141.4362335205078,2.227098226547241,3522.5341796875,1.045939564704895,1.2251865863800049,13.975914001464844,10.054655075073242,4069.7199106634234
