epochs,full_psnr,ssim,lpips,train_psnr,test_psnr
0,13.180464744567871,0.2541394531726837,,13.35722541809082,0.0
500,19.856779098510742,0.37241658568382263,,20.76266098022461,0.0
1000,21.270057678222656,0.39677032828330994,,22.588634490966797,0.0
1500,21.841567993164062,0.41287675499916077,,23.37557029724121,0.0
1999,21.944744110107422,0.41581854224205017,,23.524959564208984,0.0
