epochs,full_psnr,ssim,lpips,train_psnr,test_psnr
0,10.97623348236084,0.030434250831604004,,11.203608512878418,0.0
500,23.149232864379883,0.5388655066490173,,30.999805450439453,0.0
1000,23.134422302246094,0.5397846102714539,,30.155540466308594,0.0
1500,22.81845474243164,0.5237378478050232,,30.676246643066406,0.0
2000,22.924959182739258,0.532555341720581,,30.210006713867188,0.0
2500,23.01438331604004,0.5333075523376465,,31.0545654296875,0.0
3000,23.439659118652344,0.5619955658912659,,31.835437774658203,0.0
3500,23.693378448486328,0.5799267888069153,,37.71367645263672,0.0
3999,23.646045684814453,0.5727309584617615,,41.81039810180664,0.0
