epochs,full_psnr,ssim,lpips,train_psnr,test_psnr
0,7.095884323120117,0.2915709316730499,,7.218494415283203,0.0
500,13.119024276733398,0.32302388548851013,,13.6304931640625,0.0
1000,13.11985969543457,0.32487472891807556,,13.630388259887695,0.0
1500,13.121219635009766,0.32873713970184326,,13.63386344909668,0.0
2000,13.122831344604492,0.3331318795681,,13.634864807128906,0.0
2500,13.123895645141602,0.33580732345581055,,13.636017799377441,0.0
2999,13.114877700805664,0.307485431432724,,14.042500495910645,0.0
