Epoch,stable_rank_layer_0,effective_rank_layer_0,spectral_norm_layer_0,condition_number_layer_0,stable_rank_layer_1,effective_rank_layer_1,spectral_norm_layer_1,condition_number_layer_1,stable_rank_layer_2,effective_rank_layer_2,spectral_norm_layer_2,condition_number_layer_2,stable_rank_layer_3,effective_rank_layer_3,spectral_norm_layer_3,condition_number_layer_3,stable_rank_layer_4,effective_rank_layer_4,spectral_norm_layer_4,condition_number_layer_4,end_to_end_bound
0,1.8878896236419678,1.9964746236801147,7.3239898681640625,1.0612568855285645,77.89401245117188,182.55270385742188,1.1331671476364136,1082.4752197265625,76.5191879272461,182.2065887451172,1.1451537609100342,8295.326171875,75.46302032470703,181.2848358154297,1.1523009538650513,634.4258422851562,1.8008986711502075,2.703644037246704,0.6760607361793518,1.6258450746536255,1184614.738718735
500,1.8644630908966064,1.9947175979614258,8.058923721313477,1.0755404233932495,77.23513793945312,182.00112915039062,1.137853980064392,309.4993896484375,75.93338012695312,181.21621704101562,1.116237998008728,835.8422241210938,64.97368621826172,174.9530029296875,1.153488278388977,1440.30615234375,1.2362608909606934,1.750734806060791,0.5970268845558167,5.806272506713867,1127839.853623572
1000,1.8548736572265625,1.9938815832138062,8.312677383422852,1.081555962562561,75.57508087158203,181.0719451904297,1.1505980491638184,3820.08984375,75.37319946289062,180.3916473388672,1.1158804893493652,643.21337890625,67.16421508789062,172.3500518798828,1.212299108505249,8900.580078125,1.2253309488296509,1.747568964958191,0.6679155826568604,5.259795188903809,1382717.9080550945
1500,1.851169228553772,1.9935394525527954,8.483756065368652,1.0839070081710815,73.97535705566406,179.79969787597656,1.1823971271514893,1042.1988525390625,75.44989776611328,179.4699249267578,1.1289666891098022,1152.4276123046875,63.08634948730469,168.34165954589844,1.371384859085083,522.234375,1.1732001304626465,1.6271706819534302,0.8138891458511353,5.7578558921813965,2022447.4973551983
1999,1.850631594657898,1.9934890270233154,8.488142013549805,1.084249496459961,73.4531478881836,179.45486450195312,1.1997736692428589,443.5692443847656,74.91251373291016,179.26174926757812,1.1612708568572998,739.6013793945312,60.660675048828125,167.03472900390625,1.5522407293319702,3718.024169921875,1.1124930381774902,1.4509999752044678,1.1209300756454468,7.417525291442871,3292327.8061689828
