epochs,full_psnr,ssim,lpips,train_psnr,test_psnr
0,10.9753999710083,0.03047206439077854,,11.203093528747559,0.0
500,22.775733947753906,0.5192866921424866,,29.661558151245117,0.0
1000,22.599910736083984,0.5142724514007568,,28.917495727539062,0.0
1500,23.048513412475586,0.5410320162773132,,32.1132926940918,0.0
1999,23.64458465576172,0.5734886527061462,,39.562904357910156,0.0
