Epoch,stable_rank_layer_0,effective_rank_layer_0,spectral_norm_layer_0,condition_number_layer_0,stable_rank_layer_1,effective_rank_layer_1,spectral_norm_layer_1,condition_number_layer_1,stable_rank_layer_2,effective_rank_layer_2,spectral_norm_layer_2,condition_number_layer_2,stable_rank_layer_3,effective_rank_layer_3,spectral_norm_layer_3,condition_number_layer_3,stable_rank_layer_4,effective_rank_layer_4,spectral_norm_layer_4,condition_number_layer_4,end_to_end_bound
0,1.8836807012557983,1.9961880445480347,7.337993621826172,1.0637812614440918,77.87486267089844,182.554443359375,1.1333004236221313,1114.9425048828125,76.51760864257812,182.20884704589844,1.1451852321624756,4006.234130859375,75.4762191772461,181.28196716308594,1.1518357992172241,612.165283203125,1.8430719375610352,2.7321183681488037,0.9161193370819092,1.6067382097244263,10.049414103026937
500,1.4093122482299805,1.8267525434494019,14.32891845703125,1.5630491971969604,63.863807678222656,169.09751892089844,1.5682449340820312,5138.01611328125,60.01646423339844,168.6005096435547,1.596706748008728,3276949.5,62.05821990966797,171.1263427734375,1.4869639873504639,1183.5035400390625,1.0704538822174072,1.3328553438186646,4.512037754058838,5.855335712432861,240.72746397529275
1000,1.4799151420593262,1.8777189254760742,17.13745880126953,1.4435032606124878,60.209129333496094,154.52407836914062,2.094770669937134,698.1962280273438,57.04709243774414,152.755859375,2.1083688735961914,22381.095703125,50.222713470458984,149.50872802734375,1.978076696395874,888.9241943359375,1.0320749282836914,1.1731665134429932,6.621303081512451,8.514510154724121,991.3250906106963
1500,1.5034198760986328,1.8918594121932983,18.662500381469727,1.4094018936157227,61.232818603515625,152.3668975830078,2.328187942504883,10080.353515625,57.26125717163086,149.55990600585938,2.3560245037078857,21881.01171875,47.1215705871582,140.51126098632812,2.230628490447998,442.3553771972656,1.0186488628387451,1.1094766855239868,8.688075065612793,11.162495613098145,1983.8940632345723
1999,1.507450819015503,1.894156813621521,18.96172332763672,1.4037926197052002,61.24025344848633,152.23275756835938,2.372065305709839,1313.385986328125,57.159671783447266,149.07896423339844,2.4029974937438965,947.141845703125,46.61541748046875,139.07200622558594,2.279648542404175,586.4496459960938,1.0161234140396118,1.096746563911438,9.363457679748535,11.9531831741333,2307.0760614498677
