epochs,full_psnr,ssim,lpips,train_psnr,test_psnr
0,10.234748840332031,0.28681787848472595,,10.491302490234375,0.0
500,15.849515914916992,0.3486453592777252,,16.86396026611328,0.0
1000,16.170398712158203,0.3537886142730713,,17.273365020751953,0.0
1500,16.463361740112305,0.3577190935611725,,17.65485954284668,0.0
1999,16.52923011779785,0.3590618669986725,,17.74213409423828,0.0
