epochs,full_psnr,ssim,lpips,train_psnr,test_psnr
0,5.733274459838867,0.1661195605993271,,5.828023910522461,0.0
500,21.348724365234375,0.4483370780944824,,28.47644805908203,0.0
1000,21.277008056640625,0.4422968327999115,,27.86543846130371,0.0
1500,21.37701988220215,0.4504868984222412,,28.255569458007812,0.0
2000,21.248882293701172,0.44360414147377014,,27.73267936706543,0.0
2500,21.945688247680664,0.5016162991523743,,32.36453628540039,0.0
2999,22.028837203979492,0.5020173192024231,,42.445796966552734,0.0
