epochs,full_psnr,ssim,lpips,train_psnr,test_psnr
0,6.759059429168701,0.015918279066681862,,6.8093061447143555,0.0
500,22.979738235473633,0.5748241543769836,,24.58991813659668,0.0
1000,23.93448257446289,0.6042556762695312,,27.473295211791992,0.0
1500,24.48126220703125,0.6287329196929932,,28.570938110351562,0.0
2000,24.45979881286621,0.62223881483078,,31.676631927490234,0.0
2500,24.492380142211914,0.6133975982666016,,35.4622802734375,0.0
3000,24.489459991455078,0.5965955853462219,,38.24627685546875,0.0
3500,24.3021183013916,0.5730039477348328,,39.25629806518555,0.0
3999,24.253543853759766,0.5675451755523682,,39.40394592285156,0.0
