epochs,full_psnr,ssim,lpips,train_psnr,test_psnr
0,10.23475170135498,0.2868178188800812,,10.491304397583008,0.0
500,15.84216022491455,0.3485132157802582,,16.854816436767578,0.0
1000,16.193496704101562,0.35300156474113464,,17.30282974243164,0.0
1500,16.619783401489258,0.36018577218055725,,17.857593536376953,0.0
2000,17.031667709350586,0.37003329396247864,,18.42011833190918,0.0
2500,17.315532684326172,0.378811240196228,,18.808610916137695,0.0
3000,17.516845703125,0.3855611979961395,,19.101579666137695,0.0
3500,17.602819442749023,0.38885045051574707,,19.227985382080078,0.0
3999,17.617250442504883,0.38942527770996094,,19.249765396118164,0.0
