Epoch,stable_rank_layer_0,effective_rank_layer_0,spectral_norm_layer_0,condition_number_layer_0,stable_rank_layer_1,effective_rank_layer_1,spectral_norm_layer_1,condition_number_layer_1,stable_rank_layer_2,effective_rank_layer_2,spectral_norm_layer_2,condition_number_layer_2,stable_rank_layer_3,effective_rank_layer_3,spectral_norm_layer_3,condition_number_layer_3,stable_rank_layer_4,effective_rank_layer_4,spectral_norm_layer_4,condition_number_layer_4,end_to_end_bound
0,1.8892008066177368,1.9965612888336182,7.316578388214111,1.060474157333374,77.88809204101562,182.55697631835938,1.13322913646698,1080.918212890625,76.53657531738281,182.21353149414062,1.1450248956680298,15080.822265625,75.4475326538086,181.2863006591797,1.1524451971054077,715.1200561523438,1.71743905544281,2.6333725452423096,0.8549273014068604,1.7252064943313599,1496615.1683988853
500,1.9411993026733398,1.9990825653076172,7.7929487228393555,1.030763864517212,77.68636322021484,182.2669677734375,1.1336231231689453,2085.013671875,76.78495788574219,181.91175842285156,1.0974339246749878,2067.486572265625,55.18659591674805,161.96812438964844,1.108126163482666,2813.649658203125,2.125436782836914,2.776458740234375,0.6419068574905396,1.6803902387619019,1103392.690616422
1000,1.9422792196273804,1.9991167783737183,7.855091571807861,1.0301730632781982,77.67103576660156,181.93544006347656,1.1375380754470825,3142.3837890625,77.19093322753906,181.57827758789062,1.097824215888977,1174.39404296875,56.07180404663086,160.08387756347656,1.1699979305267334,4074.791259765625,2.080380439758301,2.776841402053833,0.7572794556617737,1.67771315574646,1390628.9039671947
1500,1.942241907119751,1.9991155862808228,7.853585243225098,1.0301934480667114,77.85735321044922,181.91921997070312,1.1409406661987305,673.5185546875,78.32850646972656,181.3719024658203,1.1029939651489258,831.3849487304688,56.741825103759766,158.39532470703125,1.2794195413589478,812.4033813476562,1.9491397142410278,2.7446093559265137,0.9040713906288147,1.7221145629882812,1829110.0947450534
1999,1.9421684741973877,1.9991133213043213,7.85325813293457,1.03023362159729,77.87814331054688,181.92929077148438,1.1428167819976807,1034.2099609375,78.3773422241211,181.36817932128906,1.1085370779037476,2580.422607421875,56.97165298461914,157.81700134277344,1.3133611679077148,513.116455078125,1.9074947834014893,2.7276251316070557,0.9444937109947205,1.7442461252212524,1974603.6266378067
