epochs,full_psnr,ssim,lpips,train_psnr,test_psnr
0,6.759059429168701,0.015918279066681862,,6.8093061447143555,0.0
500,22.817447662353516,0.5702696442604065,,26.182992935180664,0.0
1000,24.303390502929688,0.6163772940635681,,28.976137161254883,0.0
1500,24.389972686767578,0.5826056003570557,,36.69527053833008,0.0
1999,24.225749969482422,0.5630902647972107,,37.50774002075195,0.0
