epochs,full_psnr,ssim,lpips,train_psnr,test_psnr
0,13.201255798339844,0.2543744146823883,,13.378894805908203,0.0
500,19.664936065673828,0.36919286847114563,,20.508941650390625,0.0
1000,20.8609619140625,0.38521453738212585,,22.026979446411133,0.0
1500,21.477754592895508,0.4046129882335663,,22.8857421875,0.0
2000,21.6789608001709,0.40890130400657654,,23.184280395507812,0.0
2500,21.809032440185547,0.4132911264896393,,23.398569107055664,0.0
3000,22.23714828491211,0.42396506667137146,,23.997509002685547,0.0
3500,22.54021453857422,0.4340369701385498,,24.43054962158203,0.0
3999,22.751296997070312,0.44144463539123535,,24.7476863861084,0.0
