epochs,full_psnr,ssim,lpips,train_psnr,test_psnr
0,6.756554126739502,0.015894075855612755,,6.807634353637695,0.0
500,21.775915145874023,0.522193968296051,,25.21097183227539,0.0
1000,22.864471435546875,0.5835921764373779,,26.884782791137695,0.0
1500,23.045320510864258,0.5811911225318909,,27.99346923828125,0.0
2000,23.393192291259766,0.5928804278373718,,30.488367080688477,0.0
2500,24.508426666259766,0.6112299561500549,,34.70287322998047,0.0
3000,24.44917869567871,0.5887351036071777,,37.59101104736328,0.0
3500,24.238258361816406,0.5641029477119446,,38.63813400268555,0.0
3999,24.1884765625,0.5586264133453369,,38.788734436035156,0.0
