Epoch,stable_rank_layer_0,effective_rank_layer_0,spectral_norm_layer_0,condition_number_layer_0,stable_rank_layer_1,effective_rank_layer_1,spectral_norm_layer_1,condition_number_layer_1,stable_rank_layer_2,effective_rank_layer_2,spectral_norm_layer_2,condition_number_layer_2,stable_rank_layer_3,effective_rank_layer_3,spectral_norm_layer_3,condition_number_layer_3,stable_rank_layer_4,effective_rank_layer_4,spectral_norm_layer_4,condition_number_layer_4,end_to_end_bound
0,1.9067625999450684,1.9976093769073486,7.304179668426514,1.050154447555542,77.89068603515625,182.55149841308594,1.1331971883773804,999.307861328125,76.51313781738281,182.20997619628906,1.1451828479766846,5705.2412109375,75.46617889404297,181.2848358154297,1.152369737625122,654.876953125,1.719454288482666,2.616194725036621,0.7717801332473755,1.8593641519546509,1348829.9259206052
500,1.9074232578277588,1.9976449012756348,7.970483303070068,1.0497721433639526,77.27698516845703,181.3795166015625,1.1343331336975098,2593.02783203125,75.24430084228516,180.79579162597656,1.104920744895935,3111.5078125,56.00261688232422,161.70912170410156,1.1295808553695679,30845.439453125,1.5275517702102661,2.3561298847198486,0.7242816090583801,2.4917426109313965,1307679.047905296
1000,1.9119656085968018,1.997880458831787,8.017230033874512,1.047154426574707,77.32466888427734,181.12904357910156,1.1383877992630005,1546.039794921875,74.25254821777344,180.3018798828125,1.1104971170425415,1092.734130859375,54.855377197265625,157.91102600097656,1.2117152214050293,930.9303588867188,1.4072597026824951,2.1663577556610107,0.8797733783721924,2.9645233154296875,1728714.8992399029
1500,1.911590814590454,1.9978612661361694,8.015836715698242,1.0473697185516357,77.31470489501953,181.11167907714844,1.142625331878662,1037.01708984375,74.45640563964844,179.9794158935547,1.1147514581680298,8472.1572265625,56.03990936279297,154.99688720703125,1.282482385635376,2078.74169921875,1.3820555210113525,2.116877317428589,0.9518623352050781,3.131457805633545,1994234.811576449
1999,1.911582112312317,1.9978609085083008,8.015351295471191,1.0473747253417969,77.15348815917969,181.06814575195312,1.1455596685409546,571.3172607421875,74.33343505859375,179.8301544189453,1.1184914112091064,3018.124755859375,55.7025146484375,154.15191650390625,1.3125791549682617,1435.909423828125,1.374395728111267,2.1019537448883057,0.9710543751716614,3.1808788776397705,2094411.2640803624
