epochs,full_psnr,ssim,lpips,train_psnr,test_psnr
0,9.484604835510254,0.024740001186728477,,9.531314849853516,0.0
500,25.88351058959961,0.769756019115448,,30.1921443939209,0.0
1000,29.045774459838867,0.8154875636100769,,37.92234420776367,0.0
1500,28.91305160522461,0.7998949885368347,,42.99608612060547,0.0
1999,28.815038681030273,0.7897661328315735,,43.84343719482422,0.0
