epochs,full_psnr,ssim,lpips,train_psnr,test_psnr
0,7.14047384262085,-0.019291769713163376,,7.273766994476318,0.0
500,21.45235824584961,0.42735615372657776,,32.85163879394531,0.0
1000,21.59389877319336,0.44014644622802734,,35.5167350769043,0.0
1500,21.575511932373047,0.43414270877838135,,37.89068603515625,0.0
2000,21.436668395996094,0.4156273901462555,,39.604244232177734,0.0
2500,21.297412872314453,0.39940401911735535,,40.709266662597656,0.0
2999,21.273632049560547,0.3967779576778412,,40.81613540649414,0.0
