epochs,full_psnr,ssim,lpips,train_psnr,test_psnr
0,8.37647533416748,0.09269747883081436,,8.556763648986816,0.0
500,12.534483909606934,0.21526949107646942,,13.016044616699219,0.0
1000,12.534980773925781,0.2158801108598709,,13.018073081970215,0.0
1500,12.536148071289062,0.21780496835708618,,13.018068313598633,0.0
2000,12.536877632141113,0.21915026009082794,,13.019754409790039,0.0
2500,12.537498474121094,0.22031378746032715,,13.020355224609375,0.0
2999,12.537818908691406,0.220690056681633,,13.03149127960205,0.0
