epochs,full_psnr,ssim,lpips,train_psnr,test_psnr
0,10.582746505737305,0.3064885139465332,,10.864553451538086,0.0
500,16.023954391479492,0.3609841763973236,,17.109098434448242,0.0
1000,17.042743682861328,0.3682582378387451,,18.48026466369629,0.0
1500,17.68381118774414,0.37557294964790344,,19.36554718017578,0.0
2000,18.13186264038086,0.38221290707588196,,20.07723045349121,0.0
2500,18.49243927001953,0.3888004720211029,,20.662288665771484,0.0
3000,18.722972869873047,0.39460644125938416,,21.044513702392578,0.0
3500,18.83852767944336,0.3977750837802887,,21.252105712890625,0.0
3999,18.85923194885254,0.39834854006767273,,21.29137420654297,0.0
