epochs,full_psnr,ssim,lpips,train_psnr,test_psnr
0,9.386930465698242,0.21495358645915985,,9.424777030944824,0.0
500,14.814777374267578,0.5957134962081909,,14.964094161987305,0.0
1000,14.815404891967773,0.5974802374839783,,14.962610244750977,0.0
1500,14.815271377563477,0.5965526103973389,,14.96331787109375,0.0
2000,14.815494537353516,0.598114550113678,,14.963120460510254,0.0
2500,14.81716251373291,0.6058419346809387,,14.964902877807617,0.0
2999,14.819855690002441,0.6164225339889526,,14.96859359741211,0.0
