Epoch,stable_rank_layer_0,effective_rank_layer_0,spectral_norm_layer_0,condition_number_layer_0,stable_rank_layer_1,effective_rank_layer_1,spectral_norm_layer_1,condition_number_layer_1,stable_rank_layer_2,effective_rank_layer_2,spectral_norm_layer_2,condition_number_layer_2,stable_rank_layer_3,effective_rank_layer_3,spectral_norm_layer_3,condition_number_layer_3,stable_rank_layer_4,effective_rank_layer_4,spectral_norm_layer_4,condition_number_layer_4,end_to_end_bound
0,1.9067625999450684,1.9976093769073486,7.304179668426514,1.050154447555542,77.89525604248047,182.55096435546875,1.133162260055542,972.2054443359375,76.51639556884766,182.20849609375,1.1451692581176758,9572.9130859375,75.4680404663086,181.28292846679688,1.1522597074508667,697.349365234375,1.719454288482666,2.616194725036621,0.7717801332473755,1.8593641519546509,1348643.562129867
500,1.8821572065353394,1.9960811138153076,8.099310874938965,1.0646992921829224,77.7168197631836,182.12075805664062,1.126479983329773,361.08575439453125,73.39940643310547,181.17283630371094,1.1126166582107544,2834.5693359375,62.62049102783203,165.55642700195312,1.088648796081543,807.4100341796875,1.6091389656066895,2.4448633193969727,0.644145131111145,2.3465983867645264,1138960.371023223
1000,1.8656346797943115,1.9948152303695679,8.352808952331543,1.0748125314712524,76.54938507080078,181.34153747558594,1.1436132192611694,801.7219848632812,74.06244659423828,180.37643432617188,1.0947827100753784,1176.27294921875,57.15106201171875,159.3732452392578,1.1923768520355225,2696.40771484375,1.56723952293396,2.388911247253418,0.6783291101455688,2.4868905544281006,1353360.8809792052
1500,1.8525748252868652,1.9936705827713013,8.527847290039062,1.0830131769180298,72.28750610351562,180.16798400878906,1.2043546438217163,1927.8074951171875,72.0914077758789,178.99217224121094,1.1159515380859375,1118.17822265625,53.30671691894531,154.084228515625,1.3097018003463745,1610.8900146484375,1.4848062992095947,2.2765731811523438,0.7721148133277893,2.755307912826538,1854442.7619471806
1999,1.8528916835784912,1.9936999082565308,8.521422386169434,1.0828120708465576,70.05912017822266,179.93548583984375,1.2315400838851929,62657.85546875,71.83808898925781,178.3859405517578,1.1292439699172974,876.7155151367188,52.143611907958984,152.25955200195312,1.4204767942428589,18066.5546875,1.426445722579956,2.1783535480499268,0.8763883113861084,3.0537569522857666,2360473.4889664417
