epochs,full_psnr,ssim,lpips,train_psnr,test_psnr
0,9.48316764831543,0.02473018504679203,,9.530718803405762,0.0
500,24.91447639465332,0.7582675814628601,,27.766277313232422,0.0
1000,26.528703689575195,0.7963521480560303,,28.29188346862793,0.0
1500,27.741905212402344,0.8247477412223816,,33.9615592956543,0.0
1999,29.211334228515625,0.8317660689353943,,44.68584060668945,0.0
