epochs,full_psnr,ssim,lpips,train_psnr,test_psnr
0,6.383853912353516,0.412371963262558,,6.405793190002441,0.0
500,17.86631965637207,0.22632940113544464,,18.94413185119629,0.0
1000,19.25375747680664,0.24962864816188812,,21.59119415283203,0.0
1500,19.077726364135742,0.19375406205654144,,26.14872169494629,0.0
1999,18.45673179626465,0.1613362729549408,,30.19280242919922,0.0
