epochs,full_psnr,ssim,lpips,train_psnr,test_psnr
0,9.48310375213623,0.024741077795624733,,9.531496047973633,0.0
500,27.442129135131836,0.78318852186203,,30.125829696655273,0.0
1000,27.429569244384766,0.8034375309944153,,31.59618377685547,0.0
1500,27.951852798461914,0.8101589679718018,,30.310649871826172,0.0
2000,26.275745391845703,0.7972995638847351,,29.536697387695312,0.0
2500,28.867637634277344,0.8323066234588623,,31.884693145751953,0.0
3000,29.614030838012695,0.8516690135002136,,37.4818115234375,0.0
3500,29.27057647705078,0.8482422828674316,,43.329315185546875,0.0
3999,29.2545166015625,0.8396611213684082,,46.881744384765625,0.0
