Epoch,stable_rank_layer_0,effective_rank_layer_0,spectral_norm_layer_0,condition_number_layer_0,stable_rank_layer_1,effective_rank_layer_1,spectral_norm_layer_1,condition_number_layer_1,stable_rank_layer_2,effective_rank_layer_2,spectral_norm_layer_2,condition_number_layer_2,stable_rank_layer_3,effective_rank_layer_3,spectral_norm_layer_3,condition_number_layer_3,stable_rank_layer_4,effective_rank_layer_4,spectral_norm_layer_4,condition_number_layer_4,end_to_end_bound
0,1.8614530563354492,1.9944628477096558,5.172408580780029,1.0774178504943848,76.6615219116211,182.29843139648438,0.07017100602388382,393.74298095703125,77.53168487548828,182.6173095703125,0.06976984441280365,750.607666015625,77.56165313720703,181.36195373535156,0.06923289597034454,1738.2257080078125,1.006194829940796,1.0418444871902466,0.9019402265548706,25.006359100341797,4048.0745452757033
500,1.8871517181396484,1.9964252710342407,6.458480358123779,1.0616981983184814,87.87954711914062,191.59759521484375,0.40430355072021484,555.6343994140625,52.296409606933594,183.52569580078125,0.812790036201477,54104.8515625,69.54440307617188,191.6866912841797,0.9892772436141968,27006.833984375,1.0413206815719604,1.1819632053375244,0.510796070098877,178.01425170898438,2745502.233367736
1000,1.887136459350586,1.9964241981506348,6.460418701171875,1.0617072582244873,85.45258331298828,190.1208953857422,0.3976723253726959,4645.474609375,55.415767669677734,179.50827026367188,0.7557629346847534,1174.93212890625,72.50226593017578,189.21360778808594,1.0458731651306152,104446.3046875,1.2172727584838867,1.614516019821167,0.5293224453926086,21.53084945678711,2751762.315211335
1500,1.8871434926986694,1.9964245557785034,6.46080207824707,1.061703085899353,85.54472351074219,189.74169921875,0.3956969976425171,11834.3134765625,55.964752197265625,179.37326049804688,0.7540280818939209,1326.7384033203125,74.27653503417969,188.83053588867188,1.0519932508468628,10212.505859375,1.2448018789291382,1.6644682884216309,0.5671047568321228,17.625490188598633,2944102.468658473
1999,1.8871558904647827,1.9964255094528198,6.460805892944336,1.0616956949234009,85.6078872680664,189.74423217773438,0.3956252336502075,3127.92431640625,56.177799224853516,179.40097045898438,0.7533964514732361,772.4121704101562,74.17591857910156,188.7325897216797,1.05124032497406,13459.8564453125,1.252312183380127,1.6895055770874023,0.5738121867179871,13.152851104736328,2973760.5262410985
