epochs,full_psnr,ssim,lpips,train_psnr,test_psnr
0,5.472500801086426,0.16500221192836761,,5.561900615692139,0.0
500,18.415924072265625,0.3017747402191162,,21.305465698242188,0.0
1000,19.242624282836914,0.29742923378944397,,24.31703758239746,0.0
1500,19.096601486206055,0.26540714502334595,,30.99778938293457,0.0
1999,18.81903076171875,0.24636174738407135,,36.28715133666992,0.0
