Epoch,stable_rank_layer_0,effective_rank_layer_0,spectral_norm_layer_0,condition_number_layer_0,stable_rank_layer_1,effective_rank_layer_1,spectral_norm_layer_1,condition_number_layer_1,stable_rank_layer_2,effective_rank_layer_2,spectral_norm_layer_2,condition_number_layer_2,stable_rank_layer_3,effective_rank_layer_3,spectral_norm_layer_3,condition_number_layer_3,stable_rank_layer_4,effective_rank_layer_4,spectral_norm_layer_4,condition_number_layer_4,end_to_end_bound
0,1.8948813676834106,1.9969232082366943,7.302690029144287,1.057102918624878,77.95435333251953,182.5373077392578,1.1332080364227295,852.0401000976562,76.53236389160156,182.17279052734375,1.1451153755187988,701.4022216796875,75.42549896240234,181.31214904785156,1.1571334600448608,1147.7811279296875,2.675100326538086,2.988671064376831,0.6104555130004883,1.1053985357284546,1071024.0263352762
500,1.8929847478866577,1.9968048334121704,7.306575775146484,1.0582249164581299,77.85951232910156,182.38616943359375,1.1439803838729858,3812.58349609375,75.96415710449219,182.03688049316406,1.149100422859192,1036.966796875,36.01179885864258,165.3522491455078,1.9258617162704468,2411.05029296875,1.2709457874298096,1.6794673204421997,0.6220734715461731,152.06146240234375,1841099.3238049813
1000,1.8932042121887207,1.9968186616897583,7.308050155639648,1.05809485912323,76.63764190673828,182.3154754638672,1.156087040901184,455.1282958984375,75.86114501953125,182.0123291015625,1.1521254777908325,3710.490478515625,37.294639587402344,162.35952758789062,2.075740098953247,17193.587890625,1.3074244260787964,1.7255709171295166,0.6877134442329407,235.5348358154297,2223270.4982512277
1500,1.8937028646469116,1.9968500137329102,7.308569431304932,1.0577995777130127,74.8482666015625,182.2020721435547,1.1717718839645386,773.3599243164062,75.83773803710938,182.00927734375,1.1539783477783203,2887.695556640625,37.785125732421875,160.4503936767578,2.184002637863159,1773.5924072265625,1.3166025876998901,1.736283779144287,0.7357882857322693,256.0700988769531,2540967.5623219293
1999,1.8938313722610474,1.9968581199645996,7.308682918548584,1.0577236413955688,74.3523178100586,182.1654052734375,1.1763041019439697,1415.712646484375,75.8269271850586,182.00912475585938,1.1542483568191528,3318.572509765625,37.839481353759766,160.0746307373047,2.2006523609161377,1797.720947265625,1.3178972005844116,1.7377671003341675,0.7416150569915771,258.9825439453125,2591241.918440391
