epochs,full_psnr,ssim,lpips,train_psnr,test_psnr
0,13.50623893737793,0.3604316711425781,,13.934206008911133,0.0
500,20.483726501464844,0.46100425720214844,,23.233964920043945,0.0
1000,21.145721435546875,0.4697715938091278,,24.577438354492188,0.0
1500,19.06460189819336,0.44380590319633484,,20.85782814025879,0.0
2000,20.618682861328125,0.46250009536743164,,23.48461151123047,0.0
2500,21.012393951416016,0.4670773446559906,,24.2862606048584,0.0
3000,21.206180572509766,0.46949395537376404,,24.713518142700195,0.0
3500,21.285324096679688,0.47039327025413513,,24.89645004272461,0.0
3999,21.298799514770508,0.4705042541027069,,24.92860984802246,0.0
