epochs,full_psnr,ssim,lpips,train_psnr,test_psnr
0,5.828981399536133,0.01630781590938568,,5.859140872955322,0.0
500,25.91290283203125,0.7640788555145264,,30.605770111083984,0.0
1000,25.657072067260742,0.7915740013122559,,30.02631378173828,0.0
1500,26.614707946777344,0.8130302429199219,,32.17374038696289,0.0
2000,12.068456649780273,0.7082481980323792,,12.166580200195312,0.0
2500,12.95705795288086,0.674806535243988,,13.076163291931152,0.0
2999,22.691341400146484,0.7560505867004395,,23.990882873535156,0.0
