Epoch,stable_rank_layer_0,effective_rank_layer_0,spectral_norm_layer_0,condition_number_layer_0,stable_rank_layer_1,effective_rank_layer_1,spectral_norm_layer_1,condition_number_layer_1,stable_rank_layer_2,effective_rank_layer_2,spectral_norm_layer_2,condition_number_layer_2,stable_rank_layer_3,effective_rank_layer_3,spectral_norm_layer_3,condition_number_layer_3,stable_rank_layer_4,effective_rank_layer_4,spectral_norm_layer_4,condition_number_layer_4,end_to_end_bound
0,1.8978840112686157,1.9971058368682861,7.27543306350708,1.0553338527679443,77.87140655517578,182.55279541015625,1.1333316564559937,982.7838745117188,76.50712585449219,182.2017059326172,1.145245909690857,83721.2578125,75.46319580078125,181.28793334960938,1.1523330211639404,680.4506225585938,1.72993803024292,2.645928144454956,0.8674289584159851,1.690550446510315,1510241.9341699919
500,1.8937550783157349,1.9968533515930176,7.897454261779785,1.0577688217163086,77.26651763916016,182.10963439941406,1.1501317024230957,100647.34375,74.5460433959961,180.17742919921875,1.139737606048584,2223.24853515625,52.215171813964844,167.38291931152344,1.223022699356079,18967.037109375,1.1944046020507812,1.6873910427093506,0.5945864915847778,5.2135467529296875,1204506.3966030837
1000,1.890845537185669,1.9966685771942139,7.977086067199707,1.0594947338104248,73.32149505615234,181.2353057861328,1.1909399032592773,566.1910400390625,72.42613220214844,178.685791015625,1.1399872303009033,2034.4144287109375,53.76166915893555,161.41668701171875,1.2573751211166382,1054.671142578125,1.2200264930725098,1.7757927179336548,0.6073259115219116,4.224477767944336,1323246.5413536334
1500,1.8869398832321167,1.9964110851287842,9.352434158325195,1.0618247985839844,68.82377624511719,179.94200134277344,1.2851722240447998,711.8321533203125,73.3903579711914,181.5252227783203,1.255159616470337,277396.15625,57.29853057861328,165.93087768554688,1.3920446634292603,16987.693359375,1.0190187692642212,1.1009297370910645,4.30157470703125,34.60603332519531,14453917.456133978
1999,1.8879783153533936,1.9964804649353027,9.328301429748535,1.061203956604004,70.12127685546875,179.67774963378906,1.3351529836654663,1373.253662109375,75.94816589355469,184.99227905273438,1.3607308864593506,1095.0538330078125,59.10144805908203,170.0117645263672,1.4754760265350342,504.1995544433594,1.0274168252944946,1.1352636814117432,4.3101396560668945,33.40702819824219,17244449.188452713
