epochs,full_psnr,ssim,lpips,train_psnr,test_psnr
0,5.828981399536133,0.01630781590938568,,5.859140872955322,0.0
500,26.764385223388672,0.7762236595153809,,31.8623046875,0.0
1000,26.167064666748047,0.7926144599914551,,31.192548751831055,0.0
1500,21.817256927490234,0.7380157113075256,,22.849531173706055,0.0
1999,25.572418212890625,0.7936797738075256,,28.60735321044922,0.0
