epochs,full_psnr,ssim,lpips,train_psnr,test_psnr
0,6.965057849884033,0.12287119776010513,,7.084789276123047,0.0
500,12.847857475280762,0.3213273286819458,,13.33167839050293,0.0
1000,12.849103927612305,0.32498699426651,,13.334318161010742,0.0
1500,12.850645065307617,0.3292609453201294,,13.335836410522461,0.0
2000,12.852802276611328,0.3352940082550049,,13.338630676269531,0.0
2500,12.854504585266113,0.33990684151649475,,13.339889526367188,0.0
2999,12.854766845703125,0.34081077575683594,,13.364740371704102,0.0
