epochs,full_psnr,ssim,lpips,train_psnr,test_psnr
0,9.583043098449707,0.3588550388813019,,9.860161781311035,0.0
500,13.961676597595215,0.4271356165409088,,14.768677711486816,0.0
1000,15.370281219482422,0.4390554428100586,,16.527503967285156,0.0
1500,15.91711139678955,0.4478435814380646,,17.26708984375,0.0
1999,16.027973175048828,0.4498353898525238,,17.418153762817383,0.0
