Epoch,stable_rank_layer_0,effective_rank_layer_0,spectral_norm_layer_0,condition_number_layer_0,stable_rank_layer_1,effective_rank_layer_1,spectral_norm_layer_1,condition_number_layer_1,stable_rank_layer_2,effective_rank_layer_2,spectral_norm_layer_2,condition_number_layer_2,stable_rank_layer_3,effective_rank_layer_3,spectral_norm_layer_3,condition_number_layer_3,stable_rank_layer_4,effective_rank_layer_4,spectral_norm_layer_4,condition_number_layer_4,end_to_end_bound
0,1.8614530563354492,1.9944628477096558,5.172408580780029,1.0774178504943848,76.67816925048828,182.31260681152344,0.07016332447528839,405.6557922363281,77.71650695800781,182.56724548339844,0.06966760754585266,528.6126098632812,77.77604675292969,181.64964294433594,0.06913502514362335,2944.048095703125,1.006194829940796,1.0418444871902466,0.9019402265548706,25.006359100341797,4035.9866971753263
500,1.9392093420028687,1.9990174770355225,6.663239479064941,1.0318553447723389,94.19884490966797,202.2744903564453,0.6403602361679077,586.966796875,101.03733825683594,218.0398712158203,0.7581220865249634,2161.3896484375,107.56165313720703,220.1776885986328,0.9617542028427124,73386.703125,1.000096321105957,1.0010074377059937,0.24738606810569763,447.7781982421875,1970281.2471005977
1000,1.9040507078170776,1.997461199760437,7.333210468292236,1.0517284870147705,81.67874908447266,191.583251953125,0.7783263325691223,530.5390014648438,92.09162139892578,204.39901733398438,0.8787994980812073,163.96939086914062,99.9767074584961,209.7281951904297,1.070212960243225,2428.35205078125,1.0000829696655273,1.0008808374404907,0.25123268365859985,476.9456787109375,3452486.448435657
1500,1.8788294792175293,1.9958422183990479,7.600358963012695,1.0667132139205933,82.2102279663086,190.01014709472656,0.7894383072853088,429.81048583984375,91.14351654052734,202.44847106933594,0.9020478129386902,320.18011474609375,97.98815155029297,207.94886779785156,1.097283124923706,13701.8134765625,1.0000470876693726,1.0005258321762085,0.24738368391990662,640.825439453125,3761071.3899207446
1999,1.8801215887069702,1.9959357976913452,7.623868942260742,1.065929889678955,82.0887680053711,189.95860290527344,0.7898021340370178,505.7959289550781,90.48531341552734,202.36151123046875,0.9063181281089783,330.9113464355469,97.67117309570312,207.8446807861328,1.099677324295044,1482.375732421875,1.0000883340835571,1.000928282737732,0.26451724767684937,555.170166015625,4063812.1270593074
