epochs,full_psnr,ssim,lpips,train_psnr,test_psnr
0,9.484604835510254,0.024740001186728477,,9.531314849853516,0.0
500,25.924375534057617,0.7724946141242981,,28.79779052734375,0.0
1000,27.500295639038086,0.8057496547698975,,33.280635833740234,0.0
1500,28.848926544189453,0.8197011947631836,,38.52070236206055,0.0
2000,29.076393127441406,0.8145031929016113,,42.91177749633789,0.0
2500,28.894737243652344,0.7988124489784241,,44.860572814941406,0.0
2999,28.848777770996094,0.7939658164978027,,45.177833557128906,0.0
