Epoch,stable_rank_layer_0,effective_rank_layer_0,spectral_norm_layer_0,condition_number_layer_0,stable_rank_layer_1,effective_rank_layer_1,spectral_norm_layer_1,condition_number_layer_1,stable_rank_layer_2,effective_rank_layer_2,spectral_norm_layer_2,condition_number_layer_2,stable_rank_layer_3,effective_rank_layer_3,spectral_norm_layer_3,condition_number_layer_3,stable_rank_layer_4,effective_rank_layer_4,spectral_norm_layer_4,condition_number_layer_4,end_to_end_bound
0,1.8807226419448853,1.9959791898727417,7.314158916473389,1.0655661821365356,77.89328002929688,182.55270385742188,1.1331919431686401,977.5760498046875,76.5311050415039,182.20797729492188,1.1451011896133423,4298.798828125,75.47806549072266,181.28085327148438,1.1518418788909912,610.6722412109375,1.8422205448150635,2.731600046157837,0.9159834980964661,1.6069328784942627,10.01364637228784
500,1.7006518840789795,1.9690961837768555,19.553625106811523,1.1946723461151123,70.77182006835938,176.12620544433594,1.6387062072753906,494.817138671875,70.45448303222656,173.85501098632812,1.5943976640701294,1442.7794189453125,61.885841369628906,171.71136474609375,1.5018954277038574,980.049560546875,1.197322130203247,1.6821284294128418,6.552065849304199,5.624628067016602,502.7394680067259
1000,1.688747763633728,1.9661251306533813,22.462158203125,1.2049524784088135,73.494873046875,169.2355194091797,2.123656988143921,3602.187255859375,68.76802825927734,163.55026245117188,2.100078821182251,622.9088134765625,47.329002380371094,152.017822265625,1.9966201782226562,423.4027099609375,1.1470750570297241,1.5642505884170532,9.36194896697998,5.80916166305542,1872.5489236930323
1500,1.6803852319717407,1.963930606842041,23.553024291992188,1.2123347520828247,73.19969940185547,166.36328125,2.355248212814331,2787.354736328125,68.98976135253906,159.57249450683594,2.3231115341186523,1825.9945068359375,43.096763610839844,142.6468505859375,2.2602956295013428,7770.53076171875,1.1153310537338257,1.464640736579895,11.678553581237793,6.895918846130371,3401.7917760550727
1999,1.6790220737457275,1.963564157485962,23.76349449157715,1.2135510444641113,72.91210174560547,165.8690185546875,2.399047613143921,2266.796630859375,68.77011108398438,158.8698272705078,2.3681416511535645,5175.5693359375,42.59800338745117,140.92446899414062,2.3093745708465576,1018.5701293945312,1.1089404821395874,1.4467304944992065,12.286319732666016,6.906502723693848,3830.655012094379
