epochs,full_psnr,ssim,lpips,train_psnr,test_psnr
0,14.001619338989258,0.6017627120018005,,14.124127388000488,0.0
500,17.984983444213867,0.6739605069160461,,18.29981231689453,0.0
1000,19.71584701538086,0.7046312689781189,,20.207555770874023,0.0
1500,20.701126098632812,0.7186496257781982,,21.323989868164062,0.0
1999,20.911865234375,0.7223818302154541,,21.570302963256836,0.0
