epochs,full_psnr,ssim,lpips,train_psnr,test_psnr
0,9.493304252624512,0.18130910396575928,,9.659489631652832,0.0
500,19.696718215942383,0.2961829900741577,,22.251483917236328,0.0
1000,21.60980987548828,0.4082588851451874,,25.861526489257812,0.0
1500,21.980247497558594,0.4463774263858795,,26.695899963378906,0.0
2000,21.169696807861328,0.42490658164024353,,24.661598205566406,0.0
2500,14.728168487548828,0.3713008463382721,,15.306452751159668,0.0
3000,14.728900909423828,0.37299370765686035,,15.306839942932129,0.0
3500,14.730076789855957,0.3760240077972412,,15.308084487915039,0.0
3999,14.731119155883789,0.3782052993774414,,15.30958080291748,0.0
