epochs,full_psnr,ssim,lpips,train_psnr,test_psnr
0,13.667267799377441,0.4598259925842285,,13.969931602478027,0.0
500,17.658985137939453,0.5114211440086365,,18.467424392700195,0.0
1000,19.647226333618164,0.5325673222541809,,20.998950958251953,0.0
1500,20.88179588317871,0.5520077347755432,,22.809097290039062,0.0
2000,21.542024612426758,0.5639482140541077,,23.890010833740234,0.0
2500,21.83956527709961,0.5700456500053406,,24.412094116210938,0.0
2999,21.88772201538086,0.5710442066192627,,24.50232696533203,0.0
