Epoch,stable_rank_layer_0,effective_rank_layer_0,spectral_norm_layer_0,condition_number_layer_0,stable_rank_layer_1,effective_rank_layer_1,spectral_norm_layer_1,condition_number_layer_1,stable_rank_layer_2,effective_rank_layer_2,spectral_norm_layer_2,condition_number_layer_2,stable_rank_layer_3,effective_rank_layer_3,spectral_norm_layer_3,condition_number_layer_3,stable_rank_layer_4,effective_rank_layer_4,spectral_norm_layer_4,condition_number_layer_4,end_to_end_bound
0,1.8766460418701172,1.9956809282302856,7.329784393310547,1.0680408477783203,77.877685546875,182.55531311035156,1.1332859992980957,997.5718383789062,76.51988220214844,182.207275390625,1.145161747932434,15682.890625,75.45186614990234,181.2836151123047,1.1522654294967651,640.735595703125,1.7404346466064453,2.656052589416504,0.8530828356742859,1.6533056497573853,1496102.246576225
500,1.8449320793151855,1.9929395914077759,8.28069019317627,1.0879002809524536,76.93678283691406,181.9927978515625,1.1450681686401367,726.927490234375,76.99229431152344,181.712890625,1.121505856513977,714.8184814453125,62.946533203125,172.76614379882812,1.1314208507537842,1505.513671875,1.365792155265808,1.8298239707946777,0.6217536330223083,12.656641960144043,1196911.1610614066
1000,1.8459035158157349,1.993035078048706,8.518670082092285,1.0872753858566284,76.53981018066406,181.20506286621094,1.1550410985946655,476.27752685546875,77.01531982421875,181.5092010498047,1.1196612119674683,510.3204345703125,63.8537712097168,170.1634979248047,1.1849734783172607,461.8244934082031,1.31364905834198,1.7926945686340332,0.7541778087615967,9.932830810546875,1575281.715179597
1500,1.8451980352401733,1.9929659366607666,8.68746566772461,1.0877292156219482,75.80546569824219,180.06027221679688,1.182167410850525,1833.6102294921875,75.8971176147461,181.03750610351562,1.14289128780365,674.2606201171875,62.32637023925781,165.53684997558594,1.2964046001434326,572.32373046875,1.2313506603240967,1.7035514116287231,0.9905641078948975,7.642765045166016,2411682.5446733646
1999,1.8457820415496826,1.993023157119751,8.690949440002441,1.0873535871505737,75.43964385986328,179.8677215576172,1.1965267658233643,1504.53271484375,75.057861328125,180.89590454101562,1.1732242107391357,434.7802734375,61.72690963745117,165.21400451660156,1.4414657354354858,716.6634521484375,1.1723963022232056,1.6489359140396118,1.3830164670944214,4.823440074920654,3891547.315183866
