epochs,full_psnr,ssim,lpips,train_psnr,test_psnr
0,5.981863975524902,0.015673823654651642,,6.102511405944824,0.0
500,19.300382614135742,0.5104718804359436,,23.368711471557617,0.0
1000,19.506261825561523,0.5411609411239624,,23.66423797607422,0.0
1500,20.36212158203125,0.5739927291870117,,26.64516258239746,0.0
1999,21.4730224609375,0.5838814377784729,,37.3980712890625,0.0
