Epoch,stable_rank_layer_0,effective_rank_layer_0,spectral_norm_layer_0,condition_number_layer_0,stable_rank_layer_1,effective_rank_layer_1,spectral_norm_layer_1,condition_number_layer_1,stable_rank_layer_2,effective_rank_layer_2,spectral_norm_layer_2,condition_number_layer_2,stable_rank_layer_3,effective_rank_layer_3,spectral_norm_layer_3,condition_number_layer_3,stable_rank_layer_4,effective_rank_layer_4,spectral_norm_layer_4,condition_number_layer_4,end_to_end_bound
0,1.8407071828842163,1.9925158023834229,5.222754955291748,1.0906304121017456,76.5519790649414,182.1155548095703,0.07013900578022003,3200.800537109375,77.33462524414062,182.41661071777344,0.06979699432849884,324.4527893066406,77.61228942871094,181.4728546142578,0.06917056441307068,673.793212890625,1.0091121196746826,1.0572915077209473,0.9006527066230774,24.89533042907715,inf
500,1.9092875719070435,1.9977431297302246,6.727312088012695,1.0486953258514404,72.84305572509766,178.2430877685547,0.549620509147644,410.25970458984375,51.2674446105957,178.68313598632812,0.7910661101341248,3087.537109375,54.67626953125,162.62599182128906,0.9365794658660889,3325.9365234375,1.0000739097595215,1.0007987022399902,0.33141976594924927,394.0441589355469,inf
1000,1.9591597318649292,1.9995654821395874,6.912099838256836,1.0210676193237305,74.10962677001953,179.10011291503906,0.6412043571472168,550.1199951171875,58.660213470458984,179.58831787109375,0.8344019055366516,880.2119750976562,57.786895751953125,167.5347137451172,0.9880997538566589,6777.73828125,1.0000555515289307,1.0006221532821655,0.33004745841026306,367.4462585449219,inf
1500,1.9598671197891235,1.99958074092865,7.093759536743164,1.0206913948059082,73.76594543457031,179.33238220214844,0.6663508415222168,505.916259765625,60.45402908325195,179.9105987548828,0.8453242182731628,359.1912536621094,59.01030349731445,168.5153045654297,0.9979256391525269,4833.36572265625,1.0000324249267578,1.00037682056427,0.3275355398654938,618.0492553710938,inf
1999,1.947192668914795,1.9992645978927612,7.137029647827148,1.0274977684020996,74.10069274902344,179.26132202148438,0.6658071875572205,707.6464233398438,60.63416290283203,179.89515686035156,0.8455252051353455,1140.8834228515625,59.20380783081055,168.5580596923828,0.9971705675125122,4845.796875,1.0000247955322266,1.0002899169921875,0.3269459307193756,1305.54443359375,inf
