Epoch,stable_rank_layer_0,effective_rank_layer_0,spectral_norm_layer_0,condition_number_layer_0,stable_rank_layer_1,effective_rank_layer_1,spectral_norm_layer_1,condition_number_layer_1,stable_rank_layer_2,effective_rank_layer_2,spectral_norm_layer_2,condition_number_layer_2,stable_rank_layer_3,effective_rank_layer_3,spectral_norm_layer_3,condition_number_layer_3,stable_rank_layer_4,effective_rank_layer_4,spectral_norm_layer_4,condition_number_layer_4,end_to_end_bound
0,1.8614530563354492,1.9944628477096558,5.172408580780029,1.0774178504943848,76.67526245117188,182.35781860351562,0.07010969519615173,351.1470642089844,77.51122283935547,182.5843963623047,0.0696466714143753,377.2688293457031,77.64967346191406,181.7551727294922,0.06921809911727905,1072.8521728515625,1.006194829940796,1.0418444871902466,0.9019402265548706,25.006359100341797,4036.5344042396073
500,1.8383551836013794,1.9922734498977661,6.171530723571777,1.0921592712402344,36.78163146972656,149.45291137695312,0.32327237725257874,568.5751953125,18.462636947631836,145.3619842529297,0.484892874956131,5705.357421875,14.099554061889648,97.4732894897461,0.7553829550743103,9619.9560546875,1.140148639678955,1.5171185731887817,0.29932335019111633,7.84377908706665,559957.4647447356
1000,1.8383772373199463,1.992275595664978,6.173699378967285,1.0921448469161987,45.7034797668457,147.13018798828125,0.3348240852355957,1284.6202392578125,30.42055892944336,159.5279083251953,0.3813571631908417,1387.6383056640625,21.119548797607422,127.69439697265625,0.7388870716094971,7360.81787109375,1.1702070236206055,1.6069893836975098,0.29964789748191833,6.415084362030029,446810.47415690013
1500,1.8378422260284424,1.9922200441360474,6.178924083709717,1.0924936532974243,51.0636100769043,145.03269958496094,0.3589060306549072,994.1107177734375,36.298431396484375,162.81105041503906,0.3599923849105835,646.9725341796875,35.005897521972656,144.3897247314453,0.7897627949714661,4012.31201171875,1.1939812898635864,1.6643052101135254,0.30268222093582153,6.07708215713501,488551.64180908527
1999,1.8375375270843506,1.9921882152557373,6.179461479187012,1.092692255973816,51.366703033447266,145.92465209960938,0.3583563268184662,689.1404418945312,37.62147903442383,163.12872314453125,0.3574840724468231,1191.1337890625,37.357421875,146.3939666748047,0.7937865853309631,7210.6455078125,1.2107677459716797,1.7014718055725098,0.30904343724250793,5.907778263092041,497147.944918461
