epochs,full_psnr,ssim,lpips,train_psnr,test_psnr
0,5.733274459838867,0.1661195605993271,,5.828023910522461,0.0
500,21.310562133789062,0.447256475687027,,28.278196334838867,0.0
1000,21.285728454589844,0.4416954219341278,,28.032512664794922,0.0
1500,21.722213745117188,0.47978687286376953,,30.26776123046875,0.0
1999,22.02190589904785,0.5000024437904358,,41.731266021728516,0.0
