epochs,full_psnr,ssim,lpips,train_psnr,test_psnr
0,5.826852321624756,0.016337038949131966,,5.857013702392578,0.0
500,26.42757225036621,0.7635135054588318,,32.13373947143555,0.0
1000,25.902297973632812,0.777737557888031,,30.753150939941406,0.0
1500,27.302379608154297,0.803809404373169,,32.57571029663086,0.0
2000,27.275489807128906,0.7952015995979309,,36.50437927246094,0.0
2500,27.635910034179688,0.781879186630249,,40.96817398071289,0.0
3000,27.67347526550293,0.7623981833457947,,44.70035934448242,0.0
3500,27.5614070892334,0.7431158423423767,,46.04254913330078,0.0
3999,27.5266056060791,0.7383479475975037,,46.26376724243164,0.0
