epochs,full_psnr,ssim,lpips,train_psnr,test_psnr
0,6.545226573944092,0.41268476843833923,,6.568116188049316,0.0
500,25.625341415405273,0.6291477084159851,,27.991985321044922,0.0
1000,26.376670837402344,0.6992061734199524,,29.27108383178711,0.0
1500,26.69114875793457,0.7327503561973572,,29.797372817993164,0.0
2000,26.71053123474121,0.7618905901908875,,29.80440330505371,0.0
2500,28.749740600585938,0.8272565007209778,,35.482872009277344,0.0
2999,29.42041015625,0.8322124481201172,,43.943504333496094,0.0
