epochs,full_psnr,ssim,lpips,train_psnr,test_psnr
0,6.545226573944092,0.41268476843833923,,6.568116188049316,0.0
500,25.61174774169922,0.6296045184135437,,28.10407829284668,0.0
1000,26.60334014892578,0.6949501037597656,,29.853164672851562,0.0
1500,27.318296432495117,0.7342483997344971,,31.48141098022461,0.0
2000,28.162105560302734,0.7623754143714905,,33.85517120361328,0.0
2500,28.605266571044922,0.774662971496582,,36.27473449707031,0.0
3000,28.71898651123047,0.7613136768341064,,39.242706298828125,0.0
3500,28.564327239990234,0.7299256324768066,,46.0205078125,0.0
3999,28.453521728515625,0.7151057124137878,,48.31077575683594,0.0
