Epoch,stable_rank_layer_0,effective_rank_layer_0,spectral_norm_layer_0,condition_number_layer_0,stable_rank_layer_1,effective_rank_layer_1,spectral_norm_layer_1,condition_number_layer_1,stable_rank_layer_2,effective_rank_layer_2,spectral_norm_layer_2,condition_number_layer_2,stable_rank_layer_3,effective_rank_layer_3,spectral_norm_layer_3,condition_number_layer_3,stable_rank_layer_4,effective_rank_layer_4,spectral_norm_layer_4,condition_number_layer_4,end_to_end_bound
0,1.8807226419448853,1.9959791898727417,7.314158916473389,1.0655661821365356,77.89328002929688,182.55270385742188,1.1331919431686401,977.5760498046875,76.5311050415039,182.20797729492188,1.1451011896133423,4298.798828125,75.47806549072266,181.28085327148438,1.1518418788909912,610.6722412109375,1.8422205448150635,2.731600046157837,0.9159834980964661,1.6069328784942627,10.01364637228784
500,1.702724575996399,1.9695957899093628,19.55876922607422,1.1929093599319458,70.733154296875,175.9173583984375,1.636975884437561,374.474853515625,70.30496215820312,173.8789825439453,1.5975128412246704,3771.6904296875,61.379764556884766,171.60838317871094,1.5092823505401611,2368.954833984375,1.2045913934707642,1.6978771686553955,6.434685707092285,5.584788799285889,496.73641033535307
1000,1.687752366065979,1.965868592262268,22.510120391845703,1.2058240175247192,73.03376770019531,167.68040466308594,2.1135547161102295,1486.8052978515625,68.61077880859375,163.43020629882812,2.1024396419525146,2374.722900390625,47.5944709777832,152.05850219726562,1.994054913520813,2131.16259765625,1.1577081680297852,1.577265739440918,8.980430603027344,6.496269226074219,1791.2208054237024
1500,1.6818411350250244,1.9643192291259766,23.568805694580078,1.2110397815704346,71.1850814819336,164.04434204101562,2.364410638809204,1094.9459228515625,67.97627258300781,159.43223571777344,2.3425893783569336,1071.0181884765625,42.9455680847168,142.60337829589844,2.267303943634033,1184.9617919921875,1.1467955112457275,1.5521676540374756,10.443902969360352,6.449270725250244,3091.2150726079067
1999,1.6803250312805176,1.963914394378662,23.777515411376953,1.2123883962631226,70.80342864990234,163.48773193359375,2.409632444381714,796.7018432617188,67.71434783935547,158.742919921875,2.389174461364746,792.7452392578125,42.41860580444336,140.9055938720703,2.317456007003784,630.1145629882812,1.1415244340896606,1.5332571268081665,10.778240203857422,6.841123104095459,3419.1999173505915
