Epoch,stable_rank_layer_0,effective_rank_layer_0,spectral_norm_layer_0,condition_number_layer_0,stable_rank_layer_1,effective_rank_layer_1,spectral_norm_layer_1,condition_number_layer_1,stable_rank_layer_2,effective_rank_layer_2,spectral_norm_layer_2,condition_number_layer_2,stable_rank_layer_3,effective_rank_layer_3,spectral_norm_layer_3,condition_number_layer_3,stable_rank_layer_4,effective_rank_layer_4,spectral_norm_layer_4,condition_number_layer_4,end_to_end_bound
0,1.8454177379608154,1.9929873943328857,5.205366611480713,1.087587833404541,76.3388671875,182.1783447265625,0.0702265277504921,637.0941162109375,77.15782165527344,182.44288635253906,0.06981588155031204,349.59930419921875,77.74940490722656,181.70750427246094,0.06916303932666779,1574.9302978515625,1.003196120262146,1.0239859819412231,0.9033270478248596,25.50893783569336,inf
500,1.9053293466567993,1.997531771659851,6.405815601348877,1.0509854555130005,48.867759704589844,153.76356506347656,0.37362557649612427,1205.7840576171875,28.81533432006836,147.40615844726562,0.8367834091186523,1332.360107421875,30.677629470825195,125.3365707397461,1.0060396194458008,43183.30078125,1.0078480243682861,1.0469951629638672,0.44218358397483826,126.76750183105469,inf
1000,1.9051927328109741,1.9975242614746094,6.406269073486328,1.0510647296905518,50.261444091796875,155.07354736328125,0.3691919445991516,2230.8525390625,33.72401809692383,157.01841735839844,0.8572595119476318,2339.699951171875,34.94247817993164,138.10302734375,1.0220547914505005,55396.1171875,1.0093514919281006,1.0545456409454346,0.440731406211853,103.95230102539062,inf
1500,1.9052523374557495,1.9975274801254272,6.406184196472168,1.051030158996582,50.47208786010742,155.22950744628906,0.3684004247188568,2346.74853515625,33.84239196777344,157.7724609375,0.8447856903076172,761.089111328125,36.4434814453125,141.6383056640625,1.0312711000442505,47055.2109375,1.0110074281692505,1.0623661279678345,0.4512837529182434,113.41039276123047,inf
1999,1.905264973640442,1.9975281953811646,6.406115531921387,1.0510227680206299,50.46873092651367,155.2484588623047,0.36842483282089233,3520.231689453125,34.00127029418945,157.84320068359375,0.8450780510902405,33657.0390625,36.528072357177734,141.77777099609375,1.0299596786499023,14537.013671875,1.016188621520996,1.0867030620574951,0.45515644550323486,59.53470993041992,inf
