epochs,full_psnr,ssim,lpips,train_psnr,test_psnr
0,5.735726356506348,0.09776125103235245,,5.822532653808594,0.0
500,19.772878646850586,0.503433108329773,,23.64031219482422,0.0
1000,20.76502227783203,0.5569688081741333,,26.874544143676758,0.0
1500,20.92165184020996,0.5225648880004883,,34.142669677734375,0.0
1999,20.612258911132812,0.481999009847641,,39.90876007080078,0.0
