epochs,full_psnr,ssim,lpips,train_psnr,test_psnr
0,9.349892616271973,0.2091880440711975,,9.38737964630127,0.0
500,20.087888717651367,0.3325636088848114,,21.472564697265625,0.0
1000,23.181068420410156,0.5026371479034424,,24.726795196533203,0.0
1500,24.472259521484375,0.6222816109657288,,26.056884765625,0.0
2000,21.165584564208984,0.6099188327789307,,21.833816528320312,0.0
2500,14.816217422485352,0.6021397113800049,,14.964576721191406,0.0
2999,14.819737434387207,0.6159663200378418,,14.96803092956543,0.0
