Epoch,stable_rank_layer_0,effective_rank_layer_0,spectral_norm_layer_0,condition_number_layer_0,stable_rank_layer_1,effective_rank_layer_1,spectral_norm_layer_1,condition_number_layer_1,stable_rank_layer_2,effective_rank_layer_2,spectral_norm_layer_2,condition_number_layer_2,stable_rank_layer_3,effective_rank_layer_3,spectral_norm_layer_3,condition_number_layer_3,stable_rank_layer_4,effective_rank_layer_4,spectral_norm_layer_4,condition_number_layer_4,end_to_end_bound
0,1.8614530563354492,1.9944628477096558,5.172408580780029,1.0774178504943848,76.6171875,182.25856018066406,0.07015139609575272,536.7366333007812,77.6548843383789,182.60311889648438,0.06965795904397964,524.094970703125,77.5146255493164,181.5341339111328,0.06924954801797867,727.3427734375,1.006194829940796,1.0418444871902466,0.9019402265548706,25.006359100341797,4041.425272469518
500,1.851538896560669,1.9935742616653442,6.273439407348633,1.0836718082427979,55.75058364868164,158.2279052734375,0.37301215529441833,973.9110107421875,25.691076278686523,158.6822967529297,0.6809605360031128,1777.29736328125,55.13463592529297,155.2986602783203,0.9913453459739685,13166.345703125,1.1361244916915894,1.4968202114105225,0.4070006012916565,8.938178062438965,1645927.2065376185
1000,1.8513555526733398,1.993557095527649,6.2751007080078125,1.0837883949279785,59.10694885253906,159.8734893798828,0.35823705792427063,3926.931640625,31.686065673828125,160.8682098388672,0.5991781949996948,1455.27099609375,60.40829086303711,163.19696044921875,1.0884313583374023,31984.578125,1.163655161857605,1.572587490081787,0.386785089969635,7.706987380981445,1451636.7192309687
1500,1.8508379459381104,1.9935084581375122,6.277638912200928,1.0841180086135864,61.989376068115234,160.59490966796875,0.341158002614975,2713.23583984375,35.36259841918945,161.9003143310547,0.563916027545929,1594.3345947265625,64.32300567626953,167.28541564941406,1.2003934383392334,56707.8671875,1.172656774520874,1.5924817323684692,0.3819725513458252,7.664176940917969,1417627.294942118
1999,1.850853681564331,1.993510127067566,6.277454853057861,1.0841079950332642,61.313819885253906,160.22462463378906,0.3461427092552185,11302.447265625,35.702484130859375,161.89430236816406,0.5682579278945923,827.60498046875,64.49375915527344,168.0196075439453,1.2309842109680176,13443.7275390625,1.1865569353103638,1.6259286403656006,0.3877081871032715,7.329086780548096,1508626.4223599087
