epochs,full_psnr,ssim,lpips,train_psnr,test_psnr
0,5.54193115234375,0.16519230604171753,,5.632529258728027,0.0
500,21.053524017333984,0.43041107058525085,,27.46170425415039,0.0
1000,21.257740020751953,0.4448740482330322,,28.10454559326172,0.0
1500,21.624210357666016,0.4747467041015625,,29.991987228393555,0.0
1999,21.91753387451172,0.49239739775657654,,39.44551467895508,0.0
