epochs,full_psnr,ssim,lpips,train_psnr,test_psnr
0,5.937030792236328,0.103963203728199,,6.0281572341918945,0.0
500,13.117687225341797,0.3204610347747803,,13.630108833312988,0.0
1000,13.120789527893066,0.3275711238384247,,13.632877349853516,0.0
1500,13.123180389404297,0.3336979150772095,,13.635826110839844,0.0
1999,13.12364673614502,0.33508768677711487,,13.677891731262207,0.0
