epochs,full_psnr,ssim,lpips,train_psnr,test_psnr
0,6.2624592781066895,0.09910454601049423,,6.311362266540527,0.0
500,12.221784591674805,0.3516647517681122,,12.422393798828125,0.0
1000,12.223404884338379,0.35785162448883057,,12.423501968383789,0.0
1500,12.224183082580566,0.3608185350894928,,12.424880027770996,0.0
2000,12.22558879852295,0.36516574025154114,,12.425823211669922,0.0
2500,12.226691246032715,0.3695979118347168,,12.427518844604492,0.0
2999,12.227010726928711,0.37074247002601624,,12.437936782836914,0.0
