epochs,full_psnr,ssim,lpips,train_psnr,test_psnr
0,9.199663162231445,0.02129996381700039,,9.408426284790039,0.0
500,20.882801055908203,0.40738824009895325,,25.10849952697754,0.0
1000,20.66887664794922,0.40979841351509094,,25.44790267944336,0.0
1500,20.85745620727539,0.42845049500465393,,27.375938415527344,0.0
2000,21.586694717407227,0.46695470809936523,,29.506183624267578,0.0
2500,21.58999252319336,0.47194501757621765,,32.76241683959961,0.0
3000,21.707679748535156,0.47343239188194275,,35.55369186401367,0.0
3500,21.604503631591797,0.4624894857406616,,36.556819915771484,0.0
3999,21.581031799316406,0.4600900113582611,,36.70192337036133,0.0
