epochs,full_psnr,ssim,lpips,train_psnr,test_psnr
0,13.506340026855469,0.360432893037796,,13.93431568145752,0.0
500,20.51485252380371,0.462856262922287,,23.282325744628906,0.0
1000,21.145740509033203,0.47015610337257385,,24.568464279174805,0.0
1500,21.506122589111328,0.4731420576572418,,25.425264358520508,0.0
2000,21.721040725708008,0.4775625765323639,,25.979827880859375,0.0
2500,21.837013244628906,0.48043569922447205,,26.294307708740234,0.0
2999,21.85565185546875,0.4809306561946869,,26.347524642944336,0.0
