Epoch,stable_rank_layer_0,effective_rank_layer_0,spectral_norm_layer_0,condition_number_layer_0,stable_rank_layer_1,effective_rank_layer_1,spectral_norm_layer_1,condition_number_layer_1,stable_rank_layer_2,effective_rank_layer_2,spectral_norm_layer_2,condition_number_layer_2,stable_rank_layer_3,effective_rank_layer_3,spectral_norm_layer_3,condition_number_layer_3,stable_rank_layer_4,effective_rank_layer_4,spectral_norm_layer_4,condition_number_layer_4,end_to_end_bound
0,1.868061900138855,1.9950138330459595,5.1781005859375,1.0733087062835693,76.50350952148438,182.2472381591797,0.07025399059057236,231.17933654785156,77.43833923339844,182.5576629638672,0.06982450932264328,1198.5068359375,77.67390441894531,181.3463897705078,0.06921489536762238,1380.2288818359375,1.0031992197036743,1.0240061283111572,0.9035926461219788,25.5321102142334,4066.8821998073004
500,1.9078446626663208,1.9976673126220703,6.3853912353515625,1.0495284795761108,87.31829071044922,194.5357666015625,0.4331076741218567,392.8568115234375,52.72359085083008,187.13864135742188,0.824896514415741,7505.53125,71.22657012939453,193.6518096923828,1.0091097354888916,29337.8671875,1.0051382780075073,1.0328853130340576,0.38163360953330994,139.8050079345703,2249095.1840820764
1000,1.9075921773910522,1.9976539611816406,6.388018608093262,1.049674391746521,86.047119140625,192.6531524658203,0.4240446090698242,265.41845703125,55.78218078613281,181.23858642578125,0.7977331876754761,1602.8865966796875,72.35470581054688,191.2754669189453,1.0654487609863281,14112.3701171875,1.0639309883117676,1.258575677871704,0.5355994701385498,44.5351676940918,3156807.1513221404
1500,1.9076838493347168,1.9976587295532227,6.388578414916992,1.0496214628219604,85.78626251220703,192.18392944335938,0.4224291145801544,296.6670227050781,56.79780578613281,180.84898376464844,0.7883114814758301,1094.5455322265625,73.42329406738281,190.60862731933594,1.0726618766784668,171532.96875,1.0940532684326172,1.3595242500305176,0.606769859790802,16.616987228393555,3544726.5287120147
1999,1.9076875448226929,1.9976588487625122,6.388667583465576,1.0496193170547485,85.72300720214844,192.18072509765625,0.42265698313713074,218.30516052246094,56.68408203125,180.80845642089844,0.7901399731636047,1585.82666015625,73.37910461425781,190.48060607910156,1.071550726890564,28268.92578125,1.0962672233581543,1.38649320602417,0.6187703013420105,9.989842414855957,3621467.024545922
