epochs,full_psnr,ssim,lpips,train_psnr,test_psnr
0,10.116195678710938,0.6514425277709961,,10.179624557495117,0.0
500,22.611835479736328,0.771608293056488,,23.878061294555664,0.0
1000,24.0072078704834,0.7797726988792419,,25.897056579589844,0.0
1500,24.670793533325195,0.7855657935142517,,26.936864852905273,0.0
2000,25.087982177734375,0.7903081774711609,,27.690662384033203,0.0
2500,25.260005950927734,0.7924607396125793,,28.019454956054688,0.0
2999,25.290878295898438,0.7928889393806458,,28.07856559753418,0.0
