epochs,full_psnr,ssim,lpips,train_psnr,test_psnr
0,9.207357406616211,0.3065505921840668,,9.302188873291016,0.0
500,18.347299575805664,0.30282387137413025,,19.545557022094727,0.0
1000,21.1270809173584,0.43342387676239014,,23.28035545349121,0.0
1500,21.942279815673828,0.4925731122493744,,24.64059066772461,0.0
2000,22.4349308013916,0.529177725315094,,25.506980895996094,0.0
2500,22.134485244750977,0.5255866050720215,,24.958202362060547,0.0
3000,22.471328735351562,0.5430212616920471,,25.629358291625977,0.0
3500,24.002849578857422,0.6175520420074463,,29.185169219970703,0.0
3999,24.110729217529297,0.5766062140464783,,35.05805206298828,0.0
