epochs,full_psnr,ssim,lpips,train_psnr,test_psnr
0,6.759059429168701,0.015918279066681862,,6.8093061447143555,0.0
500,21.861709594726562,0.5414368510246277,,25.14638900756836,0.0
1000,20.97266960144043,0.4964103698730469,,24.11020278930664,0.0
1500,23.798664093017578,0.6014006733894348,,26.72994613647461,0.0
2000,23.652156829833984,0.5964058637619019,,27.516992568969727,0.0
2500,23.642906188964844,0.6042843461036682,,25.971078872680664,0.0
3000,22.774272918701172,0.594898521900177,,27.253040313720703,0.0
3500,24.673694610595703,0.6409887671470642,,35.24027633666992,0.0
3999,24.643783569335938,0.6136112213134766,,39.52469253540039,0.0
