Epoch,stable_rank_layer_0,effective_rank_layer_0,spectral_norm_layer_0,condition_number_layer_0,stable_rank_layer_1,effective_rank_layer_1,spectral_norm_layer_1,condition_number_layer_1,stable_rank_layer_2,effective_rank_layer_2,spectral_norm_layer_2,condition_number_layer_2,stable_rank_layer_3,effective_rank_layer_3,spectral_norm_layer_3,condition_number_layer_3,stable_rank_layer_4,effective_rank_layer_4,spectral_norm_layer_4,condition_number_layer_4,end_to_end_bound
0,1.857252597808838,1.9940954446792603,5.174139499664307,1.0800542831420898,76.41275024414062,182.28530883789062,0.07030098885297775,279.6508483886719,77.69329071044922,182.61705017089844,0.06970879435539246,506.5682373046875,77.76815032958984,181.38037109375,0.06916976720094681,747.7964477539062,1.0032005310058594,1.0240147113800049,0.9032908082008362,25.521875381469727,4055.7484333321536
500,1.87834894657135,1.9958070516586304,6.502867698669434,1.0670050382614136,89.29421997070312,194.65426635742188,0.42978811264038086,892.7985229492188,48.27922821044922,184.62400817871094,0.8246691823005676,14653.7431640625,72.24541473388672,193.14480590820312,1.0125313997268677,14718.216796875,1.0094554424285889,1.0548065900802612,0.2975221872329712,148.16378784179688,1777488.9374191465
1000,1.8784222602844238,1.9958122968673706,6.5047454833984375,1.0669604539871216,88.10023498535156,193.20826721191406,0.41995254158973694,1612.54736328125,49.63452911376953,179.7169952392578,0.7705590724945068,1179.7198486328125,74.30485534667969,191.18446350097656,1.0561307668685913,19880.30078125,1.1559211015701294,1.485852837562561,0.3763076663017273,137.19276428222656,2141594.2210587985
1500,1.8783540725708008,1.995807409286499,6.505748748779297,1.0670018196105957,87.77359771728516,192.66722106933594,0.41827306151390076,312.8100891113281,51.28084945678711,179.58285522460938,0.7549065947532654,3361.247802734375,74.47183227539062,190.7178955078125,1.0682095289230347,27859.671875,1.1705543994903564,1.5150588750839233,0.4390605688095093,173.73695373535156,2466443.947457233
1999,1.8783752918243408,1.9958090782165527,6.505679607391357,1.0669889450073242,87.85702514648438,192.70156860351562,0.41819819808006287,289.4959716796875,51.56300735473633,179.61434936523438,0.7545422911643982,2171.077880859375,74.75566101074219,190.72645568847656,1.0661386251449585,38272.66015625,1.1645846366882324,1.50326669216156,0.449626624584198,170.65162658691406,2519208.296974874
