Epoch,stable_rank_layer_0,effective_rank_layer_0,spectral_norm_layer_0,condition_number_layer_0,stable_rank_layer_1,effective_rank_layer_1,spectral_norm_layer_1,condition_number_layer_1,stable_rank_layer_2,effective_rank_layer_2,spectral_norm_layer_2,condition_number_layer_2,stable_rank_layer_3,effective_rank_layer_3,spectral_norm_layer_3,condition_number_layer_3,stable_rank_layer_4,effective_rank_layer_4,spectral_norm_layer_4,condition_number_layer_4,end_to_end_bound
0,1.8618746995925903,1.9944988489151,5.199634075164795,1.077154278755188,76.64363098144531,182.29278564453125,0.07016640156507492,290.87481689453125,77.82177734375,182.57403564453125,0.06961973011493683,766.6165771484375,77.82658386230469,181.6505126953125,0.06908159703016281,8624.2431640625,1.0032005310058594,1.0240147113800049,0.9032909274101257,25.52186393737793,4057.553957181384
500,1.9034267663955688,1.9974263906478882,6.238893508911133,1.0520914793014526,85.74893951416016,201.64122009277344,0.4162980914115906,582.908935546875,63.36081314086914,175.95814514160156,0.6847875714302063,1005.6978759765625,90.96656036376953,204.75802612304688,0.8688197731971741,2587.805419921875,1.001274585723877,1.0098556280136108,0.41287216544151306,351.1139831542969,1633251.7371248167
1000,1.9028478860855103,1.9973938465118408,6.241665840148926,1.0524287223815918,85.84984588623047,196.98927307128906,0.4026011824607849,6842.689453125,67.57379913330078,165.5560302734375,0.7284293174743652,1589.28564453125,90.48387908935547,204.60166931152344,0.872813880443573,10307.1357421875,1.1250755786895752,1.4206452369689941,0.5107330083847046,53.22822570800781,2088904.1540081373
1500,1.9030393362045288,1.9974045753479004,6.2419633865356445,1.0523171424865723,83.00584411621094,193.8580322265625,0.4088079035282135,541.781982421875,65.22291564941406,161.43824768066406,0.8190323114395142,1324.06103515625,90.615966796875,204.5790252685547,0.8725569844245911,2931.5478515625,1.441910743713379,2.0095744132995605,0.44848355650901794,5.491440773010254,2093735.5381818353
1999,1.9029185771942139,1.997397780418396,6.2429609298706055,1.0523875951766968,83.06999969482422,193.5484161376953,0.40726903080940247,1539.8836669921875,65.09355926513672,160.8482666015625,0.8194997310638428,1858.7869873046875,90.48704528808594,204.5460662841797,0.8731276988983154,9038.5322265625,1.4924896955490112,2.081627607345581,0.46999964118003845,4.779223918914795,2188951.1872439845
