Epoch,stable_rank_layer_0,effective_rank_layer_0,spectral_norm_layer_0,condition_number_layer_0,stable_rank_layer_1,effective_rank_layer_1,spectral_norm_layer_1,condition_number_layer_1,stable_rank_layer_2,effective_rank_layer_2,spectral_norm_layer_2,condition_number_layer_2,stable_rank_layer_3,effective_rank_layer_3,spectral_norm_layer_3,condition_number_layer_3,stable_rank_layer_4,effective_rank_layer_4,spectral_norm_layer_4,condition_number_layer_4,end_to_end_bound
0,1.8766460418701172,1.9956809282302856,7.329784393310547,1.0680408477783203,77.87464141845703,182.55853271484375,1.1333191394805908,1006.2516479492188,76.5280990600586,182.20596313476562,1.1450849771499634,14802.73046875,75.47494506835938,181.2862091064453,1.1521867513656616,645.6981201171875,1.7404346466064453,2.656052589416504,0.8530828356742859,1.6533056497573853,1495943.5440520237
500,1.8984668254852295,1.9971402883529663,8.068221092224121,1.0549914836883545,77.86875915527344,182.34693908691406,1.1438066959381104,505.5020446777344,78.1164321899414,181.41990661621094,1.1263115406036377,6849.99755859375,55.44432830810547,170.13720703125,1.1779662370681763,366.07427978515625,1.3018064498901367,1.7541711330413818,0.660805881023407,13.728231430053711,1294540.6260246527
1000,1.8972491025924683,1.9970676898956299,8.139904975891113,1.0557072162628174,77.55706787109375,182.069091796875,1.1503688097000122,986.4122314453125,78.08484649658203,181.3341064453125,1.137734293937683,776.9904174804688,55.17511749267578,169.653564453125,1.2585645914077759,961.8394775390625,1.2022868394851685,1.6158998012542725,0.9178491234779358,11.514581680297852,1969083.2199889682
1500,1.8981293439865112,1.9971203804016113,8.135942459106445,1.0551897287368774,77.65055847167969,182.0936737060547,1.152848243713379,507.43316650390625,78.48934173583984,181.24195861816406,1.1468462944030762,1590.57421875,56.26863098144531,168.04364013671875,1.3632680177688599,844.0447998046875,1.1636446714401245,1.5959315299987793,1.1643444299697876,6.220067024230957,2731919.67082764
1999,1.8981088399887085,1.9971191883087158,8.13559627532959,1.055201768875122,77.65777587890625,182.08055114746094,1.1542571783065796,1818.0762939453125,78.2229232788086,181.19503784179688,1.153405785560608,2706.873046875,56.41862106323242,167.59959411621094,1.3946788311004639,976.2343139648438,1.1588242053985596,1.5936439037322998,1.2197269201278687,5.771890640258789,2948023.2156236
