epochs,full_psnr,ssim,lpips,train_psnr,test_psnr
0,5.983178615570068,0.01567581295967102,,6.103267669677734,0.0
500,19.531932830810547,0.5344553589820862,,22.968814849853516,0.0
1000,21.399967193603516,0.5862975120544434,,29.78292465209961,0.0
1500,21.341690063476562,0.5545775890350342,,36.533302307128906,0.0
1999,21.25429916381836,0.5368455648422241,,37.481204986572266,0.0
