Epoch,stable_rank_layer_0,effective_rank_layer_0,spectral_norm_layer_0,condition_number_layer_0,stable_rank_layer_1,effective_rank_layer_1,spectral_norm_layer_1,condition_number_layer_1,stable_rank_layer_2,effective_rank_layer_2,spectral_norm_layer_2,condition_number_layer_2,stable_rank_layer_3,effective_rank_layer_3,spectral_norm_layer_3,condition_number_layer_3,stable_rank_layer_4,effective_rank_layer_4,spectral_norm_layer_4,condition_number_layer_4,end_to_end_bound
0,1.8878896236419678,1.9964746236801147,7.3239898681640625,1.0612568855285645,77.86943054199219,182.55348205566406,1.1333627700805664,923.8128662109375,76.51216888427734,182.2065887451172,1.145183801651001,11488.673828125,75.46491241455078,181.29139709472656,1.1525431871414185,732.7404174804688,1.8008986711502075,2.703644037246704,0.6760607361793518,1.6258450746536255,1185099.3997239675
500,1.8549705743789673,1.993890404701233,8.109479904174805,1.081494688987732,78.48982238769531,181.8468780517578,1.1352530717849731,17009.580078125,75.0936279296875,181.0085906982422,1.1315977573394775,1699.9112548828125,63.61159896850586,170.37930297851562,1.186492681503296,3467.907470703125,1.2221958637237549,1.7575976848602295,0.6145163774490356,4.79762601852417,1215335.7518808446
1000,1.848009705543518,1.9932395219802856,8.328478813171387,1.085924506187439,76.7297592163086,181.0675506591797,1.157204508781433,860.0255126953125,76.0289306640625,180.06361389160156,1.1226691007614136,1114.21044921875,64.62071990966797,165.77920532226562,1.2814152240753174,1484.4969482421875,1.1955640316009521,1.707316279411316,0.6900781989097595,4.655245304107666,1530860.9375700164
1500,1.8444451093673706,1.992891550064087,8.483684539794922,1.0882140398025513,74.82279968261719,179.653076171875,1.1920053958892822,2086.42578125,74.07801818847656,178.7699737548828,1.1493902206420898,361.50244140625,62.89716339111328,162.03726196289062,1.397586464881897,1321.1651611328125,1.1461515426635742,1.5713186264038086,0.830583930015564,5.338738441467285,2158800.068196045
1999,1.8449161052703857,1.9929381608963013,8.477981567382812,1.087910532951355,74.32649230957031,179.29705810546875,1.2069727182388306,657.6776733398438,73.81047058105469,178.57232666015625,1.1757798194885254,1233.92041015625,62.2554931640625,161.78517150878906,1.5383484363555908,7589.02685546875,1.0953739881515503,1.4085838794708252,1.1283018589019775,6.762340068817139,3341303.489748887
