epochs,full_psnr,ssim,lpips,train_psnr,test_psnr
0,10.97623348236084,0.030434250831604004,,11.203608512878418,0.0
500,22.785215377807617,0.5235671997070312,,28.753320693969727,0.0
1000,22.71145248413086,0.5202663540840149,,29.55953598022461,0.0
1500,23.40509796142578,0.5586318969726562,,31.602806091308594,0.0
1999,23.641939163208008,0.5711445808410645,,40.192543029785156,0.0
