Epoch,stable_rank_layer_0,effective_rank_layer_0,spectral_norm_layer_0,condition_number_layer_0,stable_rank_layer_1,effective_rank_layer_1,spectral_norm_layer_1,condition_number_layer_1,stable_rank_layer_2,effective_rank_layer_2,spectral_norm_layer_2,condition_number_layer_2,stable_rank_layer_3,effective_rank_layer_3,spectral_norm_layer_3,condition_number_layer_3,stable_rank_layer_4,effective_rank_layer_4,spectral_norm_layer_4,condition_number_layer_4,end_to_end_bound
0,1.8836807012557983,1.9961880445480347,7.337993621826172,1.0637812614440918,77.87869262695312,182.55218505859375,1.1332755088806152,1130.4493408203125,76.518310546875,182.20675659179688,1.1451771259307861,3964.87548828125,75.48046112060547,181.2818145751953,1.1518038511276245,602.7340698242188,1.8430719375610352,2.7321183681488037,0.9161193370819092,1.6067382097244263,10.048843311626783
500,1.3993616104125977,1.8184250593185425,14.43821907043457,1.5824021100997925,73.43974304199219,177.71768188476562,1.6859776973724365,2601.1416015625,68.92870330810547,172.0679931640625,1.653995156288147,1066.457763671875,61.3530158996582,170.62533569335938,1.5707032680511475,978.524658203125,1.0683257579803467,1.3247835636138916,4.8034820556640625,5.894908428192139,303.7735844563229
1000,1.5245836973190308,1.9035236835479736,20.459354400634766,1.3806785345077515,69.43546295166016,165.1533660888672,2.398606538772583,2328.298828125,65.12223052978516,156.73289489746094,2.301034927368164,507.68975830078125,49.13554382324219,148.60740661621094,2.1242241859436035,489.0220031738281,1.0321484804153442,1.1678422689437866,9.606302261352539,11.864324569702148,2304.2561024876586
1500,1.5189698934555054,1.9005242586135864,20.69405746459961,1.388126254081726,66.1468505859375,159.81532287597656,2.790398597717285,1704.9022216796875,61.120731353759766,154.570068359375,2.6813266277313232,1554.442138671875,46.02020263671875,147.12147521972656,2.4481558799743652,1297.9398193359375,1.0293694734573364,1.1553548574447632,10.158071517944336,12.618792533874512,3850.454093265814
1999,1.5228474140167236,1.9026031494140625,20.787220001220703,1.3829691410064697,64.27584838867188,156.5242919921875,3.088031768798828,14984.1044921875,59.46211242675781,151.15052795410156,2.9561712741851807,571.61865234375,42.06448745727539,140.1788787841797,2.7062950134277344,1524.897216796875,1.0252180099487305,1.1369904279708862,10.81120777130127,13.431004524230957,5552.097902663899
