epochs,full_psnr,ssim,lpips,train_psnr,test_psnr
0,10.23476505279541,0.28681811690330505,,10.491318702697754,0.0
500,15.841943740844727,0.348481684923172,,16.854726791381836,0.0
1000,15.440010070800781,0.34672483801841736,,16.352325439453125,0.0
1500,16.004316329956055,0.35017719864845276,,17.06129264831543,0.0
1999,16.259614944458008,0.35395798087120056,,17.389583587646484,0.0
