epochs,full_psnr,ssim,lpips,train_psnr,test_psnr
0,9.329324722290039,0.1825784593820572,,9.489152908325195,0.0
500,14.729944229125977,0.3753538131713867,,15.308537483215332,0.0
1000,14.729676246643066,0.3750138282775879,,15.307872772216797,0.0
1500,14.729129791259766,0.37353309988975525,,15.306709289550781,0.0
2000,14.728960037231445,0.37311866879463196,,15.306758880615234,0.0
2500,14.72895622253418,0.3729986250400543,,15.307177543640137,0.0
3000,14.72943115234375,0.37424173951148987,,15.307039260864258,0.0
3500,14.729952812194824,0.3754176199436188,,15.307756423950195,0.0
3999,14.731122016906738,0.3782931864261627,,15.309541702270508,0.0
