Epoch,stable_rank_layer_0,effective_rank_layer_0,spectral_norm_layer_0,condition_number_layer_0,stable_rank_layer_1,effective_rank_layer_1,spectral_norm_layer_1,condition_number_layer_1,stable_rank_layer_2,effective_rank_layer_2,spectral_norm_layer_2,condition_number_layer_2,stable_rank_layer_3,effective_rank_layer_3,spectral_norm_layer_3,condition_number_layer_3,stable_rank_layer_4,effective_rank_layer_4,spectral_norm_layer_4,condition_number_layer_4,end_to_end_bound
0,1.8750540018081665,1.9955613613128662,5.171485424041748,1.069011926651001,76.61055755615234,182.283935546875,0.07020365446805954,278.72216796875,77.69219970703125,182.5542755126953,0.06968763470649719,720.7109985351562,77.67008209228516,181.6577911376953,0.0691828653216362,933.1089477539062,1.0032005310058594,1.024014949798584,0.9032906889915466,25.521671295166016,4047.59259941786
500,1.8833965063095093,1.9961682558059692,6.1660356521606445,1.0639523267745972,96.7480697631836,200.0979766845703,0.3432050049304962,7009.18359375,54.97798156738281,174.4942626953125,0.6233962774276733,3466.320068359375,88.4072494506836,199.34555053710938,0.8085280060768127,4310.08642578125,1.0592783689498901,1.24091637134552,0.4314383268356323,245.96340942382812,1178087.6538648568
1000,1.883352518081665,1.996165156364441,6.168920993804932,1.0639787912368774,93.78194427490234,197.3528289794922,0.33706197142601013,1698.1083984375,55.75228500366211,173.03599548339844,0.5814321041107178,37622.16796875,88.21329498291016,199.27578735351562,0.8114157319068909,6030.3125,1.1394017934799194,1.4519459009170532,0.456552654504776,70.53089904785156,1146547.9809579083
1500,1.8833194971084595,1.99616277217865,6.169372081756592,1.0639986991882324,93.43339538574219,196.93150329589844,0.3369680643081665,1796.1470947265625,55.462806701660156,172.7152557373047,0.5867767930030823,10816.9931640625,88.3408432006836,199.1603546142578,0.810366153717041,12124.1630859375,1.1760509014129639,1.5680381059646606,0.47682467103004456,11.1887845993042,1206653.6001677043
1999,1.8833121061325073,1.9961622953414917,6.169356346130371,1.0640032291412354,93.54737091064453,196.922119140625,0.33679908514022827,700.9148559570312,55.571388244628906,172.7122039794922,0.5865911841392517,2175.9033203125,88.60640716552734,199.13462829589844,0.8093360066413879,3285.4150390625,1.2022614479064941,1.6838126182556152,0.4807950556278229,5.952606678009033,1214157.735974887
