epochs,full_psnr,ssim,lpips,train_psnr,test_psnr
0,9.386930465698242,0.21495358645915985,,9.424777030944824,0.0
500,14.814959526062012,0.595374345779419,,14.961623191833496,0.0
1000,14.815864562988281,0.5998578667640686,,14.963848114013672,0.0
1500,14.817358016967773,0.6048901677131653,,14.964986801147461,0.0
2000,14.818798065185547,0.6117271780967712,,14.967007637023926,0.0
2500,14.819879531860352,0.6172923445701599,,14.968050003051758,0.0
2999,14.82022762298584,0.6182984709739685,,14.997572898864746,0.0
