epochs,full_psnr,ssim,lpips,train_psnr,test_psnr
0,5.9859161376953125,0.014078465290367603,,6.079689979553223,0.0
500,19.677507400512695,0.5118276476860046,,22.475143432617188,0.0
1000,19.286903381347656,0.5075640678405762,,21.068628311157227,0.0
1500,18.924631118774414,0.48303207755088806,,21.68531608581543,0.0
2000,20.337100982666016,0.5644868016242981,,22.379623413085938,0.0
2500,20.773433685302734,0.6094962954521179,,27.389888763427734,0.0
2999,21.861934661865234,0.6093607544898987,,38.658321380615234,0.0
