Epoch,stable_rank_layer_0,effective_rank_layer_0,spectral_norm_layer_0,condition_number_layer_0,stable_rank_layer_1,effective_rank_layer_1,spectral_norm_layer_1,condition_number_layer_1,stable_rank_layer_2,effective_rank_layer_2,spectral_norm_layer_2,condition_number_layer_2,stable_rank_layer_3,effective_rank_layer_3,spectral_norm_layer_3,condition_number_layer_3,stable_rank_layer_4,effective_rank_layer_4,spectral_norm_layer_4,condition_number_layer_4,end_to_end_bound
0,1.882995843887329,1.9961402416229248,7.336071491241455,1.064193606376648,77.88573455810547,182.55149841308594,1.1332283020019531,1162.3802490234375,76.50861358642578,182.20571899414062,1.1452503204345703,4371.39501953125,75.48621368408203,181.28163146972656,1.1517677307128906,584.3263549804688,1.8438235521316528,2.732632875442505,0.915947675704956,1.606065273284912,10.04423721370988
500,1.9276304244995117,1.9985907077789307,16.27821922302246,1.0382752418518066,72.67379760742188,176.391357421875,1.6285901069641113,1370.36865234375,69.44210815429688,173.3394775390625,1.6263591051101685,6803.48193359375,64.68289184570312,171.7373046875,1.5076104402542114,268.8695373535156,1.1280189752578735,1.4912025928497314,7.457728385925293,7.48609733581543,484.76452313341787
1000,1.9312478303909302,1.9987329244613647,18.855466842651367,1.0362567901611328,75.04353332519531,165.1754150390625,2.3577969074249268,5584.74169921875,67.6048812866211,161.04273986816406,2.379765748977661,496.4251708984375,53.47905349731445,147.18443298339844,2.1387534141540527,27510.994140625,1.1023874282836914,1.4266129732131958,8.841340065002441,7.0316643714904785,2000.5835982115825
1500,1.8835700750350952,1.9961804151535034,21.681276321411133,1.0638477802276611,69.22423553466797,159.37203979492188,2.7920618057250977,765.9072875976562,68.5191421508789,158.88385009765625,2.686967611312866,4713.87109375,50.811004638671875,144.5274200439453,2.4564058780670166,3215.96142578125,1.1234853267669678,1.4901505708694458,11.654155731201172,6.626272201538086,4656.431823934246
1999,1.8851442337036133,1.9962891340255737,21.785350799560547,1.0629013776779175,67.181884765625,156.5831298828125,3.0860915184020996,2200.097412109375,64.60376739501953,157.276123046875,3.005748748779297,1760.0545654296875,47.21275329589844,139.0800323486328,2.718644142150879,976.30224609375,1.085190773010254,1.3667408227920532,13.678323745727539,8.014537811279297,7514.693578405212
