epochs,full_psnr,ssim,lpips,train_psnr,test_psnr
0,10.599578857421875,0.3067880868911743,,10.882514953613281,0.0
500,16.246055603027344,0.36215052008628845,,17.398818969726562,0.0
1000,17.51589012145996,0.3729116916656494,,19.164470672607422,0.0
1500,16.50295639038086,0.36413243412971497,,17.731643676757812,0.0
1999,17.319997787475586,0.3698982894420624,,18.85226821899414,0.0
