epochs,full_psnr,ssim,lpips,train_psnr,test_psnr
0,9.467060089111328,0.22631137073040009,,9.505833625793457,0.0
500,14.81542682647705,0.5973381996154785,,14.96198844909668,0.0
1000,14.815450668334961,0.5973122119903564,,14.963973999023438,0.0
1500,14.815576553344727,0.5980066061019897,,14.963163375854492,0.0
2000,14.815058708190918,0.5967557430267334,,14.96446704864502,0.0
2500,14.815512657165527,0.5978747010231018,,14.962705612182617,0.0
3000,14.816704750061035,0.6031287908554077,,14.964670181274414,0.0
3500,14.81758975982666,0.6067686676979065,,14.965864181518555,0.0
3999,14.819456100463867,0.6154751777648926,,14.968175888061523,0.0
