Epoch,stable_rank_layer_0,effective_rank_layer_0,spectral_norm_layer_0,condition_number_layer_0,stable_rank_layer_1,effective_rank_layer_1,spectral_norm_layer_1,condition_number_layer_1,stable_rank_layer_2,effective_rank_layer_2,spectral_norm_layer_2,condition_number_layer_2,stable_rank_layer_3,effective_rank_layer_3,spectral_norm_layer_3,condition_number_layer_3,stable_rank_layer_4,effective_rank_layer_4,spectral_norm_layer_4,condition_number_layer_4,end_to_end_bound
0,1.8468440771102905,1.9931268692016602,5.186951160430908,1.0866714715957642,76.2350845336914,182.04261779785156,0.0703301802277565,781.2188720703125,77.10299682617188,182.4622039794922,0.06995725631713867,434.12347412109375,77.81267547607422,181.2764434814453,0.06912688165903091,543.6618041992188,1.0061826705932617,1.0418294668197632,0.9019312262535095,24.631633758544922,inf
500,1.8623790740966797,1.994541883468628,7.853741645812988,1.0768393278121948,79.24364471435547,185.291015625,0.5823444724082947,4155.21533203125,67.50563049316406,195.19839477539062,0.7834958434104919,499.59326171875,76.35246276855469,191.90765380859375,0.8990321755409241,131743.9375,1.0000529289245605,1.0006035566329956,0.38223257660865784,277.76409912109375,inf
1000,1.8677562475204468,1.994989037513733,11.18962574005127,1.0734976530075073,76.8164291381836,184.2453155517578,0.6888758540153503,1199.261474609375,70.10636138916016,189.951904296875,0.8545694947242737,847.555419921875,78.91991424560547,189.18374633789062,0.9543538093566895,3315.084228515625,1.0000392198562622,1.000458002090454,0.3942835330963135,328.3045959472656,inf
1500,1.8954108953475952,1.9969558715820312,11.632369041442871,1.0567902326583862,78.09363555908203,183.55650329589844,0.703750729560852,5955.7568359375,70.23604583740234,189.5294647216797,0.8737115263938904,5897.740234375,79.48234558105469,188.7290802001953,0.9668983817100525,31702.046875,1.0000228881835938,1.000283122062683,0.39149510860443115,367.1616516113281,inf
1999,1.897849202156067,1.9971036911010742,11.5973482131958,1.055354356765747,78.04136657714844,183.53392028808594,0.7049083709716797,658.77001953125,70.38594055175781,189.52783203125,0.873670756816864,5195.728515625,79.4829330444336,188.6356964111328,0.9676411747932434,43185.5078125,1.0000126361846924,1.00016188621521,0.3893568515777588,568.9129638671875,inf
