epochs,full_psnr,ssim,lpips,train_psnr,test_psnr
0,3.6580724716186523,-0.014912448823451996,,3.7131333351135254,0.0
500,21.172012329101562,0.5417891144752502,,29.62164878845215,0.0
1000,21.467018127441406,0.5512896180152893,,37.35103225708008,0.0
1500,21.261281967163086,0.5284205079078674,,38.408084869384766,0.0
1999,21.217174530029297,0.5238504409790039,,38.5484619140625,0.0
