epochs,full_psnr,ssim,lpips,train_psnr,test_psnr
0,5.981863975524902,0.015673823654651642,,6.102511405944824,0.0
500,19.47374153137207,0.5183936953544617,,23.40319061279297,0.0
1000,19.24545669555664,0.5305056571960449,,23.554367065429688,0.0
1500,19.87723731994629,0.5525017380714417,,23.361740112304688,0.0
2000,20.33509063720703,0.5763728022575378,,24.678773880004883,0.0
2500,20.95627212524414,0.599236011505127,,31.461849212646484,0.0
2999,21.501081466674805,0.5931220054626465,,38.76158142089844,0.0
