epochs,full_psnr,ssim,lpips,train_psnr,test_psnr
0,6.188687801361084,0.11140879988670349,,6.285294532775879,0.0
500,13.116477966308594,0.3173891305923462,,13.626232147216797,0.0
1000,13.118505477905273,0.3218267261981964,,13.630352973937988,0.0
1500,13.119056701660156,0.3230574131011963,,13.631354331970215,0.0
2000,13.117584228515625,0.3201899826526642,,13.629911422729492,0.0
2500,13.118544578552246,0.32234588265419006,,13.63037109375,0.0
3000,13.120051383972168,0.32576027512550354,,13.631348609924316,0.0
3500,13.122060775756836,0.3303377330303192,,13.634171485900879,0.0
3999,13.123555183410645,0.3346222937107086,,13.635908126831055,0.0
