epochs,full_psnr,ssim,lpips,train_psnr,test_psnr
0,9.199663162231445,0.02129996381700039,,9.408426284790039,0.0
500,20.82461929321289,0.4005720317363739,,25.816089630126953,0.0
1000,20.40270233154297,0.39669275283813477,,25.41365623474121,0.0
1500,21.233707427978516,0.4311661720275879,,26.657983779907227,0.0
2000,20.74884033203125,0.41456422209739685,,25.622966766357422,0.0
2500,20.04610252380371,0.37473782896995544,,24.80490493774414,0.0
3000,21.34136199951172,0.4521815776824951,,27.83249282836914,0.0
3500,21.736581802368164,0.4823864698410034,,32.26035690307617,0.0
3999,21.732933044433594,0.47889649868011475,,36.3913688659668,0.0
