epochs,full_psnr,ssim,lpips,train_psnr,test_psnr
0,10.599578857421875,0.3067880868911743,,10.882514953613281,0.0
500,16.297405242919922,0.36245986819267273,,17.465303421020508,0.0
1000,17.496187210083008,0.37262246012687683,,19.138160705566406,0.0
1500,16.62911605834961,0.3648150861263275,,17.902238845825195,0.0
2000,17.625768661499023,0.3742828369140625,,19.302494049072266,0.0
2500,18.09439468383789,0.38257208466529846,,20.03409194946289,0.0
3000,18.627029418945312,0.39318349957466125,,20.868379592895508,0.0
3500,18.984668731689453,0.40307387709617615,,21.51266098022461,0.0
3999,19.2293643951416,0.4098402261734009,,21.967866897583008,0.0
