epochs,full_psnr,ssim,lpips,train_psnr,test_psnr
0,3.3005175590515137,0.22092147171497345,,3.337719678878784,0.0
500,19.105857849121094,0.3024968206882477,,21.079723358154297,0.0
1000,21.689098358154297,0.40813884139060974,,26.144405364990234,0.0
1500,22.15935707092285,0.44993504881858826,,27.384767532348633,0.0
2000,22.33891487121582,0.47387585043907166,,27.829967498779297,0.0
2500,22.30583381652832,0.4842674434185028,,27.66326141357422,0.0
3000,22.74676513671875,0.5050461888313293,,29.399581909179688,0.0
3500,23.229877471923828,0.5396163463592529,,32.80835723876953,0.0
3999,23.186065673828125,0.5084142684936523,,38.27906036376953,0.0
