epochs,full_psnr,ssim,lpips,train_psnr,test_psnr
0,6.367551803588867,0.541563093662262,,6.394219398498535,0.0
500,11.968460083007812,0.6520287394523621,,12.064314842224121,0.0
1000,11.96935749053955,0.6603602766990662,,12.065167427062988,0.0
1500,11.970524787902832,0.6728417873382568,,12.066871643066406,0.0
2000,11.971244812011719,0.6777507662773132,,12.067230224609375,0.0
2500,11.972129821777344,0.6877048015594482,,12.068981170654297,0.0
3000,11.973156929016113,0.6975311636924744,,12.069120407104492,0.0
3500,11.973917007446289,0.7046313881874084,,12.069697380065918,0.0
3999,11.971668243408203,0.6848461627960205,,12.202890396118164,0.0
