epochs,full_psnr,ssim,lpips,train_psnr,test_psnr
0,5.987829208374023,0.014076215215027332,,6.081929683685303,0.0
500,18.948013305664062,0.4828895032405853,,21.498523712158203,0.0
1000,20.14665412902832,0.5480436682701111,,22.22783851623535,0.0
1500,20.53252410888672,0.5855432152748108,,23.124713897705078,0.0
2000,20.78801155090332,0.5998144745826721,,27.658470153808594,0.0
2500,22.222883224487305,0.6363139748573303,,33.301063537597656,0.0
3000,21.745080947875977,0.5996147990226746,,37.809993743896484,0.0
3500,21.494644165039062,0.5716356635093689,,39.45888137817383,0.0
3999,21.429821014404297,0.5651227831840515,,39.67494583129883,0.0
