epochs,full_psnr,ssim,lpips,train_psnr,test_psnr
0,10.59957504272461,0.30678802728652954,,10.882513046264648,0.0
500,16.305400848388672,0.3624746799468994,,17.479646682739258,0.0
1000,17.43881607055664,0.37194788455963135,,18.99995994567871,0.0
1500,16.548328399658203,0.36410871148109436,,17.793453216552734,0.0
2000,17.54169464111328,0.37224721908569336,,19.193174362182617,0.0
2500,18.094623565673828,0.381906658411026,,20.02027130126953,0.0
3000,18.531095504760742,0.39083313941955566,,20.75710678100586,0.0
3500,18.939762115478516,0.4013262093067169,,21.434398651123047,0.0
3999,19.182336807250977,0.4079452455043793,,21.877038955688477,0.0
