epochs,full_psnr,ssim,lpips,train_psnr,test_psnr
0,10.116034507751465,0.6514373421669006,,10.179460525512695,0.0
500,22.596294403076172,0.7715764045715332,,23.857515335083008,0.0
1000,23.891071319580078,0.7790037989616394,,25.71638298034668,0.0
1500,24.57433319091797,0.7848213315010071,,26.813610076904297,0.0
2000,24.98263168334961,0.7890271544456482,,27.49730110168457,0.0
2500,25.158445358276367,0.7911884188652039,,27.827959060668945,0.0
2999,25.188692092895508,0.7916004657745361,,27.88396453857422,0.0
