epochs,full_psnr,ssim,lpips,train_psnr,test_psnr
0,8.427739143371582,0.31100401282310486,,8.470366477966309,0.0
500,11.96086311340332,0.5943052172660828,,12.055686950683594,0.0
1000,11.967941284179688,0.6481084227561951,,12.063520431518555,0.0
1500,11.970136642456055,0.6662941575050354,,12.066255569458008,0.0
2000,11.970342636108398,0.6721203923225403,,12.06644058227539,0.0
2500,11.971579551696777,0.6829397082328796,,12.06796646118164,0.0
3000,11.973076820373535,0.6955930590629578,,12.068809509277344,0.0
3500,11.9737548828125,0.7041637897491455,,12.06989860534668,0.0
3999,11.974011421203613,0.7067413330078125,,12.07457160949707,0.0
