Epoch,stable_rank_layer_0,effective_rank_layer_0,spectral_norm_layer_0,condition_number_layer_0,stable_rank_layer_1,effective_rank_layer_1,spectral_norm_layer_1,condition_number_layer_1,stable_rank_layer_2,effective_rank_layer_2,spectral_norm_layer_2,condition_number_layer_2,stable_rank_layer_3,effective_rank_layer_3,spectral_norm_layer_3,condition_number_layer_3,stable_rank_layer_4,effective_rank_layer_4,spectral_norm_layer_4,condition_number_layer_4,end_to_end_bound
0,1.8759571313858032,1.9956294298171997,7.388733386993408,1.0684608221054077,77.90276336669922,182.55044555664062,1.1331145763397217,1044.4595947265625,76.53007507324219,182.2119598388672,1.1450681686401367,15655.4716796875,75.4630355834961,181.2874298095703,1.152267336845398,659.0721435546875,1.8564822673797607,2.735804796218872,0.6378897428512573,1.6319704055786133,1127441.5004676008
500,1.806765079498291,1.988572359085083,8.369647979736328,1.113336443901062,79.52946472167969,182.55418395996094,1.1246546506881714,1029.9688720703125,76.04386138916016,182.00823974609375,1.1206774711608887,3324.555419921875,70.56024932861328,177.28712463378906,1.1226798295974731,978.2482299804688,1.3283913135528564,2.0654428005218506,0.6875433921813965,2.768674373626709,1302815.8468953837
1000,1.806560754776001,1.9885456562042236,8.468010902404785,1.1134774684906006,78.3902816772461,182.39878845214844,1.132237195968628,6791.4658203125,75.97932434082031,181.9014434814453,1.1266710758209229,726.8836669921875,68.48487854003906,176.00186157226562,1.226546287536621,1301.2674560546875,1.2390199899673462,1.8351843357086182,0.9922960996627808,3.776719808578491,2103590.4040574417
1500,1.8063230514526367,1.9885144233703613,8.477531433105469,1.1136417388916016,77.9993896484375,182.22935485839844,1.1384912729263306,814.5086059570312,75.19676208496094,181.81983947753906,1.1509400606155396,823.2303466796875,67.22401428222656,174.32411193847656,1.3699806928634644,482.0599365234375,1.2192707061767578,1.7555723190307617,1.2969387769699097,4.6966681480407715,3157953.465282208
1999,1.8063268661499023,1.9885149002075195,8.477252006530762,1.113638997077942,77.95301818847656,182.19329833984375,1.1421053409576416,499.3935852050781,75.05310821533203,181.84991455078125,1.1601542234420776,7653.68505859375,67.02764129638672,173.99310302734375,1.4098345041275024,1195.887451171875,1.2144745588302612,1.7363189458847046,1.3787966966629028,4.968835353851318,3493536.891945393
