epochs,full_psnr,ssim,lpips,train_psnr,test_psnr
0,11.208623886108398,0.02852509915828705,,11.31919002532959,0.0
500,23.31439208984375,0.5023850202560425,,26.316699981689453,0.0
1000,24.413982391357422,0.5688138008117676,,28.989089965820312,0.0
1500,25.481185913085938,0.6106243133544922,,33.55017852783203,0.0
1999,25.303266525268555,0.5964270234107971,,34.15726089477539,0.0
