epochs,full_psnr,ssim,lpips,train_psnr,test_psnr
0,6.907624244689941,0.2830864489078522,,7.019678115844727,0.0
500,17.507644653320312,0.2859251797199249,,19.689149856567383,0.0
1000,18.858840942382812,0.3442004919052124,,21.989173889160156,0.0
1500,19.32026481628418,0.35739898681640625,,23.094741821289062,0.0
2000,19.90076446533203,0.37781569361686707,,25.347412109375,0.0
2500,20.100954055786133,0.3751240074634552,,27.821250915527344,0.0
3000,19.961585998535156,0.3527921438217163,,30.463638305664062,0.0
3500,19.779830932617188,0.3320893347263336,,34.32716751098633,0.0
3999,19.627775192260742,0.31730642914772034,,38.05976486206055,0.0
