Epoch,stable_rank_layer_0,effective_rank_layer_0,spectral_norm_layer_0,condition_number_layer_0,stable_rank_layer_1,effective_rank_layer_1,spectral_norm_layer_1,condition_number_layer_1,stable_rank_layer_2,effective_rank_layer_2,spectral_norm_layer_2,condition_number_layer_2,stable_rank_layer_3,effective_rank_layer_3,spectral_norm_layer_3,condition_number_layer_3,stable_rank_layer_4,effective_rank_layer_4,spectral_norm_layer_4,condition_number_layer_4,end_to_end_bound
0,1.8878896236419678,1.9964746236801147,7.3239898681640625,1.0612568855285645,77.88285064697266,182.5524444580078,1.133257269859314,939.9339599609375,76.51953887939453,182.20310974121094,1.145146131515503,13306.6572265625,75.45947265625,181.28656005859375,1.1524658203125,656.2173461914062,1.8008986711502075,2.703644037246704,0.6760607361793518,1.6258450746536255,1184870.5618299523
500,1.8340392112731934,1.9918173551559448,8.153979301452637,1.0949814319610596,77.10974884033203,182.25784301757812,1.1433722972869873,1236.927490234375,76.99202728271484,180.8852996826172,1.1136672496795654,473.981689453125,64.26496124267578,174.0641326904297,1.182731032371521,7742.27978515625,1.1876174211502075,1.6569018363952637,0.6514537930488586,5.827915668487549,1279977.425220237
1000,1.833013892173767,1.9917067289352417,8.230611801147461,1.095655083656311,76.86409759521484,181.93621826171875,1.1454048156738281,4624.46044921875,76.26228332519531,180.56849670410156,1.1277620792388916,393.74493408203125,64.53266906738281,172.3553924560547,1.2855991125106812,2151.75927734375,1.131346344947815,1.510406732559204,0.8508018851280212,6.652210235595703,1860641.0609441267
1500,1.8320209980010986,1.9915986061096191,8.233238220214844,1.096308708190918,76.84705352783203,181.96676635742188,1.1489324569702148,1490.8345947265625,75.292724609375,180.25527954101562,1.1509175300598145,490.48614501953125,64.035888671875,170.43154907226562,1.417035698890686,1228.416015625,1.1029577255249023,1.4223315715789795,1.0377123355865479,7.63006591796875,2561457.4043026045
1999,1.8320088386535645,1.9915974140167236,8.23255729675293,1.0963166952133179,76.76191711425781,181.947509765625,1.1521347761154175,701.9136352539062,75.26565551757812,180.19598388671875,1.157765507698059,1339.712158203125,63.52975082397461,169.84030151367188,1.4564154148101807,624.0822143554688,1.0982351303100586,1.4073458909988403,1.081330418586731,7.791736125946045,2767083.878994059
