epochs,full_psnr,ssim,lpips,train_psnr,test_psnr
0,10.97647762298584,0.03047751635313034,,11.204269409179688,0.0
500,22.89073944091797,0.5286020636558533,,28.992084503173828,0.0
1000,23.45330810546875,0.5594313740730286,,34.375701904296875,0.0
1500,23.606563568115234,0.5657690167427063,,38.97101974487305,0.0
1999,23.584026336669922,0.5611531138420105,,39.71672439575195,0.0
