Epoch,stable_rank_layer_0,effective_rank_layer_0,spectral_norm_layer_0,condition_number_layer_0,stable_rank_layer_1,effective_rank_layer_1,spectral_norm_layer_1,condition_number_layer_1,stable_rank_layer_2,effective_rank_layer_2,spectral_norm_layer_2,condition_number_layer_2,stable_rank_layer_3,effective_rank_layer_3,spectral_norm_layer_3,condition_number_layer_3,stable_rank_layer_4,effective_rank_layer_4,spectral_norm_layer_4,condition_number_layer_4,end_to_end_bound
0,1.8807226419448853,1.9959791898727417,7.314158916473389,1.0655661821365356,77.89701080322266,182.5538330078125,1.1331596374511719,978.1925659179688,76.52892303466797,182.20849609375,1.1451172828674316,4783.5009765625,75.47431182861328,181.28103637695312,1.151870608329773,610.7554321289062,1.8422205448150635,2.731600046157837,0.9159834980964661,1.6069328784942627,10.013751383510073
500,1.7291380167007446,1.9755120277404785,19.319719314575195,1.1711031198501587,68.8241958618164,172.7288360595703,1.581263542175293,70207.671875,65.86225128173828,171.83192443847656,1.6029373407363892,3508.661865234375,60.49161148071289,171.04110717773438,1.5119963884353638,12808.38671875,1.1849993467330933,1.6715279817581177,6.130119800567627,5.054541110992432,453.8802989036266
1000,1.708703637123108,1.9710071086883545,22.377443313598633,1.1878665685653687,67.8733139038086,163.5906524658203,2.083691120147705,19106.84375,66.46893310546875,160.67884826660156,2.0812840461730957,405.7651672363281,49.56976318359375,151.42820739746094,1.9487395286560059,12936.53125,1.1915147304534912,1.6861681938171387,7.815506935119629,5.04437255859375,1478.0397334942681
1500,1.701754093170166,1.9693626165390015,23.554780960083008,1.1937339305877686,69.75137329101562,161.5979766845703,2.2935307025909424,25356.162109375,66.81812286376953,157.4321746826172,2.312056303024292,2618.0126953125,45.112972259521484,141.72018432617188,2.2088353633880615,1347.6636962890625,1.177866816520691,1.6617357730865479,9.36241340637207,4.828869342803955,2583.0522707865175
1999,1.7010676860809326,1.9691967964172363,23.775943756103516,1.194318175315857,69.75357818603516,161.33395385742188,2.3348710536956787,3096.299560546875,66.86506652832031,156.90928649902344,2.3533573150634766,7835.2392578125,44.504215240478516,139.93243408203125,2.258641004562378,5532.9013671875,1.2044833898544312,1.725226640701294,9.828018188476562,4.69549560546875,2900.02470515356
