epochs,full_psnr,ssim,lpips,train_psnr,test_psnr
0,14.001616477966309,0.6017627120018005,,14.124124526977539,0.0
500,17.987777709960938,0.6740066409111023,,18.306915283203125,0.0
1000,19.6107120513916,0.7025825381278992,,20.08264923095703,0.0
1500,20.56288719177246,0.71929931640625,,21.164508819580078,0.0
1999,20.7681884765625,0.7217538952827454,,21.402938842773438,0.0
