epochs,full_psnr,ssim,lpips,train_psnr,test_psnr
0,6.965057849884033,0.12287119776010513,,7.084789276123047,0.0
500,12.848318099975586,0.32265135645866394,,13.331966400146484,0.0
1000,12.84857177734375,0.32319214940071106,,13.332709312438965,0.0
1500,12.848639488220215,0.3235721290111542,,13.33462142944336,0.0
2000,12.847976684570312,0.32150813937187195,,13.332337379455566,0.0
2500,12.847599983215332,0.3197146952152252,,13.330713272094727,0.0
3000,12.849125862121582,0.3246161937713623,,13.334146499633789,0.0
3500,12.851958274841309,0.33239927887916565,,13.337265014648438,0.0
3999,12.854101181030273,0.3388270437717438,,13.339457511901855,0.0
