Epoch,stable_rank_layer_0,effective_rank_layer_0,spectral_norm_layer_0,condition_number_layer_0,stable_rank_layer_1,effective_rank_layer_1,spectral_norm_layer_1,condition_number_layer_1,stable_rank_layer_2,effective_rank_layer_2,spectral_norm_layer_2,condition_number_layer_2,stable_rank_layer_3,effective_rank_layer_3,spectral_norm_layer_3,condition_number_layer_3,stable_rank_layer_4,effective_rank_layer_4,spectral_norm_layer_4,condition_number_layer_4,end_to_end_bound
0,1.8571640253067017,1.99408757686615,5.176130771636963,1.0801101922988892,76.36245727539062,182.11831665039062,0.07027000188827515,2152.752685546875,77.17191314697266,182.44358825683594,0.06991902738809586,298.8701477050781,77.5576171875,181.51119995117188,0.06924429535865784,2256.767578125,1.0031960010528564,1.0239851474761963,0.9033966064453125,25.514678955078125,inf
500,1.9525834321975708,1.9994101524353027,7.038949489593506,1.0245862007141113,88.95906829833984,194.54367065429688,0.5633264780044556,696.2813110351562,83.36503601074219,196.31085205078125,0.6940606832504272,4863.57666015625,97.52452850341797,195.80245971679688,0.9339090585708618,3172.554443359375,1.0001707077026367,1.0017039775848389,0.21991951763629913,257.6423645019531,inf
1000,1.9374500513076782,1.998957872390747,7.621845245361328,1.032823085784912,83.3272705078125,189.02630615234375,0.6685865521430969,3730.5068359375,81.56671905517578,191.2902374267578,0.7793435454368591,1749.467529296875,93.87174224853516,193.12066650390625,1.0133576393127441,23637.2734375,1.000120759010315,1.0012296438217163,0.21124868094921112,481.1681823730469,inf
1500,1.82069993019104,1.9903098344802856,8.014968872070312,1.1038442850112915,83.45980834960938,188.0557098388672,0.6868277192115784,2641.4365234375,81.07076263427734,190.77993774414062,0.7987049221992493,4881.53515625,90.86933898925781,192.9187469482422,1.046205997467041,104831.796875,1.0000895261764526,1.000933289527893,0.2088489532470703,715.5385131835938,inf
1999,1.8168394565582275,1.9898452758789062,8.050558090209961,1.1064496040344238,83.22875213623047,188.06808471679688,0.6885354518890381,6656.84912109375,81.54100799560547,190.7633819580078,0.797149658203125,860.2894287109375,90.91146087646484,192.94017028808594,1.0465176105499268,5246.3447265625,1.0000782012939453,1.0008200407028198,0.20789852738380432,1542.5076904296875,inf
