epochs,full_psnr,ssim,lpips,train_psnr,test_psnr
0,5.828981399536133,0.01630781590938568,,5.859140872955322,0.0
500,26.46986198425293,0.7666156888008118,,30.79859161376953,0.0
1000,25.87291717529297,0.772010087966919,,31.113203048706055,0.0
1500,27.179691314697266,0.7864702343940735,,36.54753112792969,0.0
2000,27.7457275390625,0.7680456638336182,,42.604949951171875,0.0
2500,27.526927947998047,0.741272509098053,,45.446495056152344,0.0
2999,27.47369956970215,0.7339701056480408,,45.843048095703125,0.0
