epochs,full_psnr,ssim,lpips,train_psnr,test_psnr
0,3.3005175590515137,0.22092147171497345,,3.337719678878784,0.0
500,18.963315963745117,0.2988487184047699,,20.85991668701172,0.0
1000,21.52146339416504,0.39570721983909607,,25.594758987426758,0.0
1500,21.94920539855957,0.4385051429271698,,26.65778160095215,0.0
2000,22.245798110961914,0.46776995062828064,,27.475379943847656,0.0
2500,22.890241622924805,0.5040786862373352,,30.877763748168945,0.0
2999,22.804466247558594,0.446224570274353,,37.021690368652344,0.0
