Epoch,stable_rank_layer_0,effective_rank_layer_0,spectral_norm_layer_0,condition_number_layer_0,stable_rank_layer_1,effective_rank_layer_1,spectral_norm_layer_1,condition_number_layer_1,stable_rank_layer_2,effective_rank_layer_2,spectral_norm_layer_2,condition_number_layer_2,stable_rank_layer_3,effective_rank_layer_3,spectral_norm_layer_3,condition_number_layer_3,stable_rank_layer_4,effective_rank_layer_4,spectral_norm_layer_4,condition_number_layer_4,end_to_end_bound
0,1.8823206424713135,1.9960929155349731,7.337747573852539,1.0646008253097534,77.88419342041016,182.54913330078125,1.1332486867904663,1009.4287719726562,76.52411651611328,182.2074432373047,1.145153284072876,3821.201904296875,75.48849487304688,181.2827606201172,1.1517590284347534,587.2127075195312,1.8435791730880737,2.732426404953003,0.916138231754303,1.6066216230392456,10.04787555045223
500,1.8361643552780151,1.9920438528060913,17.73539924621582,1.093589186668396,71.24324798583984,175.83702087402344,1.5964431762695312,1307.3076171875,69.51358795166016,173.97425842285156,1.5806148052215576,2608.55419921875,63.519630432128906,172.72711181640625,1.4808554649353027,516.7738647460938,1.7372652292251587,2.2390589714050293,7.434296131134033,3.9721360206604004,492.68916172226443
1000,1.8538689613342285,1.9937899112701416,19.80792236328125,1.0821921825408936,67.6776123046875,167.87289428710938,2.1968321800231934,562.5108032226562,67.38027954101562,164.1430206298828,2.134263515472412,849330.3125,52.52474594116211,153.86822509765625,1.9443906545639038,854.2290649414062,1.6994203329086304,2.2880449295043945,8.891761779785156,3.4647486209869385,1605.665925359579
1500,1.8606330156326294,1.9943921566009521,20.506481170654297,1.0779310464859009,68.43600463867188,164.59304809570312,2.4519081115722656,2373.13671875,67.1023178100586,161.13137817382812,2.406930685043335,2305.346435546875,48.90453338623047,145.18331909179688,2.2134006023406982,433.6412658691406,1.7336515188217163,2.3177361488342285,9.855376243591309,3.3045883178710938,2639.928412434278
1999,1.8620867729187012,1.9945169687271118,20.639450073242188,1.077021837234497,68.32836151123047,164.11036682128906,2.4985978603363037,17834.720703125,66.8670425415039,160.62677001953125,2.4582953453063965,1947.3394775390625,48.4234504699707,143.7355499267578,2.263880491256714,550.61572265625,1.7245917320251465,2.3112146854400635,10.284256935119629,3.3369357585906982,2951.58272181781
