epochs,full_psnr,ssim,lpips,train_psnr,test_psnr
0,9.76340389251709,0.12049879878759384,,9.84649658203125,0.0
500,14.731444358825684,0.2787114679813385,,14.987457275390625,0.0
1000,14.731091499328613,0.2783031761646271,,14.986930847167969,0.0
1500,14.731952667236328,0.2791925370693207,,14.98838996887207,0.0
2000,14.732246398925781,0.2798689901828766,,14.989290237426758,0.0
2500,14.732803344726562,0.28036782145500183,,14.989738464355469,0.0
3000,14.733224868774414,0.28105446696281433,,14.98928451538086,0.0
3500,14.73376750946045,0.2816232740879059,,14.990205764770508,0.0
3999,14.733949661254883,0.28188905119895935,,14.99979019165039,0.0
