epochs,full_psnr,ssim,lpips,train_psnr,test_psnr
0,6.428483009338379,0.5438632965087891,,6.455626964569092,0.0
500,27.072193145751953,0.8092772364616394,,32.3384895324707,0.0
1000,27.64737319946289,0.8379197120666504,,36.51579284667969,0.0
1500,27.916828155517578,0.8482303619384766,,38.57651138305664,0.0
2000,28.104488372802734,0.8541524410247803,,41.39105987548828,0.0
2500,28.347166061401367,0.8567516207695007,,45.32735824584961,0.0
3000,28.35335922241211,0.853559672832489,,50.4189453125,0.0
3500,28.34078025817871,0.8483069539070129,,55.054508209228516,0.0
3999,28.329822540283203,0.8466824889183044,,55.96726989746094,0.0
