Epoch,stable_rank_layer_0,effective_rank_layer_0,spectral_norm_layer_0,condition_number_layer_0,stable_rank_layer_1,effective_rank_layer_1,spectral_norm_layer_1,condition_number_layer_1,stable_rank_layer_2,effective_rank_layer_2,spectral_norm_layer_2,condition_number_layer_2,stable_rank_layer_3,effective_rank_layer_3,spectral_norm_layer_3,condition_number_layer_3,stable_rank_layer_4,effective_rank_layer_4,spectral_norm_layer_4,condition_number_layer_4,end_to_end_bound
0,1.8579224348068237,1.994154930114746,5.217366695404053,1.0796326398849487,76.6353530883789,182.30670166015625,0.07019113749265671,295.83917236328125,77.68403625488281,182.54852294921875,0.06967781484127045,577.263916015625,77.69259643554688,181.66229248046875,0.06918556243181229,1012.621826171875,1.0032005310058594,1.0240147113800049,0.9032908082008362,25.52188491821289,4082.3590265700304
500,1.8731813430786133,1.9954181909561157,6.425739765167236,1.070157766342163,86.42298889160156,197.82334899902344,0.3775048553943634,549.6285400390625,60.72547912597656,176.94003295898438,0.6588408350944519,563.8187866210938,77.66423797607422,202.5513153076172,0.8642865419387817,30489.66015625,1.0382530689239502,1.1710580587387085,0.4974033832550049,258.5977783203125,1758865.5178633537
1000,1.8734025955200195,1.9954352378845215,6.427279472351074,1.0700221061706543,84.02525329589844,194.7633514404297,0.37598368525505066,1003.6976928710938,63.21560287475586,171.43801879882812,0.6078052520751953,24518.79296875,77.50698852539062,202.49945068359375,0.8656694293022156,73210.375,1.0510058403015137,1.217169165611267,0.4882858395576477,48.21156692504883,1589376.580094663
1500,1.8738157749176025,1.9954668283462524,6.427722930908203,1.0697691440582275,81.80010223388672,192.15029907226562,0.3800719082355499,922.8740234375,62.28828430175781,166.46707153320312,0.5903178453445435,2048.978271484375,77.26140594482422,202.4833221435547,0.8673198819160461,15838.2294921875,1.0644252300262451,1.2599064111709595,0.4849279522895813,45.992427825927734,1552763.5130768942
1999,1.8738222122192383,1.9954673051834106,6.427900791168213,1.0697650909423828,81.21927642822266,191.92880249023438,0.38171446323394775,19837.66796875,62.380897521972656,166.25535583496094,0.5930402278900146,1157.9564208984375,77.42298889160156,202.5161590576172,0.8663694858551025,14842.0986328125,1.0772643089294434,1.304049015045166,0.49035704135894775,24.628646850585938,1582513.6473938578
