epochs,full_psnr,ssim,lpips,train_psnr,test_psnr
0,6.385751724243164,0.5421789288520813,,6.4125657081604,0.0
500,21.867813110351562,0.3777448236942291,,23.939838409423828,0.0
1000,23.221088409423828,0.47980642318725586,,25.49605369567871,0.0
1500,25.159576416015625,0.5904797315597534,,29.541778564453125,0.0
1999,25.242712020874023,0.5020104050636292,,39.0614128112793,0.0
