epochs,full_psnr,ssim,lpips,train_psnr,test_psnr
0,9.484604835510254,0.024740001186728477,,9.531314849853516,0.0
500,24.52568244934082,0.7539125084877014,,26.51668930053711,0.0
1000,27.513591766357422,0.803896427154541,,32.512840270996094,0.0
1500,28.507192611694336,0.8166530132293701,,38.06536102294922,0.0
2000,29.018163681030273,0.8139057755470276,,42.99989318847656,0.0
2500,28.896015167236328,0.7979621887207031,,44.99883270263672,0.0
2999,28.849437713623047,0.7929074168205261,,45.31753158569336,0.0
