Epoch,stable_rank_layer_0,effective_rank_layer_0,spectral_norm_layer_0,condition_number_layer_0,stable_rank_layer_1,effective_rank_layer_1,spectral_norm_layer_1,condition_number_layer_1,stable_rank_layer_2,effective_rank_layer_2,spectral_norm_layer_2,condition_number_layer_2,stable_rank_layer_3,effective_rank_layer_3,spectral_norm_layer_3,condition_number_layer_3,stable_rank_layer_4,effective_rank_layer_4,spectral_norm_layer_4,condition_number_layer_4,end_to_end_bound
0,1.8975046873092651,1.9970828294754028,7.2995524406433105,1.0555567741394043,77.88044738769531,182.5562744140625,1.133286952972412,1173.401611328125,76.49950408935547,182.2028350830078,1.1452993154525757,85386.8046875,75.45909118652344,181.29139709472656,1.1523823738098145,641.2606201171875,1.7212802171707153,2.6389472484588623,0.8755627870559692,1.6786624193191528,1529533.550168565
500,1.8783844709396362,1.9958096742630005,8.06386947631836,1.0669834613800049,79.36885833740234,181.90553283691406,1.1328059434890747,884.7321166992188,75.89592742919922,181.96780395507812,1.1314761638641357,2531.132080078125,66.34623718261719,171.4591064453125,1.0614901781082153,1418.641845703125,1.0252430438995361,1.1311880350112915,0.7617272138595581,20.379377365112305,1337149.1490107821
1000,1.8710969686508179,1.9952558279037476,8.184305191040039,1.0714372396469116,79.40492248535156,181.73609924316406,1.1374129056930542,1095.8809814453125,76.06187438964844,181.8176727294922,1.140383243560791,922.2432861328125,66.31616973876953,172.0685577392578,1.1098765134811401,458.2120666503906,1.021047592163086,1.1161141395568848,1.0431458950042725,16.660890579223633,1966484.3386069937
1500,1.8714112043380737,1.9952805042266846,8.186548233032227,1.0712441205978394,78.8937759399414,181.74998474121094,1.14491868019104,910.7568969726562,76.70868682861328,181.74009704589844,1.1482611894607544,1254.300537109375,65.93087005615234,171.75442504882812,1.220635175704956,3461.799072265625,1.014615535736084,1.085971713066101,1.3605163097381592,18.7616024017334,2859734.854159691
1999,1.8714793920516968,1.9952858686447144,8.186477661132812,1.0712021589279175,78.95775604248047,181.75013732910156,1.1457645893096924,1352.0145263671875,76.52825927734375,181.66314697265625,1.1541333198547363,663.07080078125,65.87477111816406,171.4156036376953,1.2546193599700928,4720.91748046875,1.0140365362167358,1.083206057548523,1.434880018234253,18.855119705200195,3118142.8796035554
