epochs,full_psnr,ssim,lpips,train_psnr,test_psnr
0,5.987829208374023,0.014076215215027332,,6.081929683685303,0.0
500,20.40348243713379,0.5595765113830566,,23.385026931762695,0.0
1000,22.219694137573242,0.6462171673774719,,26.6867618560791,0.0
1500,21.80698013305664,0.6045650243759155,,36.11069869995117,0.0
1999,21.62017059326172,0.5838175415992737,,37.6235466003418,0.0
