epochs,full_psnr,ssim,lpips,train_psnr,test_psnr
0,5.472500801086426,0.16500221192836761,,5.561900615692139,0.0
500,18.859817504882812,0.31524384021759033,,21.957551956176758,0.0
1000,20.0629825592041,0.3556358814239502,,24.724472045898438,0.0
1500,20.23667335510254,0.3589686453342438,,25.395526885986328,0.0
2000,20.469877243041992,0.36632999777793884,,26.917821884155273,0.0
2500,20.69940948486328,0.3704117238521576,,29.832612991333008,0.0
3000,20.48063087463379,0.3409769535064697,,33.07536697387695,0.0
3500,20.270618438720703,0.3223090171813965,,34.93534851074219,0.0
3999,20.20142364501953,0.31382182240486145,,39.65561294555664,0.0
