epochs,full_psnr,ssim,lpips,train_psnr,test_psnr
0,9.26761245727539,0.3039255142211914,,9.363924026489258,0.0
500,18.559478759765625,0.3084261119365692,,19.88163185119629,0.0
1000,20.754840850830078,0.397079735994339,,22.9100341796875,0.0
1500,21.42440414428711,0.4520321786403656,,23.809383392333984,0.0
2000,21.63188934326172,0.4795890748500824,,24.12970733642578,0.0
2500,23.16524887084961,0.5250492691993713,,28.551023483276367,0.0
2999,23.076448440551758,0.4686955511569977,,33.912879943847656,0.0
