Epoch,stable_rank_layer_0,effective_rank_layer_0,spectral_norm_layer_0,condition_number_layer_0,stable_rank_layer_1,effective_rank_layer_1,spectral_norm_layer_1,condition_number_layer_1,stable_rank_layer_2,effective_rank_layer_2,spectral_norm_layer_2,condition_number_layer_2,stable_rank_layer_3,effective_rank_layer_3,spectral_norm_layer_3,condition_number_layer_3,stable_rank_layer_4,effective_rank_layer_4,spectral_norm_layer_4,condition_number_layer_4,end_to_end_bound
0,1.8737945556640625,1.9954651594161987,7.33212423324585,1.0697822570800781,77.86312103271484,182.55078125,1.1333869695663452,1019.7000732421875,76.524169921875,182.2091064453125,1.1451417207717896,4731.19580078125,75.47327423095703,181.2820587158203,1.1518728733062744,605.7700805664062,1.8424936532974243,2.731818199157715,0.9158186316490173,1.6064221858978271,10.038788237830607
500,1.864698886871338,1.9947373867034912,17.352697372436523,1.075393795967102,63.242408752441406,167.47312927246094,1.6206648349761963,1091.244140625,60.415977478027344,167.097900390625,1.6485378742218018,3429.743408203125,56.461082458496094,168.5411834716797,1.5869275331497192,1464.5037841796875,1.0942081212997437,1.3938274383544922,8.640233039855957,8.006887435913086,635.6845883583042
1000,1.8255128860473633,1.9908708333969116,19.572938919067383,1.1006217002868652,62.6738395690918,156.00389099121094,2.328831672668457,11779.3525390625,60.385807037353516,155.79737854003906,2.3307228088378906,1545.4066162109375,44.07950210571289,145.10609436035156,2.2420332431793213,699.4571533203125,1.08839750289917,1.3649786710739136,10.630990028381348,9.809394836425781,2532.2146937143034
1500,1.7517237663269043,1.9799453020095825,23.255352020263672,1.1533758640289307,61.47750473022461,154.0152587890625,2.7635602951049805,1586.544189453125,57.573402404785156,154.4417266845703,2.7775914669036865,2183.329345703125,42.647216796875,143.49400329589844,2.558234453201294,465.01116943359375,1.0903207063674927,1.3808128833770752,14.106971740722656,8.205724716186523,6442.202492000369
1999,1.750890851020813,1.979791522026062,23.32304573059082,1.1540154218673706,60.80248260498047,153.03538513183594,2.9877254962921143,1304.7884521484375,57.3740348815918,153.6405029296875,2.9757137298583984,14055.9140625,42.289039611816406,140.2116241455078,2.6750223636627197,2403.16748046875,1.082302451133728,1.3539440631866455,14.849116325378418,8.588637351989746,8236.546080052327
