epochs,full_psnr,ssim,lpips,train_psnr,test_psnr
0,12.351362228393555,0.22060127556324005,,12.812429428100586,0.0
500,17.800668716430664,0.2881529629230499,,19.698196411132812,0.0
1000,18.788890838623047,0.30019477009773254,,21.385496139526367,0.0
1500,17.494037628173828,0.2841939628124237,,19.238466262817383,0.0
1999,18.31463623046875,0.29422083497047424,,20.524940490722656,0.0
