epochs,full_psnr,ssim,lpips,train_psnr,test_psnr
0,11.019577026367188,0.35316410660743713,,11.171584129333496,0.0
500,16.722734451293945,0.4198331832885742,,17.327552795410156,0.0
1000,18.367557525634766,0.43658319115638733,,19.294391632080078,0.0
1500,19.42859649658203,0.4558323323726654,,20.645950317382812,0.0
2000,19.87200164794922,0.46173039078712463,,21.184446334838867,0.0
2500,20.889299392700195,0.48884448409080505,,22.766345977783203,0.0
2999,21.430309295654297,0.5036745667457581,,23.597238540649414,0.0
