Epoch,stable_rank_layer_0,effective_rank_layer_0,spectral_norm_layer_0,condition_number_layer_0,stable_rank_layer_1,effective_rank_layer_1,spectral_norm_layer_1,condition_number_layer_1,stable_rank_layer_2,effective_rank_layer_2,spectral_norm_layer_2,condition_number_layer_2,stable_rank_layer_3,effective_rank_layer_3,spectral_norm_layer_3,condition_number_layer_3,stable_rank_layer_4,effective_rank_layer_4,spectral_norm_layer_4,condition_number_layer_4,end_to_end_bound
0,1.8571640253067017,1.99408757686615,5.176130771636963,1.0801101922988892,76.44416809082031,182.23422241210938,0.07017617672681808,525.0577392578125,77.21296691894531,182.43174743652344,0.06978859752416611,299.6191711425781,77.76227569580078,181.7096710205078,0.06918389350175858,1180.8826904296875,1.0031960010528564,1.0239851474761963,0.9033966064453125,25.514678955078125,inf
500,1.89156973361969,1.9967149496078491,6.357024669647217,1.0590643882751465,64.5463638305664,154.267578125,0.36477038264274597,719.510498046875,27.950077056884766,144.82177734375,0.8586433529853821,3550.663330078125,34.18178176879883,127.05374908447266,1.0222654342651367,66760.0390625,1.015751838684082,1.0842981338500977,0.31880709528923035,76.183349609375,inf
1000,1.8915984630584717,1.9967167377471924,6.356467247009277,1.0590472221374512,63.860023498535156,155.91867065429688,0.36590203642845154,2371.420166015625,30.671676635742188,152.12173461914062,0.8865772485733032,1248.047119140625,38.287654876708984,139.80885314941406,1.0420591831207275,30365.365234375,1.131180763244629,1.4342665672302246,0.41215142607688904,58.42198181152344,inf
1500,1.8916593790054321,1.9967206716537476,6.356526851654053,1.0590111017227173,63.684749603271484,156.16525268554688,0.36645400524139404,7523.81982421875,31.588491439819336,152.74290466308594,0.8567391037940979,14735.4873046875,39.118534088134766,143.41726684570312,1.0594593286514282,535790.75,1.12575364112854,1.4219367504119873,0.4373916685581207,56.39988327026367,inf
1999,1.8916137218475342,1.996717929840088,6.356570720672607,1.0590382814407349,63.7017707824707,156.21128845214844,0.36644992232322693,18732.439453125,31.807262420654297,153.0476531982422,0.8564897775650024,837.86328125,39.25096130371094,143.62655639648438,1.0590161085128784,4358.29736328125,1.1272653341293335,1.4251065254211426,0.4427776336669922,60.81145095825195,inf
