epochs,full_psnr,ssim,lpips,train_psnr,test_psnr
0,9.493304252624512,0.18130910396575928,,9.659489631652832,0.0
500,19.03900909423828,0.3051961362361908,,21.337726593017578,0.0
1000,21.08400535583496,0.35503819584846497,,25.544281005859375,0.0
1500,21.124778747558594,0.31547245383262634,,29.503742218017578,0.0
1999,20.4342098236084,0.24523401260375977,,36.386016845703125,0.0
