epochs,full_psnr,ssim,lpips,train_psnr,test_psnr
0,10.582746505737305,0.3064885139465332,,10.864553451538086,0.0
500,16.009084701538086,0.3600696325302124,,17.07943344116211,0.0
1000,17.005287170410156,0.36732152104377747,,18.436635971069336,0.0
1500,17.60818099975586,0.3751355707645416,,19.245044708251953,0.0
2000,17.944265365600586,0.38019120693206787,,19.834003448486328,0.0
2500,18.160911560058594,0.3846815824508667,,20.205097198486328,0.0
3000,18.70124626159668,0.3960808217525482,,21.021434783935547,0.0
3500,19.098541259765625,0.406340092420578,,21.74700927734375,0.0
3999,19.3708438873291,0.4146171510219574,,22.24830436706543,0.0
