epochs,full_psnr,ssim,lpips,train_psnr,test_psnr
0,11.209545135498047,0.02853236347436905,,11.32156753540039,0.0
500,22.757057189941406,0.47636017203330994,,25.04361343383789,0.0
1000,23.15270233154297,0.5019094944000244,,25.977523803710938,0.0
1500,23.832265853881836,0.535712480545044,,26.596275329589844,0.0
2000,24.1720027923584,0.551629364490509,,27.342514038085938,0.0
2500,26.091468811035156,0.6581099629402161,,30.68885612487793,0.0
2999,25.842390060424805,0.6385125517845154,,36.13273239135742,0.0
