Epoch,stable_rank_layer_0,effective_rank_layer_0,spectral_norm_layer_0,condition_number_layer_0,stable_rank_layer_1,effective_rank_layer_1,spectral_norm_layer_1,condition_number_layer_1,stable_rank_layer_2,effective_rank_layer_2,spectral_norm_layer_2,condition_number_layer_2,stable_rank_layer_3,effective_rank_layer_3,spectral_norm_layer_3,condition_number_layer_3,stable_rank_layer_4,effective_rank_layer_4,spectral_norm_layer_4,condition_number_layer_4,end_to_end_bound
0,1.8737945556640625,1.9954651594161987,7.33212423324585,1.0697822570800781,77.8725814819336,182.54879760742188,1.1333200931549072,969.66943359375,76.5247802734375,182.20901489257812,1.1451473236083984,5050.13623046875,75.47737121582031,181.28189086914062,1.151837706565857,601.2827758789062,1.8424936532974243,2.731818199157715,0.9158186316490173,1.6064221858978271,10.037938536780494
500,1.7980973720550537,1.9874048233032227,16.91909408569336,1.1193658113479614,68.4515609741211,171.93666076660156,1.6498968601226807,640.2787475585938,66.1654281616211,170.25399780273438,1.6598358154296875,700.77001953125,59.105857849121094,168.47471618652344,1.5640290975570679,1049.56103515625,1.1321810483932495,1.5229493379592896,6.931790351867676,5.979296684265137,502.3301908451869
1000,1.7837727069854736,1.9853239059448242,19.118576049804688,1.1295486688613892,68.20845031738281,161.34619140625,2.368466377258301,7053.3046875,63.324501037597656,158.24864196777344,2.3792619705200195,1796.9375,47.600685119628906,144.59173583984375,2.152726411819458,3529.14501953125,1.1664986610412598,1.5902689695358276,8.45062255859375,6.908770561218262,1959.9390849939398
1500,1.7818093299865723,1.9850233793258667,20.165136337280273,1.1309659481048584,68.71818542480469,156.0445098876953,3.0135409832000732,616.4800415039062,62.78655242919922,151.75991821289062,2.987743854522705,588.5274047851562,42.57313537597656,130.42173767089844,2.6597769260406494,1127.4281005859375,1.1866450309753418,1.621097445487976,9.230094909667969,7.671987533569336,4457.311720616499
1999,1.7798980474472046,1.9847275018692017,20.58551025390625,1.132351040840149,69.3167724609375,154.51361083984375,3.3296005725860596,1421.6148681640625,62.41866683959961,148.97450256347656,3.31120228767395,2246.482421875,41.088050842285156,124.11002349853516,2.9654953479766846,2734.2724609375,1.1856473684310913,1.6093132495880127,10.4991455078125,8.45407772064209,7066.277507363259
