epochs,full_psnr,ssim,lpips,train_psnr,test_psnr
0,12.351283073425293,0.22060070931911469,,12.812341690063477,0.0
500,17.79817771911621,0.2867318093776703,,19.696807861328125,0.0
1000,18.838069915771484,0.3027695119380951,,21.430301666259766,0.0
1500,19.284116744995117,0.3114233613014221,,22.297468185424805,0.0
1999,19.598892211914062,0.3223121762275696,,22.96647071838379,0.0
