epochs,full_psnr,ssim,lpips,train_psnr,test_psnr
0,6.1354498863220215,0.01380159705877304,,6.232658386230469,0.0
500,20.504255294799805,0.4776696264743805,,25.281505584716797,0.0
1000,20.804458618164062,0.5015983581542969,,26.508304595947266,0.0
1500,22.062665939331055,0.5570454001426697,,30.50601577758789,0.0
2000,21.935218811035156,0.5331929922103882,,35.260337829589844,0.0
2500,21.696487426757812,0.4973487854003906,,37.74996566772461,0.0
2999,21.6226863861084,0.4875269830226898,,38.063720703125,0.0
