Epoch,stable_rank_layer_0,effective_rank_layer_0,spectral_norm_layer_0,condition_number_layer_0,stable_rank_layer_1,effective_rank_layer_1,spectral_norm_layer_1,condition_number_layer_1,stable_rank_layer_2,effective_rank_layer_2,spectral_norm_layer_2,condition_number_layer_2,stable_rank_layer_3,effective_rank_layer_3,spectral_norm_layer_3,condition_number_layer_3,stable_rank_layer_4,effective_rank_layer_4,spectral_norm_layer_4,condition_number_layer_4,end_to_end_bound
0,1.8780766725540161,1.9957871437072754,7.332607269287109,1.0671703815460205,77.86591339111328,182.54974365234375,1.133370041847229,1074.5689697265625,76.519775390625,182.2092742919922,1.1451705694198608,5649.86474609375,75.47396087646484,181.28396606445312,1.1518532037734985,589.8533935546875,1.8425712585449219,2.7318153381347656,0.9160671830177307,1.6068366765975952,10.042105786566752
500,1.7277565002441406,1.9752227067947388,15.001784324645996,1.1722140312194824,71.30887603759766,175.9647674560547,1.6016037464141846,1196.4144287109375,64.86361694335938,173.63116455078125,1.651255488395691,5157.8642578125,61.366214752197266,171.59561157226562,1.5335519313812256,2808.29296875,1.1075005531311035,1.4214470386505127,7.127316474914551,9.310052871704102,433.6474512130091
1000,1.692383050918579,1.9670512676239014,16.304489135742188,1.2017849683761597,69.38863372802734,166.31092834472656,2.157849073410034,3746.798095703125,60.88376235961914,161.84658813476562,2.2482707500457764,1264.326416015625,48.249942779541016,150.07261657714844,2.083461284637451,7001.38525390625,1.0490964651107788,1.2274978160858154,11.259648323059082,13.74687671661377,1855.6118297738005
1500,1.682823896408081,1.9645798206329346,16.83685302734375,1.2101678848266602,70.32012939453125,162.51963806152344,2.4024908542633057,1356.5804443359375,59.637569427490234,157.25167846679688,2.547934055328369,2358.07763671875,44.42711639404297,140.55201721191406,2.3827078342437744,17411.212890625,1.0445210933685303,1.2124077081680298,12.650668144226074,13.178853034973145,3106.6698569733176
1999,1.680866003036499,1.9640592336654663,16.936702728271484,1.2119065523147583,70.59286499023438,161.97019958496094,2.4410645961761475,727.4806518554688,59.4887809753418,156.5851287841797,2.599180221557617,944.88427734375,43.9921875,139.0407257080078,2.4343597888946533,2121.003173828125,1.0441205501556396,1.2113656997680664,12.927831649780273,12.972664833068848,3381.8550093093345
