Epoch,stable_rank_layer_0,effective_rank_layer_0,spectral_norm_layer_0,condition_number_layer_0,stable_rank_layer_1,effective_rank_layer_1,spectral_norm_layer_1,condition_number_layer_1,stable_rank_layer_2,effective_rank_layer_2,spectral_norm_layer_2,condition_number_layer_2,stable_rank_layer_3,effective_rank_layer_3,spectral_norm_layer_3,condition_number_layer_3,stable_rank_layer_4,effective_rank_layer_4,spectral_norm_layer_4,condition_number_layer_4,end_to_end_bound
0,1.8468440771102905,1.9931268692016602,5.186951160430908,1.0866714715957642,76.33714294433594,182.13621520996094,0.07024752348661423,516.7369384765625,77.14990234375,182.45018005371094,0.06989002227783203,327.494384765625,77.60159301757812,181.49093627929688,0.06922167539596558,3491.585205078125,1.0061826705932617,1.0418294668197632,0.9019312262535095,24.631633758544922,inf
500,1.9976683855056763,1.9999985694885254,7.1877031326293945,1.001167893409729,72.10783386230469,177.33895874023438,0.5318383574485779,4976.5517578125,49.816280364990234,175.83006286621094,0.7845113277435303,541.438720703125,52.973289489746094,158.55673217773438,0.9055333733558655,31792.68359375,1.0000996589660645,1.0010768175125122,0.3935031294822693,192.5241241455078,inf
1000,1.79293692111969,1.9866771697998047,8.816923141479492,1.123002290725708,74.27936553955078,179.1490478515625,0.6238883137702942,385.50152587890625,54.71425247192383,176.7954559326172,0.8483832478523254,15064.560546875,58.615970611572266,165.7414093017578,0.9391939043998718,2760.629638671875,1.0000885725021362,1.0009666681289673,0.3418140411376953,207.4695587158203,inf
1500,1.721212387084961,1.9738221168518066,9.597967147827148,1.1775202751159668,74.1231918334961,179.6007537841797,0.6508359313011169,1353.34423828125,56.718414306640625,177.2984619140625,0.8582102656364441,4739.0732421875,58.63617706298828,167.18716430664062,0.9604625701904297,5186.39013671875,1.000070571899414,1.000787615776062,0.33282190561294556,226.6608123779297,inf
1999,1.7331312894821167,1.9763363599777222,9.557830810546875,1.1679093837738037,74.24382781982422,179.6750030517578,0.6515815854072571,2148.448974609375,56.75791931152344,177.3742218017578,0.8589876890182495,1297.080810546875,58.700096130371094,167.18508911132812,0.9610843062400818,10792.4169921875,1.0000592470169067,1.0006699562072754,0.3302224576473236,257.7373352050781,inf
