epochs,full_psnr,ssim,lpips,train_psnr,test_psnr
0,7.689194202423096,0.19780512154102325,,7.867295742034912,0.0
500,10.424748420715332,0.3505854308605194,,10.764150619506836,0.0
1000,10.427203178405762,0.3653302490711212,,10.765608787536621,0.0
1500,10.428729057312012,0.37580230832099915,,10.767023086547852,0.0
1999,10.429407119750977,0.37983939051628113,,10.79158878326416,0.0
