epochs,full_psnr,ssim,lpips,train_psnr,test_psnr
0,14.001619338989258,0.6017627120018005,,14.124127388000488,0.0
500,18.075199127197266,0.6715545058250427,,18.39905548095703,0.0
1000,19.761329650878906,0.7057197690010071,,20.234825134277344,0.0
1500,21.11478614807129,0.7252529263496399,,21.80517578125,0.0
2000,22.161968231201172,0.7398568987846375,,23.08972930908203,0.0
2500,23.05767250061035,0.747913658618927,,24.192657470703125,0.0
3000,23.71905517578125,0.7571628093719482,,25.102550506591797,0.0
3500,24.025590896606445,0.7636642456054688,,25.53056526184082,0.0
3999,24.077407836914062,0.7643351554870605,,25.60572624206543,0.0
