epochs,full_psnr,ssim,lpips,train_psnr,test_psnr
0,9.200697898864746,0.021255267783999443,,9.410354614257812,0.0
500,20.920330047607422,0.41371381282806396,,25.702028274536133,0.0
1000,20.571191787719727,0.4093364179134369,,26.283607482910156,0.0
1500,20.440109252929688,0.398705393075943,,25.296398162841797,0.0
2000,21.06539535522461,0.4355844259262085,,26.522907257080078,0.0
2500,21.313438415527344,0.4658627510070801,,29.39104461669922,0.0
2999,21.700347900390625,0.4763519763946533,,36.147857666015625,0.0
