epochs,full_psnr,ssim,lpips,train_psnr,test_psnr
0,6.538789749145508,0.4132317006587982,,6.561866283416748,0.0
500,14.815742492675781,0.5990302562713623,,14.963321685791016,0.0
1000,14.816845893859863,0.6027956604957581,,14.965604782104492,0.0
1500,14.817422866821289,0.6071951985359192,,14.966543197631836,0.0
2000,14.818145751953125,0.6090596318244934,,14.96590518951416,0.0
2500,14.818883895874023,0.6126874089241028,,14.967236518859863,0.0
3000,14.819618225097656,0.6156988739967346,,14.967958450317383,0.0
3500,14.82009506225586,0.6181197762489319,,14.968437194824219,0.0
3999,14.817891120910645,0.6079590320587158,,15.106767654418945,0.0
