epochs,full_psnr,ssim,lpips,train_psnr,test_psnr
0,8.327791213989258,0.3044130802154541,,8.369157791137695,0.0
500,11.957502365112305,0.5703546404838562,,12.053102493286133,0.0
1000,11.966796875,0.6382381319999695,,12.063619613647461,0.0
1500,11.968817710876465,0.6579440236091614,,12.066045761108398,0.0
2000,11.970223426818848,0.6671903133392334,,12.065242767333984,0.0
2500,11.971417427062988,0.6807085871696472,,12.067598342895508,0.0
3000,11.972536087036133,0.6920344829559326,,12.068985939025879,0.0
3500,11.973682403564453,0.703824520111084,,12.069817543029785,0.0
3999,11.973637580871582,0.7029988169670105,,12.119599342346191,0.0
