Epoch,stable_rank_layer_0,effective_rank_layer_0,spectral_norm_layer_0,condition_number_layer_0,stable_rank_layer_1,effective_rank_layer_1,spectral_norm_layer_1,condition_number_layer_1,stable_rank_layer_2,effective_rank_layer_2,spectral_norm_layer_2,condition_number_layer_2,stable_rank_layer_3,effective_rank_layer_3,spectral_norm_layer_3,condition_number_layer_3,stable_rank_layer_4,effective_rank_layer_4,spectral_norm_layer_4,condition_number_layer_4,end_to_end_bound
0,1.8807226419448853,1.9959791898727417,7.314158916473389,1.0655661821365356,77.88289642333984,182.55470275878906,1.1332556009292603,994.9380493164062,76.52698516845703,182.20970153808594,1.1451265811920166,4682.18212890625,75.47362518310547,181.28118896484375,1.1518745422363281,619.7745971679688,1.8422205448150635,2.731600046157837,0.9159834980964661,1.6069328784942627,10.01471493520453
500,1.7081841230392456,1.9708861112594604,19.673124313354492,1.1883021593093872,64.21699523925781,168.689208984375,1.599960207939148,1090.090087890625,61.971988677978516,166.97866821289062,1.6275252103805542,769.2152709960938,58.51262283325195,169.24900817871094,1.5294092893600464,763.3345947265625,1.245665192604065,1.852904200553894,5.5313401222229,3.6922566890716553,433.3754744477352
1000,1.6851907968521118,1.9652025699615479,23.46368980407715,1.208076000213623,64.293701171875,157.42527770996094,2.305819272994995,4376.04833984375,62.19122314453125,154.30665588378906,2.2997019290924072,4794.67431640625,44.79887008666992,143.59593200683594,2.139218330383301,835027.625,1.2565685510635376,1.8295884132385254,7.496379375457764,4.583252429962158,1995.261356364562
1500,1.7444652318954468,1.9785808324813843,25.4013671875,1.158984899520874,62.57136154174805,155.52735900878906,2.712664842605591,843.687255859375,58.82619857788086,152.26303100585938,2.720791816711426,1282.4639892578125,44.630157470703125,141.9395751953125,2.371384620666504,2238.872314453125,1.2585476636886597,1.81999671459198,10.457704544067383,4.886631011962891,4649.292938362063
1999,1.74393892288208,1.9784796237945557,25.586406707763672,1.1593949794769287,63.4876708984375,154.20941162109375,2.954801082611084,992.412353515625,58.13273239135742,150.56661987304688,2.9842755794525146,7031.36279296875,40.29315948486328,136.1588592529297,2.6358678340911865,644.13671875,1.2241361141204834,1.7455955743789673,11.300596237182617,5.2516255378723145,6720.498089536396
