epochs,full_psnr,ssim,lpips,train_psnr,test_psnr
0,14.001588821411133,0.6017622351646423,,14.124096870422363,0.0
500,18.019878387451172,0.671771228313446,,18.340980529785156,0.0
1000,19.815372467041016,0.7033651471138,,20.313526153564453,0.0
1500,18.22039031982422,0.6745650768280029,,18.55693817138672,0.0
1999,19.30577850341797,0.6958382725715637,,19.7430419921875,0.0
