epochs,full_psnr,ssim,lpips,train_psnr,test_psnr
0,9.349892616271973,0.2091880440711975,,9.38737964630127,0.0
500,19.70488166809082,0.335824579000473,,21.220151901245117,0.0
1000,22.25885009765625,0.4225403964519501,,24.406679153442383,0.0
1500,23.00997543334961,0.44806385040283203,,25.702030181884766,0.0
2000,23.142391204833984,0.41476330161094666,,27.24903106689453,0.0
2500,22.55643653869629,0.3319941461086273,,31.46071434020996,0.0
2999,21.899307250976562,0.2801152467727661,,36.26939392089844,0.0
