epochs,full_psnr,ssim,lpips,train_psnr,test_psnr
0,7.176262855529785,0.12817955017089844,,7.302083969116211,0.0
500,12.848737716674805,0.32269489765167236,,13.333521842956543,0.0
1000,12.848627090454102,0.32390257716178894,,13.332419395446777,0.0
1500,12.84730339050293,0.32054176926612854,,13.332771301269531,0.0
2000,12.848538398742676,0.3234119713306427,,13.331928253173828,0.0
2500,12.849268913269043,0.3247741758823395,,13.333761215209961,0.0
3000,12.850476264953613,0.32872217893600464,,13.334501266479492,0.0
3500,12.851869583129883,0.3323350250720978,,13.336816787719727,0.0
3999,12.854186058044434,0.3392885625362396,,13.339176177978516,0.0
