epochs,full_psnr,ssim,lpips,train_psnr,test_psnr
0,8.432327270507812,0.3099333345890045,,8.474710464477539,0.0
500,11.96771240234375,0.6426995992660522,,12.063238143920898,0.0
1000,11.967491149902344,0.64620041847229,,12.061403274536133,0.0
1500,11.968433380126953,0.653302788734436,,12.06441879272461,0.0
2000,11.968363761901855,0.6543956398963928,,12.065115928649902,0.0
2500,11.968232154846191,0.6533851623535156,,12.064542770385742,0.0
3000,11.968851089477539,0.6550689339637756,,12.06458568572998,0.0
3500,11.970191955566406,0.6691480278968811,,12.06577205657959,0.0
3999,11.9732666015625,0.6989090442657471,,12.069328308105469,0.0
