Epoch,stable_rank_layer_0,effective_rank_layer_0,spectral_norm_layer_0,condition_number_layer_0,stable_rank_layer_1,effective_rank_layer_1,spectral_norm_layer_1,condition_number_layer_1,stable_rank_layer_2,effective_rank_layer_2,spectral_norm_layer_2,condition_number_layer_2,stable_rank_layer_3,effective_rank_layer_3,spectral_norm_layer_3,condition_number_layer_3,stable_rank_layer_4,effective_rank_layer_4,spectral_norm_layer_4,condition_number_layer_4,end_to_end_bound
0,1.8614530563354492,1.9944628477096558,5.172408580780029,1.0774178504943848,76.6171875,182.25856018066406,0.07015139609575272,536.7366333007812,77.6548843383789,182.60311889648438,0.06965795904397964,524.094970703125,77.5146255493164,181.5341339111328,0.06924954801797867,727.3427734375,1.006194829940796,1.0418444871902466,0.9019402265548706,25.006359100341797,4041.425272469518
500,1.854575753211975,1.9938544034957886,6.261648654937744,1.0817445516586304,54.3340950012207,157.09547424316406,0.3724838197231293,722.3470458984375,25.104366302490234,156.7089080810547,0.6810765266418457,7021.69775390625,54.427833557128906,153.95556640625,0.9652033448219299,16505.203125,1.129004716873169,1.4689605236053467,0.41109785437583923,10.46395206451416,1613600.4779953167
1000,1.8545901775360107,1.9938557147979736,6.261865139007568,1.081735372543335,56.817195892333984,157.96434020996094,0.362492173910141,427.1719665527344,26.309646606445312,157.2489776611328,0.6676045060157776,1496.636962890625,58.97272491455078,158.18051147460938,0.9828137159347534,71227.0703125,1.150946855545044,1.533416986465454,0.40413400530815125,8.69854736328125,1540842.2319786965
1500,1.8545832633972168,1.9938551187515259,6.262147903442383,1.081739902496338,57.363582611083984,158.49354553222656,0.3589240312576294,737.3521728515625,26.662321090698242,157.34445190429688,0.6649861335754395,5900.0263671875,59.486995697021484,159.194091796875,0.9807639718055725,23105.857421875,1.1595404148101807,1.5574969053268433,0.4080958962440491,8.217622756958008,1531458.1866415283
1999,1.8545750379562378,1.993854284286499,6.262192726135254,1.081744909286499,57.37541198730469,158.57089233398438,0.35867708921432495,573.1676025390625,26.679033279418945,157.34519958496094,0.6649098992347717,12618.625,59.50226974487305,159.37142944335938,0.9841912984848022,25790.29296875,1.1624763011932373,1.5682810544967651,0.4089452922344208,7.844808578491211,1538783.653467849
