epochs,full_psnr,ssim,lpips,train_psnr,test_psnr
0,5.54193115234375,0.16519230604171753,,5.632529258728027,0.0
500,21.257827758789062,0.448756605386734,,28.54924774169922,0.0
1000,21.67547035217285,0.47588858008384705,,32.071720123291016,0.0
1500,21.792034149169922,0.47027620673179626,,37.88509750366211,0.0
1999,21.7226505279541,0.45495450496673584,,44.21319580078125,0.0
