epochs,full_psnr,ssim,lpips,train_psnr,test_psnr
0,3.541609048843384,0.2244684249162674,,3.580869197845459,0.0
500,22.8128719329834,0.5056822299957275,,29.71059799194336,0.0
1000,22.93686294555664,0.5178771615028381,,30.272411346435547,0.0
1500,22.934478759765625,0.5200960040092468,,30.255250930786133,0.0
2000,23.037166595458984,0.5302732586860657,,30.793302536010742,0.0
2500,23.018871307373047,0.5325509905815125,,30.738052368164062,0.0
3000,23.348297119140625,0.5576690435409546,,33.03532409667969,0.0
3500,23.626615524291992,0.5784701704978943,,36.51105499267578,0.0
3999,23.727148056030273,0.5802714228630066,,41.19621658325195,0.0
