epochs,full_psnr,ssim,lpips,train_psnr,test_psnr
0,3.6719706058502197,-0.03011440485715866,,3.686544418334961,0.0
500,26.259262084960938,0.5842504501342773,,34.98644256591797,0.0
1000,26.767160415649414,0.62654048204422,,40.45637130737305,0.0
1500,26.67375373840332,0.6080983281135559,,41.73040771484375,0.0
2000,26.46918487548828,0.5808116793632507,,43.965660095214844,0.0
2500,26.337482452392578,0.5645474791526794,,44.41547775268555,0.0
2999,26.314661026000977,0.5617775917053223,,44.490753173828125,0.0
