Epoch,stable_rank_layer_0,effective_rank_layer_0,spectral_norm_layer_0,condition_number_layer_0,stable_rank_layer_1,effective_rank_layer_1,spectral_norm_layer_1,condition_number_layer_1,stable_rank_layer_2,effective_rank_layer_2,spectral_norm_layer_2,condition_number_layer_2,stable_rank_layer_3,effective_rank_layer_3,spectral_norm_layer_3,condition_number_layer_3,stable_rank_layer_4,effective_rank_layer_4,spectral_norm_layer_4,condition_number_layer_4,end_to_end_bound
0,1.845382571220398,1.9929839372634888,5.213558197021484,1.0876104831695557,76.41384887695312,182.06866455078125,0.07022570073604584,750.9039916992188,77.1960678100586,182.4508819580078,0.06987030804157257,279.11181640625,77.59254455566406,181.43434143066406,0.06921114027500153,2639.983154296875,1.0118978023529053,1.0735777616500854,0.8992670178413391,17.065553665161133,inf
500,1.8738001585006714,1.9954657554626465,7.177919864654541,1.0697786808013916,75.58200073242188,179.03700256347656,0.5616196393966675,1206.1949462890625,53.24216079711914,178.722412109375,0.8033223152160645,1661.2496337890625,59.53661346435547,163.77586364746094,0.8907628655433655,428304.0,1.000181794166565,1.001775860786438,0.4384837746620178,397.73907470703125,inf
1000,1.7061998844146729,1.9704211950302124,12.853595733642578,1.1899704933166504,72.35498809814453,180.77940368652344,0.7838036417961121,1577.776123046875,63.84016799926758,180.865966796875,0.9265270829200745,928.3775634765625,65.9189453125,173.70660400390625,1.0121610164642334,102843.796875,1.0001527070999146,1.0015285015106201,0.4471396803855896,342.1678161621094,inf
1500,1.7983382940292358,1.9874380826950073,23.00922393798828,1.1191970109939575,74.61481475830078,181.7638397216797,0.9495967030525208,317.47467041015625,72.52763366699219,181.47596740722656,1.0387707948684692,4331.8125,70.55071258544922,177.00010681152344,1.1390302181243896,19730.259765625,1.000126838684082,1.001303791999817,0.439043253660202,298.2238464355469,inf
1999,1.7908419370651245,1.9863747358322144,24.959741592407227,1.1244887113571167,75.78878021240234,181.72276306152344,0.9850830435752869,802.5491333007812,73.31892395019531,181.26927185058594,1.0708556175231934,2060.72607421875,71.43348693847656,177.5537872314453,1.1721224784851074,40691.2421875,1.0000882148742676,1.0009225606918335,0.4320772588253021,678.4113159179688,inf
