epochs,full_psnr,ssim,lpips,train_psnr,test_psnr
0,6.965057849884033,0.12287119776010513,,7.084789276123047,0.0
500,12.847832679748535,0.322020024061203,,13.332756996154785,0.0
1000,12.847625732421875,0.3210822641849518,,13.333309173583984,0.0
1500,12.849164962768555,0.3244810998439789,,13.33315658569336,0.0
1999,12.854002952575684,0.3385738134384155,,13.339371681213379,0.0
