Epoch,stable_rank_layer_0,effective_rank_layer_0,spectral_norm_layer_0,condition_number_layer_0,stable_rank_layer_1,effective_rank_layer_1,spectral_norm_layer_1,condition_number_layer_1,stable_rank_layer_2,effective_rank_layer_2,spectral_norm_layer_2,condition_number_layer_2,stable_rank_layer_3,effective_rank_layer_3,spectral_norm_layer_3,condition_number_layer_3,stable_rank_layer_4,effective_rank_layer_4,spectral_norm_layer_4,condition_number_layer_4,end_to_end_bound
0,1.8836807012557983,1.9961880445480347,7.337993621826172,1.0637812614440918,77.87869262695312,182.55218505859375,1.1332755088806152,1130.4493408203125,76.518310546875,182.20675659179688,1.1451771259307861,3964.87548828125,75.48046112060547,181.2818145751953,1.1518038511276245,602.7340698242188,1.8430719375610352,2.7321183681488037,0.9161193370819092,1.6067382097244263,10.048843311626783
500,1.4003779888153076,1.8192898035049438,14.369613647460938,1.5803922414779663,73.93887329101562,177.591552734375,1.616054654121399,505.4171447753906,69.30719757080078,173.19985961914062,1.6146517992019653,448.2200012207031,62.34360122680664,172.42543029785156,1.5362869501113892,887.3231201171875,1.0738438367843628,1.3468055725097656,4.428033351898193,5.49442195892334,255.07226665748797
1000,1.47536301612854,1.874828577041626,17.250858306884766,1.450398325920105,73.6207046508789,168.50485229492188,2.1608200073242188,1098.307861328125,64.1082763671875,160.81805419921875,2.1935698986053467,66668.5546875,51.32961654663086,152.06793212890625,2.0112557411193848,587.0646362304688,1.0396822690963745,1.2069799900054932,6.127317905426025,7.684164047241211,1007.6703701392237
1500,1.497104287147522,1.8881862163543701,18.881710052490234,1.418326735496521,73.98563385009766,165.3495635986328,2.401799201965332,2443.272705078125,62.695011138916016,157.0693359375,2.4689595699310303,1538.3099365234375,48.95551300048828,143.32421875,2.2444100379943848,6269.08447265625,1.0329163074493408,1.1761027574539185,7.80244255065918,9.03771686553955,1960.7615449477557
1999,1.500902771949768,1.8904062509536743,19.193527221679688,1.4129387140274048,73.79287719726562,164.92648315429688,2.445796012878418,3545.6279296875,62.43940353393555,156.45758056640625,2.5173044204711914,5833.8232421875,48.56309127807617,141.76539611816406,2.2895946502685547,689.4193115234375,1.0395053625106812,1.2046183347702026,8.293755531311035,8.499566078186035,2243.9883383311153
