epochs,full_psnr,ssim,lpips,train_psnr,test_psnr
0,10.23476505279541,0.28681811690330505,,10.491318702697754,0.0
500,15.857126235961914,0.34968820214271545,,16.872922897338867,0.0
1000,16.185590744018555,0.3541949689388275,,17.291627883911133,0.0
1500,16.489418029785156,0.3583890497684479,,17.689056396484375,0.0
1999,16.555490493774414,0.35935941338539124,,17.776744842529297,0.0
