Epoch,stable_rank_layer_0,effective_rank_layer_0,spectral_norm_layer_0,condition_number_layer_0,stable_rank_layer_1,effective_rank_layer_1,spectral_norm_layer_1,condition_number_layer_1,stable_rank_layer_2,effective_rank_layer_2,spectral_norm_layer_2,condition_number_layer_2,stable_rank_layer_3,effective_rank_layer_3,spectral_norm_layer_3,condition_number_layer_3,stable_rank_layer_4,effective_rank_layer_4,spectral_norm_layer_4,condition_number_layer_4,end_to_end_bound
0,1.8816859722137451,1.996047854423523,7.323938369750977,1.0649839639663696,77.87264251708984,182.5536651611328,1.1333177089691162,1058.1805419921875,76.52269744873047,182.2103271484375,1.1451481580734253,3773.480224609375,75.472412109375,181.2826690673828,1.1518776416778564,613.2140502929688,1.843206763267517,2.7322332859039307,0.916016161441803,1.606420636177063,10.029228349561706
500,1.7165484428405762,1.9727939367294312,18.97063446044922,1.1813461780548096,63.297183990478516,168.7274169921875,1.5837857723236084,1922.4918212890625,62.216209411621094,168.9159393310547,1.579982042312622,3934.62060546875,57.443397521972656,170.47171020507812,1.5401548147201538,19816.72265625,1.077893614768982,1.324333906173706,10.628594398498535,12.108905792236328,777.0888112615858
1000,1.6728318929672241,1.9618699550628662,23.04383087158203,1.2191206216812134,62.25114440917969,154.68678283691406,2.349015235900879,2348.18994140625,58.35851287841797,152.58151245117188,2.383760452270508,1737.0084228515625,41.85950469970703,143.2794647216797,2.3267884254455566,357.54229736328125,1.0823893547058105,1.3311846256256104,12.576704978942871,14.44831371307373,3775.955707413465
1500,1.6850587129592896,1.9651681184768677,24.81068229675293,1.2081923484802246,63.00923538208008,150.0556640625,3.047516107559204,747.6137084960938,61.17343521118164,148.15939331054688,3.035726547241211,4592.65625,41.09064483642578,128.26467895507812,2.880199909210205,2593.89501953125,1.0682127475738525,1.2857881784439087,13.6952486038208,16.068523406982422,9053.988080978968
1999,1.6929824352264404,1.9672024250030518,25.47515869140625,1.2012650966644287,63.065513610839844,148.81851196289062,3.409764289855957,2256.976806640625,61.55406188964844,146.16030883789062,3.3860485553741455,62356.23828125,40.21192932128906,122.65748596191406,3.2253496646881104,2029.8961181640625,1.0604037046432495,1.2611571550369263,14.958800315856934,16.12131690979004,14190.836832379286
