epochs,full_psnr,ssim,lpips,train_psnr,test_psnr
0,9.593360900878906,0.3590947091579437,,9.871161460876465,0.0
500,14.080228805541992,0.4245128631591797,,14.907793045043945,0.0
1000,15.601901054382324,0.44170475006103516,,16.861879348754883,0.0
1500,16.642892837524414,0.4587765634059906,,18.27374839782715,0.0
1999,17.318710327148438,0.473397821187973,,19.324235916137695,0.0
