epochs,full_psnr,ssim,lpips,train_psnr,test_psnr
0,6.135438919067383,0.013768360018730164,,6.232287883758545,0.0
500,20.627742767333984,0.48094692826271057,,26.24555778503418,0.0
1000,20.837690353393555,0.4998215138912201,,26.463481903076172,0.0
1500,20.409852981567383,0.4843686521053314,,26.382183074951172,0.0
2000,21.607051849365234,0.5351637005805969,,29.59402084350586,0.0
2500,21.804309844970703,0.5337995886802673,,34.390445709228516,0.0
3000,21.806171417236328,0.5140802264213562,,37.540122985839844,0.0
3500,21.583087921142578,0.48464158177375793,,38.83297348022461,0.0
3999,21.52953338623047,0.4781661927700043,,39.01084518432617,0.0
