epochs,full_psnr,ssim,lpips,train_psnr,test_psnr
0,4.093366622924805,0.15818433463573456,,4.1169657707214355,0.0
500,19.433767318725586,0.35090669989585876,,20.697118759155273,0.0
1000,22.107837677001953,0.47327399253845215,,24.00364112854004,0.0
1500,22.843215942382812,0.4993988275527954,,24.993303298950195,0.0
2000,22.871562957763672,0.4844954311847687,,24.97972869873047,0.0
2500,14.72266674041748,0.26876673102378845,,14.979263305664062,0.0
3000,14.729290962219238,0.2762763202190399,,14.986532211303711,0.0
3500,14.731277465820312,0.27843087911605835,,14.987659454345703,0.0
3999,14.733478546142578,0.2811865508556366,,14.989814758300781,0.0
