epochs,full_psnr,ssim,lpips,train_psnr,test_psnr
0,9.207357406616211,0.3065505921840668,,9.302188873291016,0.0
500,17.987281799316406,0.2826620638370514,,19.161012649536133,0.0
1000,20.185791015625,0.3631397783756256,,22.269790649414062,0.0
1500,20.732433319091797,0.3678990602493286,,23.949748992919922,0.0
2000,20.918106079101562,0.3400990962982178,,27.186193466186523,0.0
2500,20.14842987060547,0.28003522753715515,,30.5942325592041,0.0
2999,19.98371696472168,0.267095148563385,,34.79838943481445,0.0
