epochs,full_psnr,ssim,lpips,train_psnr,test_psnr
0,5.591633319854736,0.12452264875173569,,5.679187297821045,0.0
500,15.560928344726562,0.3573291301727295,,16.517356872558594,0.0
1000,16.102327346801758,0.3613678514957428,,17.203609466552734,0.0
1500,16.297285079956055,0.363113135099411,,17.45775604248047,0.0
1999,16.334306716918945,0.3634609282016754,,17.506431579589844,0.0
