Epoch,stable_rank_layer_0,effective_rank_layer_0,spectral_norm_layer_0,condition_number_layer_0,stable_rank_layer_1,effective_rank_layer_1,spectral_norm_layer_1,condition_number_layer_1,stable_rank_layer_2,effective_rank_layer_2,spectral_norm_layer_2,condition_number_layer_2,stable_rank_layer_3,effective_rank_layer_3,spectral_norm_layer_3,condition_number_layer_3,stable_rank_layer_4,effective_rank_layer_4,spectral_norm_layer_4,condition_number_layer_4,end_to_end_bound
0,1.8947455883026123,1.9969148635864258,7.303195476531982,1.0571831464767456,77.93616485595703,182.55479431152344,1.1332144737243652,3176.48876953125,76.57557678222656,182.19442749023438,1.144974708557129,14430.130859375,75.46533966064453,181.2577667236328,1.1523045301437378,637.3995361328125,2.6726603507995605,2.9886322021484375,0.6204968094825745,1.1041756868362427,6.775287888321571
500,1.8921312093734741,1.9967509508132935,7.7572102546691895,1.058730959892273,7.898026466369629,85.66862487792969,5.195655822753906,3179.2373046875,19.858518600463867,128.99273681640625,2.7595221996307373,1519.6541748046875,5.474570274353027,84.46115112304688,5.830226421356201,5968.40283203125,1.4554035663604736,2.2915098667144775,1.471282958984375,2.4035301208496094,954.0287344383398
1000,1.8996049165725708,1.997207522392273,7.900998592376709,1.0543240308761597,7.571083068847656,73.47005462646484,6.044270992279053,10930.451171875,15.978455543518066,108.90162658691406,3.376185417175293,7176.7578125,4.5523200035095215,63.56138610839844,7.496796607971191,7423.7998046875,1.3255366086959839,2.037228584289551,1.9495033025741577,3.0930304527282715,2356.4156869810613
1500,1.8993544578552246,1.9971928596496582,7.968611717224121,1.0544708967208862,7.60368013381958,70.9083251953125,6.304821491241455,1736.8232421875,15.458066940307617,103.01060485839844,3.554253101348877,4670.322265625,4.445653438568115,58.6351203918457,8.106945037841797,2881.33935546875,1.3032296895980835,1.9833261966705322,2.1689987182617188,3.3112425804138184,3139.9326707791543
1999,1.8983042240142822,1.9971307516098022,7.98303747177124,1.0550869703292847,7.607874870300293,70.53178405761719,6.355138301849365,2199.3095703125,15.38465690612793,102.21300506591797,3.5836048126220703,10267.9833984375,4.427751064300537,57.80107116699219,8.21672248840332,3245.19921875,1.300034999847412,1.974709391593933,2.2091174125671387,3.3555312156677246,3300.1273804185125
