Epoch,stable_rank_layer_0,effective_rank_layer_0,spectral_norm_layer_0,condition_number_layer_0,stable_rank_layer_1,effective_rank_layer_1,spectral_norm_layer_1,condition_number_layer_1,stable_rank_layer_2,effective_rank_layer_2,spectral_norm_layer_2,condition_number_layer_2,stable_rank_layer_3,effective_rank_layer_3,spectral_norm_layer_3,condition_number_layer_3,stable_rank_layer_4,effective_rank_layer_4,spectral_norm_layer_4,condition_number_layer_4,end_to_end_bound
0,1.8836807012557983,1.9961880445480347,7.337993621826172,1.0637812614440918,77.88135528564453,182.552001953125,1.13325834274292,1078.4837646484375,76.52120971679688,182.2071075439453,1.1451560258865356,3699.876220703125,75.47848510742188,181.28189086914062,1.1518193483352661,602.9368286132812,1.8430719375610352,2.7321183681488037,0.9161193370819092,1.6067382097244263,10.048641149545652
500,1.4023011922836304,1.8209172487258911,14.405400276184082,1.5766100883483887,72.19499969482422,173.1867218017578,1.6356760263442993,767.2221069335938,68.52107238769531,170.98873901367188,1.6411343812942505,14796.794921875,60.40443801879883,170.79840087890625,1.5710524320602417,21747.8046875,1.0546627044677734,1.2707875967025757,4.87006139755249,6.2980637550354,295.86383238380097
1000,1.5260000228881836,1.904270052909851,19.010534286499023,1.378818392753601,67.69099426269531,163.21649169921875,2.23758864402771,814.6453857421875,63.1147346496582,158.85643005371094,2.219489097595215,1983.703369140625,51.20731735229492,154.0502166748047,2.0458316802978516,1476.962646484375,1.0554746389389038,1.2697455883026123,7.466861724853516,7.538981914520264,1442.2335579969972
1500,1.5412395000457764,1.912036657333374,19.789602279663086,1.3592686653137207,64.71803283691406,156.44476318359375,2.8623764514923096,1112.3902587890625,59.12831115722656,153.61721801757812,2.870853900909424,6412.310546875,46.4717903137207,142.81385803222656,2.5196030139923096,819.348388671875,1.0339694023132324,1.179697871208191,9.670258522033691,9.507165908813477,3962.279538930519
1999,1.55436372756958,1.9183517694473267,20.46314239501953,1.3430821895599365,63.50801086425781,153.18301391601562,3.1924939155578613,637.7455444335938,59.02275848388672,149.8975372314453,3.1814396381378174,635.4158935546875,43.281158447265625,134.8806610107422,2.84875226020813,2972.927490234375,1.0231273174285889,1.1300888061523438,11.674595832824707,11.498766899108887,6912.300810315875
