epochs,full_psnr,ssim,lpips,train_psnr,test_psnr
0,10.23475170135498,0.2868178188800812,,10.491304397583008,0.0
500,15.842256546020508,0.34975314140319824,,16.854402542114258,0.0
1000,15.819197654724121,0.34794101119041443,,16.825931549072266,0.0
1500,16.243288040161133,0.3536813259124756,,17.36975860595703,0.0
1999,16.604238510131836,0.35927173495292664,,17.843400955200195,0.0
