epochs,full_psnr,ssim,lpips,train_psnr,test_psnr
0,8.432327270507812,0.3099333345890045,,8.474710464477539,0.0
500,11.96771240234375,0.6426995992660522,,12.063238143920898,0.0
1000,11.967491149902344,0.64620041847229,,12.061403274536133,0.0
1500,11.969538688659668,0.6633273959159851,,12.064172744750977,0.0
1999,11.973362922668457,0.7007659077644348,,12.069653511047363,0.0
