epochs,full_psnr,ssim,lpips,train_psnr,test_psnr
0,10.116231918334961,0.6514436602592468,,10.179658889770508,0.0
500,22.602886199951172,0.771490752696991,,23.860267639160156,0.0
1000,23.96368980407715,0.7792530059814453,,25.797855377197266,0.0
1500,24.565370559692383,0.7850949764251709,,26.730209350585938,0.0
2000,22.336275100708008,0.7687509655952454,,23.519393920898438,0.0
2500,23.794082641601562,0.7764603495597839,,25.560649871826172,0.0
2999,24.28453254699707,0.7799747586250305,,26.320507049560547,0.0
