Epoch,stable_rank_layer_0,effective_rank_layer_0,spectral_norm_layer_0,condition_number_layer_0,stable_rank_layer_1,effective_rank_layer_1,spectral_norm_layer_1,condition_number_layer_1,stable_rank_layer_2,effective_rank_layer_2,spectral_norm_layer_2,condition_number_layer_2,stable_rank_layer_3,effective_rank_layer_3,spectral_norm_layer_3,condition_number_layer_3,stable_rank_layer_4,effective_rank_layer_4,spectral_norm_layer_4,condition_number_layer_4,end_to_end_bound
0,1.857252597808838,1.9940954446792603,5.174139499664307,1.0800542831420898,76.38529205322266,182.31956481933594,0.07025405764579773,323.5738220214844,77.48817443847656,182.5950164794922,0.06967159360647202,347.4093017578125,77.80372619628906,181.74407958984375,0.06916631758213043,822.1851196289062,1.0032005310058594,1.0240147113800049,0.9032908082008362,25.521875381469727,4050.6759480710216
500,1.8499457836151123,1.9934242963790894,6.2898268699646,1.0846868753433228,42.50459289550781,149.93807983398438,0.30558401346206665,39816.25390625,14.230087280273438,136.57174682617188,0.5587443113327026,1086.84765625,13.739752769470215,93.50656127929688,0.8429728150367737,12722.4921875,1.1583975553512573,1.509060025215149,0.2515101432800293,18.575822830200195,582896.5378236873
1000,1.8497169017791748,1.9934026002883911,6.290966033935547,1.0848329067230225,42.63106155395508,150.18408203125,0.30909064412117004,16986.642578125,18.16335678100586,144.4614715576172,0.48941442370414734,9823.2724609375,14.614749908447266,98.89488220214844,0.8129610419273376,9474.4638671875,1.160969614982605,1.538910984992981,0.25158897042274475,10.869709014892578,498288.9561162517
1500,1.8496743440628052,1.993398666381836,6.291285514831543,1.0848602056503296,42.84986114501953,149.98699951171875,0.3103858530521393,1493.9366455078125,18.588523864746094,145.17840576171875,0.4843461811542511,3425.60205078125,15.066998481750488,102.53705596923828,0.8138225674629211,53921.734375,1.1655501127243042,1.557716965675354,0.25408777594566345,9.558931350708008,500668.95085784397
1999,1.8496580123901367,1.9933971166610718,6.291347026824951,1.0848705768585205,42.92226791381836,150.0814971923828,0.3104468584060669,1523.6968994140625,18.458396911621094,144.9918975830078,0.4869024455547333,4639.162109375,15.136114120483398,102.86771392822266,0.8245955109596252,15318.3408203125,1.1661510467529297,1.5604671239852905,0.2558601498603821,9.379822731018066,513637.17405768536
