epochs,full_psnr,ssim,lpips,train_psnr,test_psnr
0,3.752708673477173,0.22777044773101807,,3.794257879257202,0.0
500,23.173633575439453,0.5393442511558533,,31.718656539916992,0.0
1000,23.538536071777344,0.5645541548728943,,35.54640197753906,0.0
1500,23.70269012451172,0.5690401196479797,,41.351318359375,0.0
1999,23.678762435913086,0.5584955811500549,,43.895565032958984,0.0
