epochs,full_psnr,ssim,lpips,train_psnr,test_psnr
0,9.48310375213623,0.024741077795624733,,9.531496047973633,0.0
500,24.963367462158203,0.747818648815155,,28.269210815429688,0.0
1000,27.519607543945312,0.8050368428230286,,29.781147003173828,0.0
1500,28.411075592041016,0.8325398564338684,,34.242008209228516,0.0
1999,29.184921264648438,0.82889723777771,,44.60211944580078,0.0
