epochs,full_psnr,ssim,lpips,train_psnr,test_psnr
0,10.234748840332031,0.28681787848472595,,10.491302490234375,0.0
500,15.819833755493164,0.3482365310192108,,16.826492309570312,0.0
1000,16.226594924926758,0.35336458683013916,,17.347583770751953,0.0
1500,15.648112297058105,0.34887686371803284,,16.610443115234375,0.0
2000,16.10516357421875,0.35341963171958923,,17.189128875732422,0.0
2500,16.526641845703125,0.35792040824890137,,17.741247177124023,0.0
3000,16.919410705566406,0.3655106723308563,,18.269935607910156,0.0
3500,17.218585968017578,0.3731050491333008,,18.683815002441406,0.0
3999,17.410606384277344,0.37794557213783264,,18.961284637451172,0.0
