epochs,full_psnr,ssim,lpips,train_psnr,test_psnr
0,13.506399154663086,0.3604339063167572,,13.934383392333984,0.0
500,20.490148544311523,0.4623262584209442,,23.23335838317871,0.0
1000,21.10934829711914,0.4667924642562866,,24.483182907104492,0.0
1500,8.776880264282227,0.23241674900054932,,8.902814865112305,0.0
2000,20.46212387084961,0.458039790391922,,23.200305938720703,0.0
2500,20.97243881225586,0.46470221877098083,,24.220951080322266,0.0
3000,21.326560974121094,0.4697975218296051,,24.998146057128906,0.0
3500,21.546234130859375,0.47388914227485657,,25.52444839477539,0.0
3999,21.67116928100586,0.47676074504852295,,25.84331512451172,0.0
