epochs,full_psnr,ssim,lpips,train_psnr,test_psnr
0,8.3284912109375,0.08989457041025162,,8.506970405578613,0.0
500,12.533124923706055,0.21326828002929688,,13.015132904052734,0.0
1000,12.53291130065918,0.21283714473247528,,13.013833999633789,0.0
1500,12.532634735107422,0.21242372691631317,,13.015396118164062,0.0
2000,12.532334327697754,0.21176980435848236,,13.013667106628418,0.0
2500,12.532700538635254,0.2120497226715088,,13.014883041381836,0.0
3000,12.533638000488281,0.21372951567173004,,13.01506519317627,0.0
3500,12.535730361938477,0.2173081785440445,,13.018331527709961,0.0
3999,12.53720474243164,0.2197367399930954,,13.019948959350586,0.0
