epochs,full_psnr,ssim,lpips,train_psnr,test_psnr
0,10.599458694458008,0.30678603053092957,,10.8823881149292,0.0
500,16.138120651245117,0.3617492616176605,,17.256105422973633,0.0
1000,17.216018676757812,0.3717217743396759,,18.70370101928711,0.0
1500,16.520896911621094,0.3641550540924072,,17.75424575805664,0.0
2000,17.521644592285156,0.3724592626094818,,19.140880584716797,0.0
2500,18.21071434020996,0.38215771317481995,,20.193756103515625,0.0
2999,18.570924758911133,0.3896620571613312,,20.787734985351562,0.0
