epochs,full_psnr,ssim,lpips,train_psnr,test_psnr
0,4.914565086364746,0.004236373584717512,,4.951602935791016,0.0
500,15.256146430969238,0.1189865842461586,,23.832599639892578,0.0
1000,14.55185317993164,0.10227327793836594,,26.3939266204834,0.0
1500,13.975525856018066,0.09042951464653015,,27.637798309326172,0.0
1999,13.89991283416748,0.0889771580696106,,27.730005264282227,0.0
