epochs,full_psnr,ssim,lpips,train_psnr,test_psnr
0,6.136534214019775,0.013759627006947994,,6.233222961425781,0.0
500,21.014469146728516,0.49796760082244873,,24.481834411621094,0.0
1000,20.24273109436035,0.4749637842178345,,25.403711318969727,0.0
1500,21.491670608520508,0.5314374566078186,,28.563892364501953,0.0
2000,21.131175994873047,0.5132574439048767,,29.14493751525879,0.0
2500,22.009544372558594,0.5448580980300903,,34.29904556274414,0.0
3000,21.810619354248047,0.5177083611488342,,37.3458251953125,0.0
3500,21.620405197143555,0.4919079542160034,,38.501747131347656,0.0
3999,21.574188232421875,0.4861038029193878,,38.66267776489258,0.0
