Epoch,stable_rank_layer_0,effective_rank_layer_0,spectral_norm_layer_0,condition_number_layer_0,stable_rank_layer_1,effective_rank_layer_1,spectral_norm_layer_1,condition_number_layer_1,stable_rank_layer_2,effective_rank_layer_2,spectral_norm_layer_2,condition_number_layer_2,stable_rank_layer_3,effective_rank_layer_3,spectral_norm_layer_3,condition_number_layer_3,stable_rank_layer_4,effective_rank_layer_4,spectral_norm_layer_4,condition_number_layer_4,end_to_end_bound
0,1.8972585201263428,1.997068166732788,7.288285732269287,1.0557016134262085,77.88338470458984,182.5533905029297,1.1332460641860962,1014.0382690429688,76.5300064086914,182.2092742919922,1.145079255104065,9624.6796875,75.45162200927734,181.2856903076172,1.1523385047912598,637.1130981445312,1.722412347793579,2.6400411128997803,0.8748616576194763,1.6736418008804321,1525543.5022921858
500,1.8805580139160156,1.9959673881530762,7.978623867034912,1.0656657218933105,77.17476654052734,181.79330444335938,1.1344221830368042,3042.51416015625,78.42850494384766,182.09471130371094,1.0838929414749146,1290.4375,53.45590591430664,165.1533660888672,1.1052045822143555,1792.92333984375,1.8313969373703003,2.6036577224731445,0.6378552317619324,2.0826938152313232,1106557.208617261
1000,1.88182532787323,1.9960577487945557,8.140814781188965,1.0648996829986572,75.64090728759766,181.16885375976562,1.1492549180984497,1788.282470703125,78.1540298461914,181.62928771972656,1.0667023658752441,687.490234375,51.610565185546875,159.41673278808594,1.1339000463485718,3017.251953125,1.9167184829711914,2.6287620067596436,0.669201135635376,2.04648756980896,1211654.858538286
1500,1.8839863538742065,1.9962092638015747,8.264430046081543,1.063597321510315,71.80284118652344,179.92501831054688,1.2013685703277588,921.45166015625,75.41172790527344,180.267578125,1.0901117324829102,57293.546875,49.38900375366211,156.0597686767578,1.1998205184936523,769.4031372070312,1.8544000387191772,2.6083693504333496,0.7478874325752258,2.0826072692871094,1553934.4341991886
1999,1.884433388710022,1.9962401390075684,8.265024185180664,1.0633283853530884,68.47101593017578,179.14955139160156,1.2420138120651245,1390.6959228515625,75.56979370117188,179.7097930908203,1.1093075275421143,2395.64111328125,48.81953048706055,156.77281188964844,1.3538105487823486,11385.7998046875,1.587241530418396,2.4315171241760254,1.0212321281433105,2.337101459503174,2518980.816196449
