epochs,full_psnr,ssim,lpips,train_psnr,test_psnr
0,6.135438919067383,0.013768360018730164,,6.232287883758545,0.0
500,19.72883415222168,0.444569855928421,,23.835479736328125,0.0
1000,20.375934600830078,0.4842238128185272,,25.178390502929688,0.0
1500,21.676015853881836,0.5476354956626892,,27.461292266845703,0.0
1999,21.857946395874023,0.520130455493927,,37.235660552978516,0.0
