Epoch,stable_rank_layer_0,effective_rank_layer_0,spectral_norm_layer_0,condition_number_layer_0,stable_rank_layer_1,effective_rank_layer_1,spectral_norm_layer_1,condition_number_layer_1,stable_rank_layer_2,effective_rank_layer_2,spectral_norm_layer_2,condition_number_layer_2,stable_rank_layer_3,effective_rank_layer_3,spectral_norm_layer_3,condition_number_layer_3,stable_rank_layer_4,effective_rank_layer_4,spectral_norm_layer_4,condition_number_layer_4,end_to_end_bound
0,1.8899614810943604,1.9966111183166504,7.3163161277771,1.0600208044052124,77.87673950195312,182.5536651611328,1.1332950592041016,1020.080078125,76.5308837890625,182.20849609375,1.1450875997543335,3664.4091796875,75.492919921875,181.2832794189453,1.1517127752304077,611.8665161132812,1.8419264554977417,2.731421947479248,0.9162188768386841,1.6069846153259277,10.018843415128899
500,1.8301390409469604,1.991391897201538,20.62950325012207,1.097550630569458,63.49138641357422,167.36647033691406,1.6096447706222534,859.3681030273438,62.376285552978516,166.05300903320312,1.6133321523666382,451.8231506347656,60.5864143371582,169.5425262451172,1.505320429801941,673.6123657226562,1.07559335231781,1.3327789306640625,9.386210441589355,8.62390422821045,756.9406787448174
1000,1.8334048986434937,1.9917488098144531,22.2890567779541,1.0953980684280396,57.873497009277344,156.22900390625,2.420400619506836,1188.746337890625,57.82883071899414,154.11729431152344,2.34466814994812,1753.09521484375,48.64467239379883,146.1610107421875,2.0675110816955566,743.9212036132812,1.060695767402649,1.283736228942871,11.250893592834473,8.554450988769531,2942.3558356899894
1500,1.8372931480407715,1.9921627044677734,23.0548095703125,1.0928517580032349,58.9339599609375,153.00962829589844,3.092404365539551,1064.135986328125,58.873626708984375,148.63836669921875,2.9306719303131104,6449.0107421875,43.56019592285156,130.96128845214844,2.538243293762207,1319.7939453125,1.051647424697876,1.2521861791610718,11.967671394348145,8.353693008422852,6346.9916227687145
1999,1.8413666486740112,1.9925827980041504,23.3351993560791,1.0902029275894165,59.490081787109375,152.3387908935547,3.415081739425659,4077.580810546875,57.83573532104492,146.2828826904297,3.267157554626465,6083.80322265625,41.72780990600586,124.1547622680664,2.8296518325805664,1069.5120849609375,1.0444072484970093,1.2238458395004272,13.261043548583984,8.601314544677734,9769.973822483935
