epochs,full_psnr,ssim,lpips,train_psnr,test_psnr
0,13.180464744567871,0.2541394531726837,,13.35722541809082,0.0
500,19.72088623046875,0.3666124641895294,,20.57321548461914,0.0
1000,21.26085090637207,0.4019453525543213,,22.53265380859375,0.0
1500,22.017120361328125,0.41897740960121155,,23.560726165771484,0.0
1999,22.53356170654297,0.43406224250793457,,24.404903411865234,0.0
