epochs,full_psnr,ssim,lpips,train_psnr,test_psnr
0,5.937030792236328,0.103963203728199,,6.0281572341918945,0.0
500,13.117403030395508,0.31873854994773865,,13.628569602966309,0.0
1000,13.118759155273438,0.32178476452827454,,13.631011962890625,0.0
1500,13.120831489562988,0.3276329040527344,,13.632190704345703,0.0
2000,13.122347831726074,0.33164292573928833,,13.634027481079102,0.0
2500,13.123737335205078,0.3354145288467407,,13.636377334594727,0.0
2999,13.12411880493164,0.3362613916397095,,13.659500122070312,0.0
