epochs,full_psnr,ssim,lpips,train_psnr,test_psnr
0,9.593400955200195,0.3590959310531616,,9.871203422546387,0.0
500,14.191125869750977,0.4292215406894684,,15.048527717590332,0.0
1000,15.702617645263672,0.44192394614219666,,16.986087799072266,0.0
1500,16.46449851989746,0.4553152024745941,,18.025495529174805,0.0
2000,14.384432792663574,0.42538392543792725,,15.279263496398926,0.0
2500,15.710561752319336,0.4398444592952728,,16.981332778930664,0.0
3000,16.48342514038086,0.4537348747253418,,18.061614990234375,0.0
3500,17.019439697265625,0.4637777507305145,,18.860858917236328,0.0
3999,17.32883071899414,0.4698486030101776,,19.344417572021484,0.0
