Epoch,stable_rank_layer_0,effective_rank_layer_0,spectral_norm_layer_0,condition_number_layer_0,stable_rank_layer_1,effective_rank_layer_1,spectral_norm_layer_1,condition_number_layer_1,stable_rank_layer_2,effective_rank_layer_2,spectral_norm_layer_2,condition_number_layer_2,stable_rank_layer_3,effective_rank_layer_3,spectral_norm_layer_3,condition_number_layer_3,stable_rank_layer_4,effective_rank_layer_4,spectral_norm_layer_4,condition_number_layer_4,end_to_end_bound
0,1.8899614810943604,1.9966111183166504,7.3163161277771,1.0600208044052124,77.87545013427734,182.55226135253906,1.1333147287368774,979.83203125,76.53154754638672,182.2064971923828,1.1450892686843872,3463.422119140625,75.49586486816406,181.2825927734375,1.1516950130462646,600.5144653320312,1.8419264554977417,2.731421947479248,0.9162188768386841,1.6069846153259277,10.018877387552726
500,1.8276925086975098,1.9911186695098877,20.328332901000977,1.0991716384887695,69.13473510742188,174.3448944091797,1.6877052783966064,497.7056579589844,70.6977310180664,171.4501190185547,1.6264938116073608,1940.2437744140625,62.60609436035156,170.6852264404297,1.5034165382385254,394.9360046386719,1.0836360454559326,1.3595762252807617,9.040327072143555,8.354767799377441,758.4278193742858
1000,1.8358303308486938,1.9920084476470947,22.101913452148438,1.093807578086853,68.47073364257812,164.4072265625,2.4294116497039795,2661.843994140625,67.30726623535156,159.7855224609375,2.333742380142212,1789.1754150390625,49.944068908691406,148.2638397216797,2.064807176589966,729.45654296875,1.0643210411071777,1.2975486516952515,10.967869758605957,8.288862228393555,2837.825470040927
1500,1.840345025062561,1.9924787282943726,22.91912841796875,1.0908653736114502,65.67852020263672,157.41409301757812,3.118816375732422,1088.6934814453125,63.26508331298828,152.92764282226562,2.990964412689209,35009.87109375,42.934471130371094,134.43548583984375,2.5814309120178223,2047.3153076171875,1.0607917308807373,1.2890630960464478,11.945196151733398,7.553501129150391,6592.5425509668285
1999,1.8440780639648438,1.992855191230774,23.190248489379883,1.08845055103302,65.1669692993164,155.317626953125,3.448695659637451,2278.250244140625,62.338138580322266,150.33082580566406,3.3162975311279297,577.9099731445312,41.74934387207031,128.01934814453125,2.848932981491089,3907.7236328125,1.0567008256912231,1.2745553255081177,13.068389892578125,7.477879524230957,9874.567351581543
