epochs,full_psnr,ssim,lpips,train_psnr,test_psnr
0,13.180349349975586,0.254138320684433,,13.35710334777832,0.0
500,19.957456588745117,0.37096258997917175,,20.893901824951172,0.0
1000,21.263673782348633,0.39855921268463135,,22.565887451171875,0.0
1500,22.071189880371094,0.4164814054965973,,23.650495529174805,0.0
1999,22.549753189086914,0.4344310760498047,,24.431264877319336,0.0
