epochs,full_psnr,ssim,lpips,train_psnr,test_psnr
0,6.354061126708984,0.10282274335622787,,6.40407657623291,0.0
500,12.222356796264648,0.3548370897769928,,12.422052383422852,0.0
1000,12.223169326782227,0.35706627368927,,12.424545288085938,0.0
1500,12.223587989807129,0.35819128155708313,,12.424798965454102,0.0
2000,12.224808692932129,0.36295148730278015,,12.426177024841309,0.0
2500,12.225482940673828,0.36530718207359314,,12.426185607910156,0.0
3000,12.22617244720459,0.3679924011230469,,12.427000045776367,0.0
3500,12.226816177368164,0.3701922595500946,,12.42768669128418,0.0
3999,12.227021217346191,0.37082362174987793,,12.43671989440918,0.0
