epochs,full_psnr,ssim,lpips,train_psnr,test_psnr
0,11.01961898803711,0.35316500067710876,,11.17162799835205,0.0
500,16.840099334716797,0.4151473343372345,,17.444561004638672,0.0
1000,18.496826171875,0.42703524231910706,,19.46350860595703,0.0
1500,17.192977905273438,0.4169987738132477,,17.853435516357422,0.0
2000,17.73166275024414,0.4183458387851715,,18.50804328918457,0.0
2500,18.848976135253906,0.44160279631614685,,19.86441421508789,0.0
3000,19.669343948364258,0.4582328498363495,,20.976490020751953,0.0
3500,20.286697387695312,0.47018706798553467,,21.843156814575195,0.0
3999,20.658206939697266,0.4795246124267578,,22.375118255615234,0.0
