epochs,full_psnr,ssim,lpips,train_psnr,test_psnr
0,4.012503623962402,-0.027169467881321907,,4.087565898895264,0.0
500,20.915889739990234,0.49571213126182556,,30.44485855102539,0.0
1000,21.155853271484375,0.5044658184051514,,36.46000671386719,0.0
1500,20.99043846130371,0.47066059708595276,,38.4884147644043,0.0
1999,20.95467758178711,0.46440038084983826,,38.66745376586914,0.0
