Epoch,stable_rank_layer_0,effective_rank_layer_0,spectral_norm_layer_0,condition_number_layer_0,stable_rank_layer_1,effective_rank_layer_1,spectral_norm_layer_1,condition_number_layer_1,stable_rank_layer_2,effective_rank_layer_2,spectral_norm_layer_2,condition_number_layer_2,stable_rank_layer_3,effective_rank_layer_3,spectral_norm_layer_3,condition_number_layer_3,stable_rank_layer_4,effective_rank_layer_4,spectral_norm_layer_4,condition_number_layer_4,end_to_end_bound
0,1.8878896236419678,1.9964746236801147,7.3239898681640625,1.0612568855285645,77.88285064697266,182.5524444580078,1.133257269859314,939.9339599609375,76.51953887939453,182.20310974121094,1.145146131515503,13306.6572265625,75.45947265625,181.28656005859375,1.1524658203125,656.2173461914062,1.8008986711502075,2.703644037246704,0.6760607361793518,1.6258450746536255,1184870.5618299523
500,1.8321985006332397,1.9916181564331055,8.240753173828125,1.0961918830871582,77.65367889404297,182.1059112548828,1.1369770765304565,2435.592041015625,76.64433288574219,181.14466857910156,1.11021089553833,1632.6883544921875,61.46287155151367,172.22254943847656,1.1920597553253174,1336.2674560546875,1.2192784547805786,1.7060638666152954,0.5900600552558899,6.38357400894165,1170680.3388946366
1000,1.8258609771728516,1.9909106492996216,8.46772289276123,1.1003897190093994,76.5578384399414,181.19874572753906,1.1479318141937256,1239.421142578125,75.76289367675781,180.53140258789062,1.110427737236023,483.3049011230469,59.148223876953125,168.56256103515625,1.301627516746521,798.9006958007812,1.1959149837493896,1.6775720119476318,0.6792417764663696,5.689314842224121,1526877.2484389874
1500,1.8205909729003906,1.9902968406677246,8.63029670715332,1.1039175987243652,75.39877319335938,180.2406768798828,1.1745706796646118,1581.8187255859375,74.8551254272461,179.68409729003906,1.1268633604049683,6563.61572265625,57.76985549926758,163.90728759765625,1.4293444156646729,2136.509521484375,1.1506240367889404,1.5633633136749268,0.8264570236206055,6.333780765533447,2159003.2066081217
1999,1.8205229043960571,1.9902887344360352,8.630614280700684,1.1039633750915527,75.45462036132812,180.0352020263672,1.1850143671035767,1794.7867431640625,74.49272155761719,179.5732421875,1.1536675691604614,9199.5166015625,56.92429733276367,163.63902282714844,1.5883957147598267,2284.126220703125,1.096139907836914,1.3985027074813843,1.1263799667358398,8.125961303710938,3377610.8785772803
