epochs,full_psnr,ssim,lpips,train_psnr,test_psnr
0,10.97647762298584,0.03047751635313034,,11.204269409179688,0.0
500,22.942180633544922,0.526347815990448,,29.609792709350586,0.0
1000,22.83818244934082,0.526443600654602,,29.81368637084961,0.0
1500,23.435062408447266,0.5599449872970581,,32.92531967163086,0.0
1999,23.622577667236328,0.5693104863166809,,39.73027420043945,0.0
