Epoch,stable_rank_layer_0,effective_rank_layer_0,spectral_norm_layer_0,condition_number_layer_0,stable_rank_layer_1,effective_rank_layer_1,spectral_norm_layer_1,condition_number_layer_1,stable_rank_layer_2,effective_rank_layer_2,spectral_norm_layer_2,condition_number_layer_2,stable_rank_layer_3,effective_rank_layer_3,spectral_norm_layer_3,condition_number_layer_3,stable_rank_layer_4,effective_rank_layer_4,spectral_norm_layer_4,condition_number_layer_4,end_to_end_bound
0,1.8972585201263428,1.997068166732788,7.288285732269287,1.0557016134262085,77.87185668945312,182.5513153076172,1.1333386898040771,1087.0323486328125,76.53608703613281,182.2105712890625,1.1450433731079102,6279.3115234375,75.46509552001953,181.2832794189453,1.1521435976028442,633.8761596679688,1.722412347793579,2.6400411128997803,0.8748616576194763,1.6736418008804321,1525362.3398956275
500,1.8474243879318237,1.9931830167770386,7.8813982009887695,1.0862993001937866,77.78485107421875,182.4168701171875,1.1253695487976074,1396.9532470703125,76.77019500732422,182.05165100097656,1.097912311553955,2765.73193359375,60.37705612182617,169.73544311523438,1.0812294483184814,2286.57763671875,1.9217305183410645,2.6707935333251953,0.6435284614562988,1.9245208501815796,1084105.8615307396
1000,1.8454082012176514,1.9929865598678589,7.942535877227783,1.087593913078308,77.99571990966797,182.19459533691406,1.1235591173171997,887.0967407226562,76.65543365478516,182.15289306640625,1.0947707891464233,25267.44140625,60.689151763916016,168.68438720703125,1.1008729934692383,439.7916259765625,1.805029273033142,2.6007730960845947,0.8077052235603333,2.070075035095215,1389915.5267383466
1500,1.8449393510818481,1.9929404258728027,7.9463725090026855,1.0878956317901611,78.05935668945312,182.09393310546875,1.124977469444275,956.1139526367188,76.35261535644531,181.99246215820312,1.1090198755264282,1078.8621826171875,60.91075897216797,167.4359893798828,1.2037194967269897,121668.4609375,1.6200196743011475,2.4627017974853516,1.0163960456848145,2.2937514781951904,1940708.5467688185
1999,1.8448419570922852,1.9929307699203491,7.946079254150391,1.0879584550857544,78.17268371582031,182.04592895507812,1.1259340047836304,2234.177490234375,76.18287658691406,181.87255859375,1.1159971952438354,458.27301025390625,60.74181365966797,166.9503173828125,1.242629051208496,938.6297607421875,1.5664488077163696,2.4074954986572266,1.0853289365768433,2.3814351558685303,2154526.2940592403
