epochs,full_psnr,ssim,lpips,train_psnr,test_psnr
0,6.1330742835998535,0.013728980906307697,,6.230442047119141,0.0
500,20.58728790283203,0.47017180919647217,,24.63575553894043,0.0
1000,21.520599365234375,0.5196450352668762,,29.54676055908203,0.0
1500,21.67811393737793,0.5000157356262207,,35.255149841308594,0.0
1999,21.498661041259766,0.47716808319091797,,36.28453826904297,0.0
