epochs,full_psnr,ssim,lpips,train_psnr,test_psnr
0,5.825725078582764,0.016336532309651375,,5.855271339416504,0.0
500,27.114286422729492,0.7695071697235107,,31.77560806274414,0.0
1000,25.700672149658203,0.7804986834526062,,30.255849838256836,0.0
1500,27.455671310424805,0.803595244884491,,35.874900817871094,0.0
2000,26.954328536987305,0.7931418418884277,,35.13271713256836,0.0
2500,27.73198890686035,0.7847346663475037,,41.532875061035156,0.0
3000,27.768144607543945,0.7658317685127258,,44.718994140625,0.0
3500,27.65157699584961,0.7471879124641418,,45.9160041809082,0.0
3999,27.6182861328125,0.7422564029693604,,46.11576461791992,0.0
