epochs,full_psnr,ssim,lpips,train_psnr,test_psnr
0,11.019577026367188,0.35316410660743713,,11.171584129333496,0.0
500,16.724454879760742,0.41672778129577637,,17.332883834838867,0.0
1000,18.4525146484375,0.4388411343097687,,19.397125244140625,0.0
1500,19.403907775878906,0.4568856656551361,,20.610977172851562,0.0
2000,20.046768188476562,0.4699184000492096,,21.486160278320312,0.0
2500,20.340164184570312,0.4761458933353424,,21.901935577392578,0.0
2999,20.391536712646484,0.477534681558609,,21.97869110107422,0.0
