Epoch,stable_rank_layer_0,effective_rank_layer_0,spectral_norm_layer_0,condition_number_layer_0,stable_rank_layer_1,effective_rank_layer_1,spectral_norm_layer_1,condition_number_layer_1,stable_rank_layer_2,effective_rank_layer_2,spectral_norm_layer_2,condition_number_layer_2,stable_rank_layer_3,effective_rank_layer_3,spectral_norm_layer_3,condition_number_layer_3,stable_rank_layer_4,effective_rank_layer_4,spectral_norm_layer_4,condition_number_layer_4,end_to_end_bound
0,1.8766460418701172,1.9956809282302856,7.329784393310547,1.0680408477783203,77.877685546875,182.55531311035156,1.1332859992980957,997.5718383789062,76.51988220214844,182.207275390625,1.145161747932434,15682.890625,75.45186614990234,181.2836151123047,1.1522654294967651,640.735595703125,1.7404346466064453,2.656052589416504,0.8530828356742859,1.6533056497573853,1496102.246576225
500,1.885979413986206,1.996346116065979,8.112841606140137,1.0624003410339355,78.06676483154297,182.55810546875,1.137571096420288,666.9039916992188,76.23004913330078,181.75733947753906,1.1316938400268555,934.0093994140625,63.22878646850586,174.17796325683594,1.1336637735366821,3718.705078125,1.3046458959579468,1.7585119009017944,0.6670569181442261,13.529864311218262,1263710.6397790613
1000,1.8879448175430298,1.9964783191680908,8.186182022094727,1.0612238645553589,78.04070281982422,182.3421630859375,1.1411387920379639,893.3668823242188,75.87364196777344,181.82191467285156,1.1432855129241943,917.78125,58.35304641723633,173.93087768554688,1.2432571649551392,343.93524169921875,1.2286571264266968,1.7611567974090576,0.9606187343597412,5.0415544509887695,2040828.789571238
1500,1.8876885175704956,1.9964611530303955,8.187950134277344,1.0613770484924316,77.85581970214844,182.35887145996094,1.1440666913986206,1593.559814453125,75.71650695800781,181.85565185546875,1.1573654413223267,1595.47802734375,58.47629165649414,172.79209899902344,1.3499661684036255,414.4981384277344,1.1950792074203491,1.7239577770233154,1.219356656074524,4.138040065765381,2855424.369758736
1999,1.887679934501648,1.9964606761932373,8.187579154968262,1.0613821744918823,77.94904327392578,182.3820037841797,1.144676923751831,545.7192993164062,75.48102569580078,181.84481811523438,1.1645549535751343,6668.03369140625,58.44279479980469,172.436279296875,1.3810540437698364,768.7461547851562,1.1892598867416382,1.7117769718170166,1.2711117267608643,4.088329315185547,3065581.0884544253
