epochs,full_psnr,ssim,lpips,train_psnr,test_psnr
0,5.981863975524902,0.015673823654651642,,6.102511405944824,0.0
500,20.05063247680664,0.5403326153755188,,24.29220199584961,0.0
1000,20.73261260986328,0.5684075355529785,,29.271421432495117,0.0
1500,21.371734619140625,0.5636721253395081,,36.27839660644531,0.0
1999,21.312576293945312,0.5509800314903259,,37.212955474853516,0.0
