epochs,full_psnr,ssim,lpips,train_psnr,test_psnr
0,8.395944595336914,0.30958881974220276,,8.438287734985352,0.0
500,11.963712692260742,0.6136156916618347,,12.059558868408203,0.0
1000,11.96832275390625,0.6517113447189331,,12.063966751098633,0.0
1500,11.969499588012695,0.6642520427703857,,12.064146041870117,0.0
2000,11.97188949584961,0.6855430603027344,,12.067843437194824,0.0
2500,11.973494529724121,0.7016516327857971,,12.069526672363281,0.0
2999,11.973929405212402,0.7056768536567688,,12.091580390930176,0.0
