Epoch,stable_rank_layer_0,effective_rank_layer_0,spectral_norm_layer_0,condition_number_layer_0,stable_rank_layer_1,effective_rank_layer_1,spectral_norm_layer_1,condition_number_layer_1,stable_rank_layer_2,effective_rank_layer_2,spectral_norm_layer_2,condition_number_layer_2,stable_rank_layer_3,effective_rank_layer_3,spectral_norm_layer_3,condition_number_layer_3,stable_rank_layer_4,effective_rank_layer_4,spectral_norm_layer_4,condition_number_layer_4,end_to_end_bound
0,1.8625924587249756,1.9945602416992188,5.195930004119873,1.0767061710357666,76.57054138183594,182.2720184326172,0.07021603733301163,447.571044921875,77.56037139892578,182.57437133789062,0.06976380199193954,925.1768188476562,77.81341552734375,181.41990661621094,0.06912849098443985,9773.994140625,1.0032005310058594,1.0240147113800049,0.9032908082008362,25.521854400634766,4068.6879425301536
500,1.9150824546813965,1.9980342388153076,6.158838748931885,1.0453696250915527,83.12975311279297,189.55604553222656,0.38077905774116516,668.4089965820312,45.27132797241211,180.73451232910156,0.7852873802185059,2884.490234375,60.18304443359375,188.1732177734375,1.0362528562545776,19110.998046875,1.130935549736023,1.4330414533615112,0.476857453584671,69.17264556884766,2329672.0423950823
1000,1.9152384996414185,1.9980417490005493,6.160470962524414,1.0452805757522583,81.06983184814453,188.27867126464844,0.3761698305606842,473.39398193359375,48.132537841796875,178.82830810546875,0.7287247776985168,2330.956298828125,66.1208724975586,186.15553283691406,1.0606361627578735,86346.359375,1.150024175643921,1.478494644165039,0.5130097270011902,38.3695182800293,2352303.7895524935
1500,1.915245532989502,1.998042106628418,6.160853862762451,1.0452765226364136,80.84429168701172,188.06161499023438,0.37604716420173645,432.5810241699219,48.29736328125,178.7169647216797,0.7324908375740051,1843.289306640625,67.57868957519531,185.73277282714844,1.063395380973816,19864.40625,1.1645983457565308,1.5125303268432617,0.5201714634895325,28.024410247802734,2403071.4292027075
1999,1.915241003036499,1.9980418682098389,6.160879611968994,1.0452791452407837,80.85604858398438,188.0706787109375,0.3760358393192291,461.7430725097656,48.30075454711914,178.71826171875,0.7325184941291809,2905.28515625,67.73001861572266,185.68946838378906,1.060580849647522,36374.30859375,1.1701405048370361,1.5242509841918945,0.5219147801399231,26.916488647460938,2404771.9488278804
