epochs,full_psnr,ssim,lpips,train_psnr,test_psnr
0,8.37647533416748,0.09269747883081436,,8.556763648986816,0.0
500,12.534025192260742,0.214582160115242,,13.016327857971191,0.0
1000,12.533411979675293,0.21372830867767334,,13.016162872314453,0.0
1500,12.53364086151123,0.21415077149868011,,13.017220497131348,0.0
2000,12.533793449401855,0.21411871910095215,,13.015776634216309,0.0
2500,12.533370971679688,0.21389080584049225,,13.016029357910156,0.0
3000,12.534074783325195,0.21482916176319122,,13.016822814941406,0.0
3500,12.535649299621582,0.21679039299488068,,13.017739295959473,0.0
3999,12.537263870239258,0.219802126288414,,13.020278930664062,0.0
