Epoch,stable_rank_layer_0,effective_rank_layer_0,spectral_norm_layer_0,condition_number_layer_0,stable_rank_layer_1,effective_rank_layer_1,spectral_norm_layer_1,condition_number_layer_1,stable_rank_layer_2,effective_rank_layer_2,spectral_norm_layer_2,condition_number_layer_2,stable_rank_layer_3,effective_rank_layer_3,spectral_norm_layer_3,condition_number_layer_3,stable_rank_layer_4,effective_rank_layer_4,spectral_norm_layer_4,condition_number_layer_4,end_to_end_bound
0,1.8407071828842163,1.9925158023834229,5.222754955291748,1.0906304121017456,76.4504165649414,182.03524780273438,0.07021154463291168,10466.390625,77.36151885986328,182.4055633544922,0.06983066350221634,533.5677490234375,77.66163635253906,181.47952270507812,0.069124236702919,11389.2451171875,1.0091121196746826,1.0572915077209473,0.9006527066230774,24.89533042907715,inf
500,1.7187250852584839,1.973276972770691,7.048423767089844,1.1795560121536255,91.66468048095703,194.89573669433594,0.5630075335502625,497.271240234375,78.52788543701172,199.51852416992188,0.7212093472480774,1024.4443359375,80.31256866455078,198.64659118652344,1.0048898458480835,3403.222900390625,1.0001195669174194,1.0012280941009521,0.32314613461494446,369.8197021484375,inf
1000,1.908768653869629,1.997715950012207,7.504693984985352,1.048994779586792,85.1285629272461,189.1926727294922,0.6686408519744873,314.1737365722656,82.60321807861328,193.65292358398438,0.7761073112487793,519.0098266601562,81.11408233642578,194.3433837890625,1.069287896156311,4770.384765625,1.0000908374786377,1.0009616613388062,0.33370810747146606,375.5589294433594,inf
1500,1.9239728450775146,1.998438835144043,7.790170192718506,1.0403282642364502,84.55660247802734,188.31459045410156,0.687435507774353,1316.48974609375,82.14852142333984,192.9019012451172,0.7953711152076721,994.4607543945312,80.71517181396484,193.5170440673828,1.0875723361968994,7747.6689453125,1.0000683069229126,1.0007376670837402,0.33640649914741516,539.8616333007812,inf
1999,1.9306992292404175,1.9987118244171143,7.7450947761535645,1.036562204360962,84.47831726074219,188.29815673828125,0.688321053981781,785.3499145507812,82.21648406982422,192.8380889892578,0.795600175857544,715.7054443359375,80.59137725830078,193.51963806152344,1.089023232460022,20378.416015625,1.000060796737671,1.0006550550460815,0.33501842617988586,1103.4105224609375,inf
