epochs,full_psnr,ssim,lpips,train_psnr,test_psnr
0,9.4316987991333,0.21860037744045258,,9.47000503540039,0.0
500,14.81493854522705,0.5957716107368469,,14.962435722351074,0.0
1000,14.817148208618164,0.6052563786506653,,14.965940475463867,0.0
1500,14.819486618041992,0.6150438189506531,,14.96792984008789,0.0
1999,14.820109367370605,0.6179988980293274,,14.990127563476562,0.0
