epochs,full_psnr,ssim,lpips,train_psnr,test_psnr
0,6.385751724243164,0.5421789288520813,,6.4125657081604,0.0
500,21.867813110351562,0.3777448236942291,,23.939838409423828,0.0
1000,23.221088409423828,0.47980642318725586,,25.49605369567871,0.0
1500,24.48096466064453,0.5733016133308411,,27.331378936767578,0.0
2000,25.173839569091797,0.6379281878471375,,28.44171714782715,0.0
2500,26.463550567626953,0.6803777813911438,,33.709510803222656,0.0
2999,26.402923583984375,0.617060124874115,,40.48251724243164,0.0
