epochs,full_psnr,ssim,lpips,train_psnr,test_psnr
0,9.201464653015137,0.021213823929429054,,9.412103652954102,0.0
500,20.63082504272461,0.39538440108299255,,26.086885452270508,0.0
1000,20.79132843017578,0.40667998790740967,,26.413347244262695,0.0
1500,21.074626922607422,0.4330669641494751,,27.095556259155273,0.0
2000,20.59389877319336,0.4091639518737793,,26.52226448059082,0.0
2500,20.96879005432129,0.42465758323669434,,26.188125610351562,0.0
3000,20.93742561340332,0.44394078850746155,,27.80950927734375,0.0
3500,21.88205909729004,0.4917914867401123,,32.116004943847656,0.0
3999,21.74382209777832,0.4785550832748413,,37.015869140625,0.0
