epochs,full_psnr,ssim,lpips,train_psnr,test_psnr
0,10.599578857421875,0.3067880868911743,,10.882514953613281,0.0
500,16.240089416503906,0.3622934818267822,,17.371370315551758,0.0
1000,17.446823120117188,0.3726433217525482,,19.04911231994629,0.0
1500,18.168853759765625,0.38325560092926025,,20.126792907714844,0.0
2000,18.677579879760742,0.39375853538513184,,20.971811294555664,0.0
2500,18.896648406982422,0.3996181786060333,,21.352540969848633,0.0
2999,18.93425750732422,0.40078839659690857,,21.422107696533203,0.0
