Epoch,stable_rank_layer_0,effective_rank_layer_0,spectral_norm_layer_0,condition_number_layer_0,stable_rank_layer_1,effective_rank_layer_1,spectral_norm_layer_1,condition_number_layer_1,stable_rank_layer_2,effective_rank_layer_2,spectral_norm_layer_2,condition_number_layer_2,stable_rank_layer_3,effective_rank_layer_3,spectral_norm_layer_3,condition_number_layer_3,stable_rank_layer_4,effective_rank_layer_4,spectral_norm_layer_4,condition_number_layer_4,end_to_end_bound
0,1.8759571313858032,1.9956294298171997,7.388733386993408,1.0684608221054077,77.90689849853516,182.55392456054688,1.1330972909927368,916.1986083984375,76.52153015136719,182.21127319335938,1.145127534866333,69389.546875,75.46846008300781,181.28880310058594,1.1523668766021729,659.4983520507812,1.8564822673797607,2.735804796218872,0.6378897428512573,1.6319704055786133,1127580.1518550753
500,1.8824318647384644,1.996100664138794,8.16689395904541,1.0645335912704468,76.787109375,182.23924255371094,1.1498221158981323,1782.9835205078125,74.22384643554688,181.36679077148438,1.1338828802108765,3283.232666015625,66.0459976196289,175.04037475585938,1.1540203094482422,473.80450439453125,1.3310716152191162,2.074917793273926,0.673893928527832,2.690190315246582,1324892.8329362776
1000,1.8827658891677856,1.996124029159546,8.25966739654541,1.064332127571106,75.70380401611328,181.97344970703125,1.1595604419708252,1919.419677734375,74.83535766601562,180.83889770507812,1.1365963220596313,3861.2529296875,65.74080657958984,174.08273315429688,1.2571868896484375,2077.796630859375,1.2432656288146973,1.856561541557312,0.9425255060195923,3.517719030380249,2063835.7663358203
1500,1.8817421197891235,1.9960519075393677,8.263060569763184,1.0649501085281372,75.72911071777344,181.94264221191406,1.1639972925186157,17380.546875,75.15241241455078,180.6051025390625,1.152994155883789,19200.966796875,64.64376831054688,172.94195556640625,1.4069279432296753,1053.156005859375,1.227681279182434,1.7878459692001343,1.2152197360992432,4.3095383644104,3033658.318528593
1999,1.8816308975219727,1.9960439205169678,8.262642860412598,1.0650171041488647,75.66986846923828,181.96502685546875,1.1672133207321167,3994.587646484375,75.224365234375,180.48861694335938,1.1607146263122559,9220.40625,64.30379486083984,172.6868438720703,1.4514307975769043,728.9691162109375,1.2230323553085327,1.7684364318847656,1.2926965951919556,4.556638717651367,3360528.596868225
