epochs,full_psnr,ssim,lpips,train_psnr,test_psnr
0,11.210461616516113,0.028572766110301018,,11.321674346923828,0.0
500,23.841800689697266,0.5236443281173706,,26.03005599975586,0.0
1000,25.480613708496094,0.6218748688697815,,29.32670783996582,0.0
1500,25.552627563476562,0.6171441078186035,,34.060672760009766,0.0
1999,25.365489959716797,0.601542055606842,,34.67436218261719,0.0
