epochs,full_psnr,ssim,lpips,train_psnr,test_psnr
0,8.37647533416748,0.09269747883081436,,8.556763648986816,0.0
500,12.533951759338379,0.21453137695789337,,13.016578674316406,0.0
1000,12.534204483032227,0.21467848122119904,,13.016155242919922,0.0
1500,12.534772872924805,0.21578992903232574,,13.017210960388184,0.0
2000,12.53552532196045,0.21701009571552277,,13.017992973327637,0.0
2500,12.536359786987305,0.2181524634361267,,13.019481658935547,0.0
3000,12.537178993225098,0.21955245733261108,,13.019739151000977,0.0
3500,12.537710189819336,0.22049103677272797,,13.020430564880371,0.0
3999,12.537771224975586,0.22069990634918213,,13.028801918029785,0.0
