epochs,full_psnr,ssim,lpips,train_psnr,test_psnr
0,6.873763084411621,0.29124900698661804,,6.989993095397949,0.0
500,21.507843017578125,0.6364128589630127,,27.822446823120117,0.0
1000,22.04981231689453,0.6684796214103699,,31.181930541992188,0.0
1500,22.325868606567383,0.6614907383918762,,37.248985290527344,0.0
1999,22.255165100097656,0.6412983536720276,,42.37458801269531,0.0
