epochs,full_psnr,ssim,lpips,train_psnr,test_psnr
0,3.752708673477173,0.22777044773101807,,3.794257879257202,0.0
500,23.083988189697266,0.5343500375747681,,31.261417388916016,0.0
1000,23.359682083129883,0.5540036559104919,,33.41379165649414,0.0
1500,23.555326461791992,0.5667062401771545,,36.078460693359375,0.0
2000,23.695762634277344,0.5726239681243896,,39.82658004760742,0.0
2500,23.686731338500977,0.5602376461029053,,43.744056701660156,0.0
2999,23.66426658630371,0.5535869002342224,,44.634403228759766,0.0
