Epoch,stable_rank_layer_0,effective_rank_layer_0,spectral_norm_layer_0,condition_number_layer_0,stable_rank_layer_1,effective_rank_layer_1,spectral_norm_layer_1,condition_number_layer_1,stable_rank_layer_2,effective_rank_layer_2,spectral_norm_layer_2,condition_number_layer_2,stable_rank_layer_3,effective_rank_layer_3,spectral_norm_layer_3,condition_number_layer_3,stable_rank_layer_4,effective_rank_layer_4,spectral_norm_layer_4,condition_number_layer_4,end_to_end_bound
0,1.868061900138855,1.9950138330459595,5.1781005859375,1.0733087062835693,76.50350952148438,182.2472381591797,0.07025399059057236,231.17933654785156,77.43833923339844,182.5576629638672,0.06982450932264328,1198.5068359375,77.67390441894531,181.3463897705078,0.06921489536762238,1380.2288818359375,1.0031992197036743,1.0240061283111572,0.9035926461219788,25.5321102142334,4066.8821998073004
500,1.9100229740142822,1.9977813959121704,6.384284019470215,1.0482715368270874,87.28729248046875,194.3052978515625,0.43259334564208984,11712.5546875,53.24256896972656,185.95726013183594,0.8187412023544312,50272.62890625,74.16230010986328,193.38034057617188,0.9886184930801392,17046.150390625,1.0026450157165527,1.018524408340454,0.37268856167793274,345.99810791015625,2132816.2434579995
1000,1.9097411632537842,1.9977667331695557,6.387496471405029,1.0484338998794556,83.95484924316406,191.8732452392578,0.42850834131240845,714.7243041992188,56.337276458740234,179.49217224121094,0.803613007068634,6634.22900390625,78.48309326171875,190.48887634277344,1.030466914176941,29829.45703125,1.061977744102478,1.2526013851165771,0.5268510580062866,44.22322463989258,3057023.55484211
1500,1.9098849296569824,1.9977741241455078,6.387786388397217,1.0483511686325073,84.02288055419922,191.2134552001953,0.4260616600513458,1556.6239013671875,56.49600601196289,179.2830352783203,0.7993677258491516,1476.3621826171875,79.1935806274414,189.95742797851562,1.0437983274459839,5343.18017578125,1.0949525833129883,1.361945390701294,0.5971372127532959,16.626474380493164,3471363.9433223507
1999,1.909900426864624,1.9977749586105347,6.387779712677002,1.048342227935791,84.00074005126953,191.21290588378906,0.42616942524909973,4980.3212890625,56.59173583984375,179.28440856933594,0.8000310063362122,2019.5557861328125,78.94953918457031,189.80731201171875,1.0444273948669434,141779.6875,1.0974152088165283,1.3909295797348022,0.6090218424797058,9.771493911743164,3546419.672448148
