epochs,full_psnr,ssim,lpips,train_psnr,test_psnr
0,4.093366622924805,0.15818433463573456,,4.1169657707214355,0.0
500,18.593690872192383,0.2912919223308563,,19.801517486572266,0.0
1000,20.281999588012695,0.3621958792209625,,22.938194274902344,0.0
1500,20.17820167541504,0.31565675139427185,,28.024112701416016,0.0
1999,19.593414306640625,0.2714667022228241,,32.71586608886719,0.0
