Epoch,stable_rank_layer_0,effective_rank_layer_0,spectral_norm_layer_0,condition_number_layer_0,stable_rank_layer_1,effective_rank_layer_1,spectral_norm_layer_1,condition_number_layer_1,stable_rank_layer_2,effective_rank_layer_2,spectral_norm_layer_2,condition_number_layer_2,stable_rank_layer_3,effective_rank_layer_3,spectral_norm_layer_3,condition_number_layer_3,stable_rank_layer_4,effective_rank_layer_4,spectral_norm_layer_4,condition_number_layer_4,end_to_end_bound
0,1.868061900138855,1.9950138330459595,5.1781005859375,1.0733087062835693,76.53282165527344,182.2513427734375,0.0702323392033577,254.51829528808594,77.56538391113281,182.5843963623047,0.06974710524082184,596.986328125,77.65977478027344,181.6695556640625,0.06920351833105087,31251.42578125,1.0031992197036743,1.0240061283111572,0.9035926461219788,25.5321102142334,4060.454341024132
500,1.9012740850448608,1.9973042011260986,6.326257228851318,1.0533473491668701,99.60765838623047,202.99240112304688,0.3837035000324249,1105.99169921875,73.81971740722656,178.51971435546875,0.6474294662475586,6593.5244140625,95.48528289794922,204.75108337402344,0.8408344388008118,10055.2509765625,1.0035135746002197,1.0236566066741943,0.390938401222229,273.5171203613281,1322494.4487828966
1000,1.9015060663223267,1.9973175525665283,6.327783584594727,1.0532116889953613,97.58338928222656,200.0653533935547,0.37710630893707275,1042.79345703125,71.61759185791016,174.386474609375,0.6404640674591064,1131.212890625,95.44110107421875,204.6076202392578,0.8424966931343079,3132.760009765625,1.0760754346847534,1.2919714450836182,0.5387224555015564,98.3022232055664,1775756.5840426818
1500,1.9015496969223022,1.9973200559616089,6.328455448150635,1.053186297416687,96.87841033935547,199.6538543701172,0.3771136999130249,362.0341796875,71.40926361083984,174.13394165039062,0.6421450972557068,5031.7587890625,95.48722839355469,204.5983428955078,0.8422374129295349,2605.946044921875,1.1261109113693237,1.4257484674453735,0.5871222019195557,36.688316345214844,1940019.994983668
1999,1.9015535116195679,1.9973204135894775,6.328492641448975,1.053183913230896,96.8819808959961,199.63595581054688,0.37710821628570557,328.1810607910156,70.96430206298828,174.1358642578125,0.6445030570030212,165650.828125,95.57218170166016,204.52890014648438,0.8417306542396545,4088.681640625,1.1356216669082642,1.4936920404434204,0.5942751169204712,9.172659873962402,1969662.928190776
