epochs,full_psnr,ssim,lpips,train_psnr,test_psnr
0,5.825725078582764,0.016336532309651375,,5.855271339416504,0.0
500,26.449575424194336,0.7640110850334167,,30.764312744140625,0.0
1000,25.96369171142578,0.7886622548103333,,30.93248176574707,0.0
1500,25.466859817504883,0.7839348912239075,,29.17162322998047,0.0
2000,11.974044799804688,0.7072466015815735,,12.070084571838379,0.0
2500,13.407292366027832,0.7049534916877747,,13.541512489318848,0.0
2999,17.62678337097168,0.7357668876647949,,17.994783401489258,0.0
