Epoch,stable_rank_layer_0,effective_rank_layer_0,spectral_norm_layer_0,condition_number_layer_0,stable_rank_layer_1,effective_rank_layer_1,spectral_norm_layer_1,condition_number_layer_1,stable_rank_layer_2,effective_rank_layer_2,spectral_norm_layer_2,condition_number_layer_2,stable_rank_layer_3,effective_rank_layer_3,spectral_norm_layer_3,condition_number_layer_3,stable_rank_layer_4,effective_rank_layer_4,spectral_norm_layer_4,condition_number_layer_4,end_to_end_bound
0,1.8625924587249756,1.9945602416992188,5.195930004119873,1.0767061710357666,76.57054138183594,182.2720184326172,0.07021603733301163,447.571044921875,77.56037139892578,182.57437133789062,0.06976380199193954,925.1768188476562,77.81341552734375,181.41990661621094,0.06912849098443985,9773.994140625,1.0032005310058594,1.0240147113800049,0.9032908082008362,25.521854400634766,4068.6879425301536
500,1.9167921543121338,1.99811589717865,6.158275127410889,1.0443943738937378,83.9251480102539,189.43748474121094,0.3817605674266815,668.2518310546875,45.51097869873047,179.38377380371094,0.7864996194839478,1568.3629150390625,61.03133773803711,188.07687377929688,1.0280077457427979,14274.4111328125,1.1002589464187622,1.3585842847824097,0.5016925930976868,70.61483001708984,2441308.782041109
1000,1.9172303676605225,1.9981365203857422,6.1601738929748535,1.0441449880599976,82.01846313476562,187.8617706298828,0.3775164484977722,2671.941162109375,47.8609619140625,177.41380310058594,0.7359974384307861,619.2374267578125,63.23784637451172,185.88650512695312,1.0940989255905151,15944.7333984375,1.1035109758377075,1.3682398796081543,0.5346565842628479,51.23715591430664,2563165.3871457316
1500,1.9173390865325928,1.9981417655944824,6.16031551361084,1.0440831184387207,81.8073959350586,187.5711212158203,0.3774883449077606,1053.8260498046875,48.30244445800781,177.15631103515625,0.7376924157142639,925.0398559570312,64.96895599365234,185.29385375976562,1.09803307056427,43372.28515625,1.1159369945526123,1.4013662338256836,0.5443438291549683,37.41495132446289,2624886.3918217532
1999,1.9173271656036377,1.9981411695480347,6.160364627838135,1.044089913368225,81.78546905517578,187.5531463623047,0.37753361463546753,2748.950439453125,48.313865661621094,177.14356994628906,0.7377748489379883,1233.9261474609375,65.11798858642578,185.10928344726562,1.09530770778656,927832.0,1.1206579208374023,1.4132380485534668,0.5467132925987244,35.44687271118164,2630399.013709148
