epochs,full_psnr,ssim,lpips,train_psnr,test_psnr
0,4.164334297180176,0.30080604553222656,,4.240696907043457,0.0
500,18.71553611755371,0.36459311842918396,,22.10455894470215,0.0
1000,19.79037094116211,0.40109607577323914,,26.381591796875,0.0
1500,19.712657928466797,0.35332611203193665,,32.704307556152344,0.0
1999,19.584745407104492,0.3358055353164673,,38.220821380615234,0.0
