epochs,full_psnr,ssim,lpips,train_psnr,test_psnr
0,6.22044038772583,0.09836431592702866,,6.26893949508667,0.0
500,12.221691131591797,0.35125410556793213,,12.420910835266113,0.0
1000,12.22258186340332,0.35495948791503906,,12.422975540161133,0.0
1500,12.223252296447754,0.3577693998813629,,12.423738479614258,0.0
2000,12.22437858581543,0.3611256182193756,,12.424888610839844,0.0
2500,12.225269317626953,0.36440083384513855,,12.426095008850098,0.0
3000,12.226247787475586,0.3677918016910553,,12.42715835571289,0.0
3500,12.226861953735352,0.370173841714859,,12.427556991577148,0.0
3999,12.226984024047852,0.37071868777275085,,12.442570686340332,0.0
