epochs,full_psnr,ssim,lpips,train_psnr,test_psnr
0,7.0119242668151855,0.1236126497387886,,7.132875919342041,0.0
500,12.848443984985352,0.32330039143562317,,13.334301948547363,0.0
1000,12.847920417785645,0.3222270905971527,,13.332886695861816,0.0
1500,12.849851608276367,0.3267393708229065,,13.33588981628418,0.0
1999,12.854286193847656,0.3392675817012787,,13.339327812194824,0.0
