epochs,full_psnr,ssim,lpips,train_psnr,test_psnr
0,6.545226573944092,0.41268476843833923,,6.568116188049316,0.0
500,26.05306625366211,0.6364776492118835,,28.950777053833008,0.0
1000,27.447460174560547,0.6918163895606995,,32.58787155151367,0.0
1500,27.827842712402344,0.6703616976737976,,37.74386978149414,0.0
1999,27.54180145263672,0.6292207837104797,,44.307918548583984,0.0
