epochs,full_psnr,ssim,lpips,train_psnr,test_psnr
0,6.912532329559326,0.29170095920562744,,7.030061721801758,0.0
500,18.7741756439209,0.4229099452495575,,21.46967887878418,0.0
1000,19.676820755004883,0.4906139373779297,,23.251840591430664,0.0
1500,20.135692596435547,0.5207659602165222,,24.354047775268555,0.0
2000,20.567996978759766,0.5353537201881409,,26.372392654418945,0.0
2500,20.99944305419922,0.536526620388031,,30.292091369628906,0.0
3000,20.909061431884766,0.5074062943458557,,34.59959411621094,0.0
3500,20.801599502563477,0.49158862233161926,,36.90114974975586,0.0
3999,20.74489974975586,0.4838368892669678,,40.81538772583008,0.0
