Epoch,stable_rank_layer_0,effective_rank_layer_0,spectral_norm_layer_0,condition_number_layer_0,stable_rank_layer_1,effective_rank_layer_1,spectral_norm_layer_1,condition_number_layer_1,stable_rank_layer_2,effective_rank_layer_2,spectral_norm_layer_2,condition_number_layer_2,stable_rank_layer_3,effective_rank_layer_3,spectral_norm_layer_3,condition_number_layer_3,stable_rank_layer_4,effective_rank_layer_4,spectral_norm_layer_4,condition_number_layer_4,end_to_end_bound
0,1.8759571313858032,1.9956294298171997,7.388733386993408,1.0684608221054077,77.90689849853516,182.55392456054688,1.1330972909927368,916.1986083984375,76.52153015136719,182.21127319335938,1.145127534866333,69389.546875,75.46846008300781,181.28880310058594,1.1523668766021729,659.4983520507812,1.8564822673797607,2.735804796218872,0.6378897428512573,1.6319704055786133,1127580.1518550753
500,1.8813717365264893,1.9960254430770874,8.15129566192627,1.0651737451553345,76.31261444091797,182.0292510986328,1.152910590171814,497.1722412109375,75.46881866455078,180.89694213867188,1.1202890872955322,491.0449523925781,64.3836898803711,174.2682647705078,1.1707605123519897,15240.9658203125,1.305132508277893,2.014333963394165,0.6130273342132568,2.894609212875366,1208983.2068181338
1000,1.8840477466583252,1.996213436126709,8.355290412902832,1.0635603666305542,75.04803466796875,181.1386260986328,1.170343041419983,1165.107666015625,75.34149932861328,180.2210693359375,1.1184885501861572,2304.274658203125,61.68101119995117,170.7674560546875,1.2975059747695923,703.8319702148438,1.2851665019989014,1.9489879608154297,0.7499887943267822,3.3435239791870117,1702904.8924480022
1500,1.885207176208496,1.9962934255599976,8.502029418945312,1.0628635883331299,72.60868072509766,180.14590454101562,1.2183634042739868,319.6845397949219,74.14971923828125,179.13589477539062,1.1440269947052002,509.3402099609375,61.925106048583984,166.29095458984375,1.4216039180755615,1366.56494140625,1.2760132551193237,1.8914365768432617,0.9212184548377991,4.019042015075684,2483115.6404727474
1999,1.8845016956329346,1.9962449073791504,8.5092134475708,1.063287377357483,71.62083435058594,179.62353515625,1.2431989908218384,432.1147766113281,74.69928741455078,178.95660400390625,1.1719739437103271,2180.431640625,62.98966979980469,166.6233673095703,1.5785257816314697,548.4423217773438,1.2843551635742188,1.8403900861740112,1.3391902446746826,5.410055637359619,4193358.202937627
