epochs,full_psnr,ssim,lpips,train_psnr,test_psnr
0,10.97647762298584,0.03047751635313034,,11.204269409179688,0.0
500,22.923707962036133,0.528102457523346,,29.218122482299805,0.0
1000,23.049713134765625,0.5368156433105469,,30.627595901489258,0.0
1500,23.1275577545166,0.5441301465034485,,32.09922409057617,0.0
2000,23.594928741455078,0.5711895823478699,,34.012481689453125,0.0
2500,23.651714324951172,0.5732594132423401,,37.9148063659668,0.0
3000,23.618555068969727,0.5673382878303528,,40.42011260986328,0.0
3500,23.577802658081055,0.5603020787239075,,41.28825378417969,0.0
3999,23.56741714477539,0.5585882663726807,,41.41259765625,0.0
