epochs,full_psnr,ssim,lpips,train_psnr,test_psnr
0,11.210461616516113,0.028572766110301018,,11.321674346923828,0.0
500,23.79591178894043,0.5196790099143982,,26.326175689697266,0.0
1000,24.56964874267578,0.572388231754303,,27.777572631835938,0.0
1500,25.701622009277344,0.6323921084403992,,30.064472198486328,0.0
2000,25.58663558959961,0.6247853636741638,,33.225711822509766,0.0
2500,25.330081939697266,0.5999406576156616,,34.841888427734375,0.0
2999,25.224746704101562,0.5918516516685486,,35.04044723510742,0.0
