epochs,full_psnr,ssim,lpips,train_psnr,test_psnr
0,8.332110404968262,0.09002841264009476,,8.510494232177734,0.0
500,12.532306671142578,0.2118965983390808,,13.014934539794922,0.0
1000,12.533672332763672,0.214285746216774,,13.016556739807129,0.0
1500,12.534436225891113,0.21547019481658936,,13.016422271728516,0.0
2000,12.53391170501709,0.21427620947360992,,13.015623092651367,0.0
2500,12.53505802154541,0.2161584347486496,,13.017348289489746,0.0
2999,12.537288665771484,0.21979908645153046,,13.019918441772461,0.0
