epochs,full_psnr,ssim,lpips,train_psnr,test_psnr
0,5.981863975524902,0.015673823654651642,,6.102511405944824,0.0
500,20.01214599609375,0.535863995552063,,24.517108917236328,0.0
1000,19.041259765625,0.5207753777503967,,22.894590377807617,0.0
1500,19.702547073364258,0.5468094944953918,,23.82442283630371,0.0
2000,19.53062629699707,0.5437102317810059,,22.60504722595215,0.0
2500,20.171892166137695,0.5698226094245911,,25.523759841918945,0.0
3000,21.103679656982422,0.6099112033843994,,26.55097007751465,0.0
3500,21.646343231201172,0.6207642555236816,,35.270721435546875,0.0
3999,21.515750885009766,0.5986437201499939,,39.36730194091797,0.0
