Epoch,stable_rank_layer_0,effective_rank_layer_0,spectral_norm_layer_0,condition_number_layer_0,stable_rank_layer_1,effective_rank_layer_1,spectral_norm_layer_1,condition_number_layer_1,stable_rank_layer_2,effective_rank_layer_2,spectral_norm_layer_2,condition_number_layer_2,stable_rank_layer_3,effective_rank_layer_3,spectral_norm_layer_3,condition_number_layer_3,stable_rank_layer_4,effective_rank_layer_4,spectral_norm_layer_4,condition_number_layer_4,end_to_end_bound
0,1.8423250913619995,1.9926795959472656,5.235074043273926,1.0895825624465942,76.6063232421875,182.1742706298828,0.07009200751781464,627.593994140625,77.27002716064453,182.39895629882812,0.06975222378969193,423.8129577636719,77.75418090820312,181.7196502685547,0.06915894150733948,1338.00341796875,1.011890172958374,1.073778510093689,0.8993347883224487,16.441452026367188,inf
500,1.9307947158813477,1.9987154006958008,6.418405532836914,1.0365089178085327,41.478675842285156,155.0806427001953,0.41703474521636963,1063.3848876953125,29.926225662231445,152.9490966796875,0.8415789008140564,1719.92578125,32.440677642822266,133.22567749023438,0.997391939163208,46365.08203125,1.4566316604614258,2.128985643386841,0.5020497441291809,3.7913389205932617,inf
1000,1.9313453435897827,1.9987363815307617,6.413532257080078,1.0362024307250977,42.377384185791016,154.67202758789062,0.4186750054359436,429.6152038574219,42.32368469238281,168.2801055908203,0.9332412481307983,2191.126953125,43.350303649902344,158.4166259765625,1.0807855129241943,14153.794921875,1.415733814239502,2.2225656509399414,0.5668209791183472,2.5548040866851807,inf
1500,1.9278827905654907,1.998600959777832,6.410091400146484,1.0381340980529785,49.93358612060547,145.53765869140625,0.5066327452659607,1447.019287109375,56.06392288208008,173.4936065673828,0.999033510684967,7386.96875,55.651344299316406,168.55636596679688,1.1525732278823853,31235.1484375,1.338230848312378,2.0869522094726562,0.6003388166427612,2.7095487117767334,inf
1999,1.926472544670105,1.9985435009002686,6.408041477203369,1.038923740386963,50.2835807800293,144.53506469726562,0.5485422015190125,4082.917236328125,59.75135040283203,174.32545471191406,1.0106502771377563,3723.057373046875,59.199317932128906,170.18614196777344,1.1675770282745361,15278.7578125,1.33572518825531,2.084277629852295,0.6221609711647034,2.6772520542144775,inf
