epochs,full_psnr,ssim,lpips,train_psnr,test_psnr
0,6.042646408081055,0.09028316289186478,,6.089341163635254,0.0
500,18.65765953063965,0.3338475227355957,,19.968101501464844,0.0
1000,20.019210815429688,0.38637733459472656,,21.568065643310547,0.0
1500,21.524063110351562,0.4805838167667389,,23.766361236572266,0.0
1999,23.713109970092773,0.5539528131484985,,30.676620483398438,0.0
