epochs,full_psnr,ssim,lpips,train_psnr,test_psnr
0,9.349892616271973,0.2091880440711975,,9.38737964630127,0.0
500,19.87657928466797,0.3441554307937622,,21.20680046081543,0.0
1000,22.847745895385742,0.4949820041656494,,24.290184020996094,0.0
1500,24.777441024780273,0.6211481690406799,,26.559669494628906,0.0
2000,24.775848388671875,0.6762444972991943,,26.404096603393555,0.0
2500,14.813390731811523,0.5898523926734924,,14.961355209350586,0.0
3000,14.815545082092285,0.5988550186157227,,14.963356018066406,0.0
3500,14.817440032958984,0.6066672801971436,,14.965112686157227,0.0
3999,14.819549560546875,0.6154417395591736,,14.967840194702148,0.0
