epochs,full_psnr,ssim,lpips,train_psnr,test_psnr
0,5.733274459838867,0.1661195605993271,,5.828023910522461,0.0
500,21.332284927368164,0.4500070810317993,,28.519439697265625,0.0
1000,21.615734100341797,0.47261619567871094,,29.899797439575195,0.0
1500,21.758201599121094,0.48418304324150085,,31.27006721496582,0.0
2000,21.92960548400879,0.4953422546386719,,33.7657356262207,0.0
2500,21.948545455932617,0.4970013201236725,,36.952857971191406,0.0
3000,21.981430053710938,0.493367999792099,,40.70549774169922,0.0
3500,21.928966522216797,0.48239806294441223,,43.71190643310547,0.0
3999,21.906978607177734,0.47864603996276855,,44.23501968383789,0.0
