Epoch,stable_rank_layer_0,effective_rank_layer_0,spectral_norm_layer_0,condition_number_layer_0,stable_rank_layer_1,effective_rank_layer_1,spectral_norm_layer_1,condition_number_layer_1,stable_rank_layer_2,effective_rank_layer_2,spectral_norm_layer_2,condition_number_layer_2,stable_rank_layer_3,effective_rank_layer_3,spectral_norm_layer_3,condition_number_layer_3,stable_rank_layer_4,effective_rank_layer_4,spectral_norm_layer_4,condition_number_layer_4,end_to_end_bound
0,1.8688801527023315,1.9950796365737915,7.337924957275391,1.072803258895874,77.86520385742188,182.5506134033203,1.1333823204040527,1225.365478515625,76.50982666015625,182.20953369140625,1.1452422142028809,4306.06298828125,75.48136138916016,181.2825927734375,1.1518083810806274,609.1787109375,1.8438125848770142,2.732680082321167,0.9155458807945251,1.6056042909622192,10.044015983333763
500,1.5783169269561768,1.9290341138839722,15.778787612915039,1.3149737119674683,65.37973022460938,168.90370178222656,1.5568935871124268,1375.5106201171875,61.86655807495117,167.22686767578125,1.5942158699035645,2728.362548828125,57.74131774902344,168.331787109375,1.5484592914581299,719.4463500976562,1.200057864189148,1.669822335243225,6.198215484619141,6.380149841308594,375.877345694809
1000,1.5833168029785156,1.9311323165893555,17.75482749938965,1.309325933456421,61.79169464111328,153.72962951660156,2.2911550998687744,1270.9210205078125,63.34799575805664,153.30474853515625,2.213277816772461,33567.36328125,44.618160247802734,142.5897216796875,2.1623616218566895,1664.5128173828125,1.1639963388442993,1.583173155784607,7.316861629486084,7.007821559906006,1424.4920999190538
1500,1.7527356147766113,1.9801311492919922,21.052122116088867,1.1526005268096924,57.970497131347656,151.57708740234375,2.7379984855651855,659.2010498046875,60.61050796508789,152.2580108642578,2.5921170711517334,909.2877807617188,44.484527587890625,141.82090759277344,2.4235291481018066,2627.480224609375,1.1857542991638184,1.645006537437439,10.890129089355469,6.183688640594482,3943.346786957754
1999,1.7506309747695923,1.9797433614730835,21.106822967529297,1.1542150974273682,57.007259368896484,150.82855224609375,3.008883476257324,3541.265625,58.75628662109375,150.55967712402344,2.8462226390838623,1534.0377197265625,41.61290740966797,137.8062744140625,2.640725612640381,2772.190185546875,1.1635429859161377,1.584908366203308,12.072261810302734,6.83402156829834,5762.474661183553
