epochs,full_psnr,ssim,lpips,train_psnr,test_psnr
0,6.118712902069092,0.5403410792350769,,6.1439056396484375,0.0
500,21.81295394897461,0.38925901055336,,23.764881134033203,0.0
1000,22.666698455810547,0.4538286626338959,,24.921199798583984,0.0
1500,23.656461715698242,0.4851224422454834,,26.88124656677246,0.0
2000,24.110347747802734,0.4900859296321869,,28.662494659423828,0.0
2500,24.522628784179688,0.4784546196460724,,32.120906829833984,0.0
3000,24.051753997802734,0.4099332094192505,,35.74501037597656,0.0
3500,23.91675567626953,0.39221715927124023,,38.311439514160156,0.0
3999,23.799793243408203,0.37607911229133606,,43.42424392700195,0.0
