Epoch,stable_rank_layer_0,effective_rank_layer_0,spectral_norm_layer_0,condition_number_layer_0,stable_rank_layer_1,effective_rank_layer_1,spectral_norm_layer_1,condition_number_layer_1,stable_rank_layer_2,effective_rank_layer_2,spectral_norm_layer_2,condition_number_layer_2,stable_rank_layer_3,effective_rank_layer_3,spectral_norm_layer_3,condition_number_layer_3,stable_rank_layer_4,effective_rank_layer_4,spectral_norm_layer_4,condition_number_layer_4,end_to_end_bound
0,1.845382571220398,1.9929839372634888,5.213558197021484,1.0876104831695557,76.38597869873047,182.18728637695312,0.07020321488380432,660.6456298828125,77.13897705078125,182.44053649902344,0.06982152163982391,332.268310546875,77.6659164428711,181.68931579589844,0.069202721118927,1434.8634033203125,1.0118978023529053,1.0735777616500854,0.8992670178413391,17.065553665161133,inf
500,1.9331861734390259,1.9988056421279907,6.487698078155518,1.0351799726486206,52.390777587890625,156.5045928955078,0.3602207899093628,1641.41015625,27.788410186767578,149.02671813964844,0.8591853380203247,5419.1708984375,35.704647064208984,129.15452575683594,0.9604684114456177,24572.751953125,1.0728740692138672,1.283247947692871,0.4089250862598419,75.15342712402344,inf
1000,1.9340466260910034,1.9988371133804321,6.484647750854492,1.0347031354904175,52.86618423461914,158.1492919921875,0.3623741567134857,1050.5098876953125,40.966548919677734,167.0697784423828,0.9152319431304932,1808.0723876953125,44.947059631347656,153.8441619873047,1.0474138259887695,25814.7578125,1.1902061700820923,1.688631296157837,0.4397026002407074,4.868786811828613,inf
1500,1.9354597330093384,1.9988881349563599,6.473698139190674,1.0339211225509644,53.54593276977539,149.86203002929688,0.4653288722038269,1114.3304443359375,53.746673583984375,172.4942626953125,1.004490852355957,2162.13818359375,53.89181137084961,164.75645446777344,1.1464602947235107,12213.447265625,1.273547649383545,1.912613868713379,0.45560115575790405,3.5855519771575928,inf
1999,1.9355746507644653,1.9988921880722046,6.4731221199035645,1.0338577032089233,52.17523956298828,148.4242706298828,0.516465961933136,4477.55517578125,55.29802322387695,173.19613647460938,1.0400652885437012,1528.6839599609375,56.58918762207031,166.4327850341797,1.1658340692520142,31090.23046875,1.296708583831787,1.9873484373092651,0.4877552390098572,3.0774991512298584,inf
