epochs,full_psnr,ssim,lpips,train_psnr,test_psnr
0,6.727158546447754,0.11677300184965134,,6.8401641845703125,0.0
500,18.273292541503906,0.3445526659488678,,20.834884643554688,0.0
1000,19.693153381347656,0.41423580050468445,,22.986509323120117,0.0
1500,19.74634552001953,0.41915133595466614,,23.018102645874023,0.0
1999,21.33661460876465,0.48961445689201355,,30.636245727539062,0.0
