Epoch,stable_rank_layer_0,effective_rank_layer_0,spectral_norm_layer_0,condition_number_layer_0,stable_rank_layer_1,effective_rank_layer_1,spectral_norm_layer_1,condition_number_layer_1,stable_rank_layer_2,effective_rank_layer_2,spectral_norm_layer_2,condition_number_layer_2,stable_rank_layer_3,effective_rank_layer_3,spectral_norm_layer_3,condition_number_layer_3,stable_rank_layer_4,effective_rank_layer_4,spectral_norm_layer_4,condition_number_layer_4,end_to_end_bound
0,1.8892008066177368,1.9965612888336182,7.316578388214111,1.060474157333374,77.88809204101562,182.55697631835938,1.13322913646698,1080.918212890625,76.53657531738281,182.21353149414062,1.1450248956680298,15080.822265625,75.4475326538086,181.2863006591797,1.1524451971054077,715.1200561523438,1.71743905544281,2.6333725452423096,0.8549273014068604,1.7252064943313599,1496615.1683988853
500,1.940487027168274,1.9990594387054443,7.792194366455078,1.0311541557312012,77.30364990234375,182.33999633789062,1.1364763975143433,401.2291564941406,78.16069030761719,181.46107482910156,1.0879751443862915,1079.1693115234375,55.05215072631836,162.18295288085938,1.1078907251358032,2226.43896484375,2.1469268798828125,2.7975094318389893,0.6403853893280029,1.631066918373108,1093698.1948753444
1000,1.9431852102279663,1.9991451501846313,7.845531940460205,1.029678225517273,76.12008666992188,182.0476531982422,1.1477341651916504,583.0032958984375,76.80242156982422,181.02723693847656,1.0989267826080322,624.2362670898438,55.47289276123047,160.86660766601562,1.1678942441940308,664.0075073242188,2.1084439754486084,2.7917420864105225,0.7528717517852783,1.6436811685562134,1392120.9386952443
1500,1.9425469636917114,1.999125361442566,7.849663734436035,1.0300267934799194,75.7364730834961,181.9501190185547,1.1538689136505127,1499.76220703125,76.02606964111328,180.87814331054688,1.1162258386611938,5180.75732421875,55.58108139038086,159.7157440185547,1.2747706174850464,1622.88916015625,1.9604454040527344,2.755363702774048,0.900886058807373,1.6965341567993164,1857725.2801436759
1999,1.9424604177474976,1.9991226196289062,7.848948001861572,1.0300740003585815,75.58753204345703,181.9365692138672,1.1567697525024414,3852.484130859375,75.79072570800781,180.78492736816406,1.123247504234314,660.30712890625,55.590396881103516,159.12705993652344,1.3103142976760864,1714.8751220703125,1.9206275939941406,2.7392828464508057,0.940366268157959,1.7175410985946655,2010603.0779058894
