epochs,full_psnr,ssim,lpips,train_psnr,test_psnr
0,6.759059429168701,0.015918279066681862,,6.8093061447143555,0.0
500,22.889446258544922,0.5629833936691284,,26.451929092407227,0.0
1000,23.05405616760254,0.5758611559867859,,29.57235336303711,0.0
1500,24.395544052124023,0.5823934674263,,36.571414947509766,0.0
1999,24.224164962768555,0.5626885294914246,,37.367820739746094,0.0
