epochs,full_psnr,ssim,lpips,train_psnr,test_psnr
0,6.770384788513184,0.4162696301937103,,6.794476509094238,0.0
500,26.698619842529297,0.7776240706443787,,30.01335906982422,0.0
1000,27.37239646911621,0.8060023784637451,,30.81925392150879,0.0
1500,27.39345932006836,0.8168171048164368,,31.448843002319336,0.0
2000,27.575374603271484,0.8155651688575745,,31.80126190185547,0.0
2500,29.143068313598633,0.8593130111694336,,38.31852340698242,0.0
2999,29.63494300842285,0.86305171251297,,49.051124572753906,0.0
