Epoch,stable_rank_layer_0,effective_rank_layer_0,spectral_norm_layer_0,condition_number_layer_0,stable_rank_layer_1,effective_rank_layer_1,spectral_norm_layer_1,condition_number_layer_1,stable_rank_layer_2,effective_rank_layer_2,spectral_norm_layer_2,condition_number_layer_2,stable_rank_layer_3,effective_rank_layer_3,spectral_norm_layer_3,condition_number_layer_3,stable_rank_layer_4,effective_rank_layer_4,spectral_norm_layer_4,condition_number_layer_4,end_to_end_bound
0,1.8836807012557983,1.9961880445480347,7.337993621826172,1.0637812614440918,77.87486267089844,182.554443359375,1.1333004236221313,1114.9425048828125,76.51760864257812,182.20884704589844,1.1451852321624756,4006.234130859375,75.4762191772461,181.28196716308594,1.1518357992172241,612.165283203125,1.8430719375610352,2.7321183681488037,0.9161193370819092,1.6067382097244263,10.049414103026937
500,1.4189999103546143,1.8345705270767212,14.477413177490234,1.5448739528656006,65.8358383178711,169.05792236328125,1.604953408241272,2842.171142578125,62.4306755065918,168.1513671875,1.623428225517273,822.0718994140625,62.7017822265625,170.41944885253906,1.4993692636489868,545.62646484375,1.06329345703125,1.304786205291748,4.709296703338623,6.176548480987549,266.3490476222692
1000,1.5012907981872559,1.8906311988830566,18.69286346435547,1.4123916625976562,65.48799896240234,157.15249633789062,2.369499921798706,8230.2275390625,62.27684783935547,152.15562438964844,2.333726644515991,1966.4014892578125,49.66869354248047,144.2544403076172,2.1444311141967773,1607.3785400390625,1.027780532836914,1.1533328294754028,7.139871120452881,9.248034477233887,1582.650391850165
1500,1.529747724533081,1.906224250793457,20.84401512145996,1.3739326000213623,63.83235549926758,153.95570373535156,2.7300662994384766,1076.82763671875,59.26288604736328,151.05902099609375,2.6929609775543213,8422.990234375,47.00131607055664,143.8657684326172,2.405465602874756,798.527587890625,1.044418454170227,1.2200927734375,8.810540199279785,9.855559349060059,3247.777897644479
1999,1.534260630607605,1.908538818359375,21.172517776489258,1.3681174516677856,62.915523529052734,151.9877471923828,3.0651819705963135,790.5064086914062,59.275264739990234,148.330810546875,2.9777417182922363,601.8419799804688,43.143333435058594,136.5061798095703,2.6657497882843018,1329.708251953125,1.0392298698425293,1.1982816457748413,9.41641616821289,10.624041557312012,4850.883244335073
