epochs,full_psnr,ssim,lpips,train_psnr,test_psnr
0,10.234748840332031,0.28681787848472595,,10.491302490234375,0.0
500,15.883222579956055,0.34905290603637695,,16.906585693359375,0.0
1000,14.14246940612793,0.34785404801368713,,14.793331146240234,0.0
1500,16.02449607849121,0.35164740681648254,,17.085878372192383,0.0
1999,16.310667037963867,0.35473963618278503,,17.456056594848633,0.0
