Epoch,stable_rank_layer_0,effective_rank_layer_0,spectral_norm_layer_0,condition_number_layer_0,stable_rank_layer_1,effective_rank_layer_1,spectral_norm_layer_1,condition_number_layer_1,stable_rank_layer_2,effective_rank_layer_2,spectral_norm_layer_2,condition_number_layer_2,stable_rank_layer_3,effective_rank_layer_3,spectral_norm_layer_3,condition_number_layer_3,stable_rank_layer_4,effective_rank_layer_4,spectral_norm_layer_4,condition_number_layer_4,end_to_end_bound
0,1.8750540018081665,1.9955613613128662,5.171485424041748,1.069011926651001,76.6193618774414,182.2860107421875,0.07020574808120728,322.9197692871094,77.6355209350586,182.57691955566406,0.06972179561853409,941.2025756835938,77.65794372558594,181.6478271484375,0.069185771048069,898.3316040039062,1.0032005310058594,1.024014949798584,0.9032906889915466,25.521671295166016,4049.867587712529
500,1.9250825643539429,1.9984856843948364,6.7178192138671875,1.0397042036056519,93.56480407714844,201.12841796875,0.6154763102531433,984.3289794921875,95.61454772949219,212.56295776367188,0.7553551197052002,551.5537109375,118.06562805175781,220.86497497558594,0.904876172542572,4313.8271484375,1.0001152753829956,1.0012130737304688,0.31265789270401,225.5647735595703,2261983.043639222
1000,1.8557521104812622,1.993961215019226,7.0919718742370605,1.081000804901123,85.15665435791016,191.28001403808594,0.7339949607849121,529.14892578125,90.87970733642578,200.79380798339844,0.8651250600814819,4448.73876953125,101.89996337890625,209.93960571289062,1.042806625366211,7120.31396484375,1.0000931024551392,1.0009989738464355,0.3152625858783722,257.22412109375,3790139.158563972
1500,1.847547173500061,1.9931950569152832,7.248549461364746,1.0862207412719727,83.09780883789062,189.5178985595703,0.7565914988517761,8085.0791015625,88.44934844970703,199.04946899414062,0.8967536091804504,381.84564208984375,100.12975311279297,208.1442108154297,1.066724419593811,5374.78466796875,1.0000778436660767,1.0008467435836792,0.31384986639022827,299.849609375,4215022.019322279
1999,1.8463655710220337,1.9930802583694458,7.23696231842041,1.0869786739349365,83.17257690429688,189.52450561523438,0.7559320330619812,589.3760986328125,88.6534652709961,199.01597595214844,0.8963330388069153,910.0360717773438,100.19882202148438,208.08644104003906,1.0669581890106201,8534.1474609375,1.000110149383545,1.00113844871521,0.3656800091266632,401.3532409667969,4897754.934003122
