Epoch,stable_rank_layer_0,effective_rank_layer_0,spectral_norm_layer_0,condition_number_layer_0,stable_rank_layer_1,effective_rank_layer_1,spectral_norm_layer_1,condition_number_layer_1,stable_rank_layer_2,effective_rank_layer_2,spectral_norm_layer_2,condition_number_layer_2,stable_rank_layer_3,effective_rank_layer_3,spectral_norm_layer_3,condition_number_layer_3,stable_rank_layer_4,effective_rank_layer_4,spectral_norm_layer_4,condition_number_layer_4,end_to_end_bound
0,1.8423250913619995,1.9926795959472656,5.235074043273926,1.0895825624465942,76.72152709960938,182.1396942138672,0.07013818621635437,1756.3443603515625,77.48711395263672,182.46035766601562,0.06981992721557617,420.82952880859375,77.5992202758789,181.44577026367188,0.0691826269030571,4645.1884765625,1.011890172958374,1.073778510093689,0.8993347883224487,16.441452026367188,inf
500,1.9503730535507202,1.9993525743484497,7.9640913009643555,1.0257768630981445,94.51397705078125,199.95262145996094,0.6311385631561279,794.3741455078125,100.70413208007812,214.987060546875,0.7345080971717834,923.26904296875,105.160888671875,215.65834045410156,0.9706769585609436,35023.4140625,1.0030258893966675,1.0209559202194214,0.5311236381530762,154.8306427001953,inf
1000,1.839086890220642,1.99234938621521,10.15069580078125,1.0916829109191895,85.63002014160156,191.73348999023438,0.7657396197319031,1374.01904296875,93.51316833496094,202.0441131591797,0.8504227995872498,748.6246948242188,99.75025939941406,206.0540313720703,1.066415548324585,22074.451171875,1.002296805381775,1.0165413618087769,0.5285390615463257,164.82666015625,inf
1500,1.8674618005752563,1.9949650764465332,11.000070571899414,1.073679804801941,84.4809341430664,190.49786376953125,0.7925997972488403,334.31500244140625,92.00205993652344,200.26951599121094,0.8762832880020142,320.8670349121094,97.47826385498047,204.23439025878906,1.0960404872894287,9473.154296875,1.0020473003387451,1.0149693489074707,0.5253391265869141,177.18557739257812,inf
1999,1.871181607246399,1.9952623844146729,11.000580787658691,1.0713852643966675,84.49317932128906,190.40696716308594,0.7932023406028748,223.7416534423828,92.14530944824219,200.20677185058594,0.8762332797050476,369.9984130859375,97.3595962524414,204.185791015625,1.0975037813186646,26406.65234375,1.0020426511764526,1.0149266719818115,0.5226083397865295,187.06192016601562,inf
