epochs,full_psnr,ssim,lpips,train_psnr,test_psnr
0,7.689194202423096,0.19780512154102325,,7.867295742034912,0.0
500,10.42219066619873,0.3371032774448395,,10.75834846496582,0.0
1000,10.424251556396484,0.34939512610435486,,10.76211929321289,0.0
1500,10.425798416137695,0.3562183380126953,,10.763496398925781,0.0
1999,10.429035186767578,0.3776978552341461,,10.767181396484375,0.0
