Epoch,stable_rank_layer_0,effective_rank_layer_0,spectral_norm_layer_0,condition_number_layer_0,stable_rank_layer_1,effective_rank_layer_1,spectral_norm_layer_1,condition_number_layer_1,stable_rank_layer_2,effective_rank_layer_2,spectral_norm_layer_2,condition_number_layer_2,stable_rank_layer_3,effective_rank_layer_3,spectral_norm_layer_3,condition_number_layer_3,stable_rank_layer_4,effective_rank_layer_4,spectral_norm_layer_4,condition_number_layer_4,end_to_end_bound
0,1.8489974737167358,1.993334174156189,5.168964385986328,1.0852925777435303,76.3526840209961,182.15402221679688,0.07024429738521576,787.01025390625,77.1218032836914,182.44871520996094,0.06991042196750641,309.86285400390625,77.53717803955078,181.45770263671875,0.06925404071807861,1512.518310546875,1.0031960010528564,1.0239851474761963,0.9033970832824707,25.514663696289062,inf
500,1.9612281322479248,1.9996092319488525,8.204107284545898,1.0199685096740723,75.3840103149414,179.52316284179688,0.5364627838134766,516.4068603515625,53.887298583984375,178.0796356201172,0.7412807941436768,1398.0579833984375,54.2877082824707,165.05133056640625,0.9069337248802185,147990.0625,1.0000996589660645,1.001035213470459,0.44284355640411377,504.21173095703125,inf
1000,1.883724570274353,1.996191143989563,15.508618354797363,1.0637547969818115,76.9263687133789,181.834228515625,0.7459046840667725,871.9898071289062,67.15774536132812,180.06405639648438,0.8679658770561218,526.5352172851562,64.36620330810547,173.6087188720703,1.0129646062850952,10368.9169921875,1.000051498413086,1.0005724430084229,0.43154895305633545,577.9346313476562,inf
1500,1.8822458982467651,1.9960874319076538,26.36438751220703,1.0646458864212036,75.3771743774414,181.6244354248047,0.9297319650650024,29884.70703125,75.34390258789062,181.09751892089844,0.9861092567443848,4992.4736328125,72.07481384277344,176.917236328125,1.1241158246994019,5491.1396484375,1.0000309944152832,1.0003600120544434,0.4410887360572815,675.4219360351562,inf
1999,1.9377650022506714,1.9989686012268066,27.54844856262207,1.0326496362686157,74.38472747802734,181.93934631347656,0.9780008792877197,773.0659790039062,77.18258666992188,181.03941345214844,1.0139060020446777,1400.685791015625,71.78532409667969,177.3529052734375,1.166102409362793,11974.017578125,1.00001859664917,1.0002248287200928,0.42875054478645325,1137.91748046875,inf
