epochs,full_psnr,ssim,lpips,train_psnr,test_psnr
0,8.395944595336914,0.30958881974220276,,8.438287734985352,0.0
500,11.9633150100708,0.6094798445701599,,12.060644149780273,0.0
1000,11.966370582580566,0.6357060074806213,,12.06241226196289,0.0
1500,11.967369079589844,0.6449905037879944,,12.062843322753906,0.0
1999,11.973137855529785,0.6984404921531677,,12.069233894348145,0.0
