Epoch,stable_rank_layer_0,effective_rank_layer_0,spectral_norm_layer_0,condition_number_layer_0,stable_rank_layer_1,effective_rank_layer_1,spectral_norm_layer_1,condition_number_layer_1,stable_rank_layer_2,effective_rank_layer_2,spectral_norm_layer_2,condition_number_layer_2,stable_rank_layer_3,effective_rank_layer_3,spectral_norm_layer_3,condition_number_layer_3,stable_rank_layer_4,effective_rank_layer_4,spectral_norm_layer_4,condition_number_layer_4,end_to_end_bound
0,1.8571640253067017,1.99408757686615,5.176130771636963,1.0801101922988892,76.41315460205078,182.10235595703125,0.07024674117565155,2668.88818359375,77.12946319580078,182.43191528320312,0.06995317339897156,392.1997375488281,77.9081802368164,181.2908935546875,0.06911179423332214,2025.778076171875,1.0031960010528564,1.0239851474761963,0.9033966064453125,25.514678955078125,inf
500,1.8754816055297852,1.9955936670303345,7.222651481628418,1.0687508583068848,82.9208755493164,186.8614959716797,0.623374879360199,610.020263671875,71.37104034423828,195.08616638183594,0.8288248181343079,1162.5323486328125,75.87429809570312,193.67990112304688,0.9872044920921326,13481.7587890625,1.0000630617141724,1.0006920099258423,0.2548339068889618,426.2067565917969,inf
1000,1.8612951040267944,1.994449257850647,10.454278945922852,1.077516794204712,80.8852767944336,184.3130645751953,0.8259212970733643,4059.9091796875,77.02586364746094,187.6968231201172,0.9691892862319946,690.76806640625,79.02629852294922,188.58155822753906,1.1169484853744507,2198.133056640625,1.0000516176223755,1.000566005706787,0.2799537777900696,1115.0303955078125,inf
1500,1.6030465364456177,1.938989520072937,22.269439697265625,1.2877293825149536,79.14559936523438,183.32147216796875,0.9919938445091248,436.07684326171875,78.65422821044922,184.70228576660156,1.103028655052185,1182.397216796875,78.90779876708984,186.6602325439453,1.2579485177993774,4382.08203125,1.0000566244125366,1.0006157159805298,0.2699984610080719,949.8323974609375,inf
1999,1.6297085285186768,1.9485927820205688,23.61585807800293,1.2601730823516846,79.08963012695312,183.48597717285156,1.0303000211715698,510.1293640136719,76.53060150146484,184.36544799804688,1.1566392183303833,5906.73388671875,79.79086303710938,186.1112518310547,1.2864844799041748,6116.0517578125,1.0000133514404297,1.0001648664474487,0.26476621627807617,2062.689453125,inf
