epochs,full_psnr,ssim,lpips,train_psnr,test_psnr
0,9.131597518920898,0.1845870167016983,,9.284366607666016,0.0
500,14.72641372680664,0.3672695457935333,,15.30260181427002,0.0
1000,14.729589462280273,0.3745156526565552,,15.307697296142578,0.0
1500,14.729671478271484,0.3749980032444,,15.308267593383789,0.0
1999,14.731245994567871,0.3784691095352173,,15.309440612792969,0.0
