epochs,full_psnr,ssim,lpips,train_psnr,test_psnr
0,9.467060089111328,0.22631137073040009,,9.505833625793457,0.0
500,14.815216064453125,0.5974379777908325,,14.965272903442383,0.0
1000,14.815879821777344,0.5999971628189087,,14.964457511901855,0.0
1500,14.81611156463623,0.6003921627998352,,14.96381950378418,0.0
2000,14.815235137939453,0.596626341342926,,14.96346378326416,0.0
2500,14.817094802856445,0.6046032309532166,,14.965646743774414,0.0
2999,14.819808959960938,0.6162984371185303,,14.968060493469238,0.0
