epochs,full_psnr,ssim,lpips,train_psnr,test_psnr
0,6.383853912353516,0.412371963262558,,6.405793190002441,0.0
500,18.590499877929688,0.2711101472377777,,19.54935646057129,0.0
1000,22.12835693359375,0.4454233646392822,,23.337848663330078,0.0
1500,24.255901336669922,0.6026894450187683,,25.878437042236328,0.0
2000,24.13882064819336,0.656007707118988,,25.602800369262695,0.0
2500,27.079057693481445,0.75421541929245,,30.785863876342773,0.0
2999,26.96387481689453,0.6485509276390076,,37.29671096801758,0.0
