Epoch,stable_rank_layer_0,effective_rank_layer_0,spectral_norm_layer_0,condition_number_layer_0,stable_rank_layer_1,effective_rank_layer_1,spectral_norm_layer_1,condition_number_layer_1,stable_rank_layer_2,effective_rank_layer_2,spectral_norm_layer_2,condition_number_layer_2,stable_rank_layer_3,effective_rank_layer_3,spectral_norm_layer_3,condition_number_layer_3,stable_rank_layer_4,effective_rank_layer_4,spectral_norm_layer_4,condition_number_layer_4,end_to_end_bound
0,1.8878896236419678,1.9964746236801147,7.3239898681640625,1.0612568855285645,77.87120056152344,182.5545196533203,1.1333454847335815,962.9954833984375,76.5120620727539,182.20623779296875,1.1451796293258667,9605.041015625,75.46369934082031,181.29364013671875,1.152564287185669,718.180908203125,1.8008986711502075,2.703644037246704,0.6760607361793518,1.6258450746536255,1185098.7032887007
500,1.8285064697265625,1.9912101030349731,8.127826690673828,1.098631501197815,77.0400619506836,182.11659240722656,1.1473430395126343,325.4765319824219,77.41587829589844,181.12013244628906,1.1181544065475464,937.4638671875,62.1209831237793,171.59938049316406,1.2177354097366333,7344.33837890625,1.2130217552185059,1.718354344367981,0.6447821855545044,5.446937084197998,1309952.1951471847
1000,1.822644829750061,1.9905389547348022,8.344462394714355,1.1025387048721313,76.6484375,181.5618438720703,1.153623104095459,2946.11474609375,76.6705093383789,180.4246826171875,1.1211708784103394,537.6814575195312,60.381107330322266,168.6336212158203,1.335621953010559,929.6375732421875,1.1938482522964478,1.6808544397354126,0.7287764549255371,5.403444766998291,1680861.6956111814
1500,1.82064688205719,1.99030339717865,8.491415023803711,1.1038800477981567,75.82988739013672,180.99789428710938,1.1677820682525635,311.95806884765625,75.91303253173828,179.7574462890625,1.1327600479125977,392.7066955566406,60.28975296020508,166.0746307373047,1.4258233308792114,323.0389099121094,1.1499913930892944,1.5658855438232422,0.8603567481040955,6.105815887451172,2204672.384067034
1999,1.820259690284729,1.9902575016021729,8.491106033325195,1.1041404008865356,75.85796356201172,180.91677856445312,1.1743124723434448,1424.080322265625,76.50283813476562,179.54200744628906,1.1499134302139282,717.5808715820312,59.140750885009766,165.69882202148438,1.5707919597625732,2085.64892578125,1.0987471342086792,1.4095417261123657,1.1600936651229858,7.710130214691162,3343064.775170181
