Epoch,stable_rank_layer_0,effective_rank_layer_0,spectral_norm_layer_0,condition_number_layer_0,stable_rank_layer_1,effective_rank_layer_1,spectral_norm_layer_1,condition_number_layer_1,stable_rank_layer_2,effective_rank_layer_2,spectral_norm_layer_2,condition_number_layer_2,stable_rank_layer_3,effective_rank_layer_3,spectral_norm_layer_3,condition_number_layer_3,stable_rank_layer_4,effective_rank_layer_4,spectral_norm_layer_4,condition_number_layer_4,end_to_end_bound
0,1.8579224348068237,1.994154930114746,5.217366695404053,1.0796326398849487,76.38623809814453,182.27801513671875,0.07030373811721802,250.7313232421875,77.62242889404297,182.57534790039062,0.06973888725042343,19601.076171875,77.72456359863281,181.38011169433594,0.06917009502649307,2071.547119140625,1.0032005310058594,1.0240147113800049,0.9032908082008362,25.52188491821289,4091.576929262934
500,1.8945444822311401,1.996902585029602,6.453191757202148,1.0573018789291382,81.76729583740234,189.7610626220703,0.40570205450057983,865.0635375976562,48.37672805786133,180.2729949951172,0.7794026136398315,19615.501953125,61.35053634643555,190.4984893798828,1.076074242591858,210256.46875,1.0344111919403076,1.157342553138733,0.5145629644393921,195.51174926757812,2892440.0166373434
1000,1.8941748142242432,1.9968795776367188,6.454717636108398,1.0575203895568848,80.1149673461914,186.5587158203125,0.40925559401512146,1386.9012451171875,53.77058410644531,172.13092041015625,0.7508026957511902,7872.68408203125,66.4227066040039,185.7565155029297,1.2008461952209473,89386.6171875,1.0514940023422241,1.2187201976776123,0.5024363994598389,48.73655700683594,3063417.173971891
1500,1.8945484161376953,1.9969027042388916,6.453929424285889,1.0572996139526367,76.11151885986328,182.7184295654297,0.4269784986972809,3512.8818359375,58.08256530761719,166.919677734375,0.8034775853157043,4410.599609375,71.90876007080078,183.8704833984375,1.297213077545166,18474.21484375,1.049588680267334,1.2112683057785034,0.4968893527984619,67.45822143554688,3653549.182536073
1999,1.8945785760879517,1.996904730796814,6.454291820526123,1.057281732559204,75.9193115234375,182.41677856445312,0.4287126064300537,762.2933349609375,58.40082931518555,166.49217224121094,0.8072689175605774,5045.49658203125,73.63236999511719,183.5492401123047,1.3148163557052612,38016.3515625,1.0626949071884155,1.2590043544769287,0.5025290250778198,27.237890243530273,3778324.86851657
