epochs,full_psnr,ssim,lpips,train_psnr,test_psnr
0,6.118712902069092,0.5403410792350769,,6.1439056396484375,0.0
500,22.239151000976562,0.4353172481060028,,24.36988639831543,0.0
1000,23.959009170532227,0.5680590271949768,,26.4197940826416,0.0
1500,25.66957664489746,0.6660044193267822,,29.917678833007812,0.0
1999,25.866798400878906,0.5758547782897949,,38.22148895263672,0.0
