epochs,full_psnr,ssim,lpips,train_psnr,test_psnr
0,6.354061126708984,0.10282274335622787,,6.40407657623291,0.0
500,12.222530364990234,0.35509026050567627,,12.423430442810059,0.0
1000,12.223112106323242,0.3570103943347931,,12.423942565917969,0.0
1500,12.223642349243164,0.3583764135837555,,12.424164772033691,0.0
2000,12.224617958068848,0.36203041672706604,,12.425125122070312,0.0
2500,12.225358963012695,0.3646900951862335,,12.426082611083984,0.0
3000,12.226221084594727,0.3679381310939789,,12.426948547363281,0.0
3500,12.226808547973633,0.37014302611351013,,12.42771053314209,0.0
3999,12.22701644897461,0.3708145320415497,,12.438344955444336,0.0
