Epoch,stable_rank_layer_0,effective_rank_layer_0,spectral_norm_layer_0,condition_number_layer_0,stable_rank_layer_1,effective_rank_layer_1,spectral_norm_layer_1,condition_number_layer_1,stable_rank_layer_2,effective_rank_layer_2,spectral_norm_layer_2,condition_number_layer_2,stable_rank_layer_3,effective_rank_layer_3,spectral_norm_layer_3,condition_number_layer_3,stable_rank_layer_4,effective_rank_layer_4,spectral_norm_layer_4,condition_number_layer_4,end_to_end_bound
0,1.882995843887329,1.9961402416229248,7.336071491241455,1.064193606376648,77.88922119140625,182.5533905029297,1.1332077980041504,1120.9088134765625,76.52120208740234,182.2105712890625,1.1451621055603027,8052.1416015625,75.47318267822266,181.28378295898438,1.1518609523773193,622.3108520507812,1.8438235521316528,2.732632875442505,0.915947675704956,1.606065273284912,10.044094700440672
500,1.8310779333114624,1.9914954900741577,16.579660415649414,1.0969305038452148,59.67703628540039,167.41763305664062,1.5155713558197021,382.3913879394531,55.474403381347656,166.64157104492188,1.5581599473953247,837.7973022460938,57.15092468261719,172.5814666748047,1.42580246925354,3728.240234375,1.06488037109375,1.2936656475067139,10.088480949401855,9.466331481933594,563.1825591747532
1000,1.8407007455825806,1.9925150871276855,18.568082809448242,1.0906345844268799,44.74763488769531,145.360595703125,2.0774917602539062,710.1303100585938,43.91035079956055,143.50401306152344,2.0868279933929443,1662.095458984375,38.14119338989258,151.99484252929688,1.942604660987854,1576.4423828125,1.0434882640838623,1.2150121927261353,13.052962303161621,10.418885231018066,2041.2045997750506
1500,1.8416606187820435,1.9926127195358276,19.35932159423828,1.090012550354004,41.06884765625,137.695068359375,2.3408753871917725,2243.28662109375,41.19978713989258,135.0199737548828,2.3513100147247314,3162.29931640625,34.33028030395508,141.20201110839844,2.18058705329895,18679.091796875,1.0579171180725098,1.2727830410003662,15.433409690856934,8.830244064331055,3586.027680083524
1999,1.8421921730041504,1.992666482925415,19.509389877319336,1.0896683931350708,40.859130859375,136.7891082763672,2.385202646255493,13153.5234375,41.126338958740234,134.1691436767578,2.3953065872192383,8938.0009765625,33.983184814453125,139.4102783203125,2.2244393825531006,4008.950439453125,1.0506047010421753,1.246429443359375,16.268587112426758,8.852481842041016,4033.67117568456
