epochs,full_psnr,ssim,lpips,train_psnr,test_psnr
0,4.164334297180176,0.30080604553222656,,4.240696907043457,0.0
500,18.27897071838379,0.3513803482055664,,20.9890079498291,0.0
1000,19.089754104614258,0.4138329029083252,,22.56122589111328,0.0
1500,19.473812103271484,0.4691307246685028,,23.36581039428711,0.0
2000,19.051015853881836,0.4861331880092621,,22.183368682861328,0.0
2500,20.86129379272461,0.5900895595550537,,28.165674209594727,0.0
2999,21.169719696044922,0.5407029390335083,,37.03727340698242,0.0
