epochs,full_psnr,ssim,lpips,train_psnr,test_psnr
0,12.351273536682129,0.22060048580169678,,12.812329292297363,0.0
500,17.683809280395508,0.29187485575675964,,19.512331008911133,0.0
1000,18.747142791748047,0.29930949211120605,,21.28753662109375,0.0
1500,17.80067253112793,0.2879255712032318,,19.699058532714844,0.0
2000,18.580642700195312,0.29471614956855774,,20.99542999267578,0.0
2500,19.033546447753906,0.30671241879463196,,21.805774688720703,0.0
2999,19.238983154296875,0.3110766112804413,,22.20860481262207,0.0
