epochs,full_psnr,ssim,lpips,train_psnr,test_psnr
0,13.50623893737793,0.3604316711425781,,13.934206008911133,0.0
500,20.499820709228516,0.45914745330810547,,23.27511978149414,0.0
1000,21.12746238708496,0.4673961102962494,,24.5638370513916,0.0
1500,18.520578384399414,0.43511900305747986,,20.065872192382812,0.0
2000,20.588266372680664,0.4586546719074249,,23.443450927734375,0.0
2500,21.091745376586914,0.4681081771850586,,24.457033157348633,0.0
3000,21.39629554748535,0.47092553973197937,,25.167713165283203,0.0
3500,21.61562728881836,0.47520360350608826,,25.695716857910156,0.0
3999,21.74538803100586,0.4778956472873688,,26.0427188873291,0.0
