Epoch,stable_rank_layer_0,effective_rank_layer_0,spectral_norm_layer_0,condition_number_layer_0,stable_rank_layer_1,effective_rank_layer_1,spectral_norm_layer_1,condition_number_layer_1,stable_rank_layer_2,effective_rank_layer_2,spectral_norm_layer_2,condition_number_layer_2,stable_rank_layer_3,effective_rank_layer_3,spectral_norm_layer_3,condition_number_layer_3,stable_rank_layer_4,effective_rank_layer_4,spectral_norm_layer_4,condition_number_layer_4,end_to_end_bound
0,1.8780766725540161,1.9957871437072754,7.332607269287109,1.0671703815460205,77.86591339111328,182.54974365234375,1.133370041847229,1074.5689697265625,76.519775390625,182.2092742919922,1.1451705694198608,5649.86474609375,75.47396087646484,181.28396606445312,1.1518532037734985,589.8533935546875,1.8425712585449219,2.7318153381347656,0.9160671830177307,1.6068366765975952,10.042105786566752
500,1.733741044998169,1.9764608144760132,15.053112983703613,1.167423963546753,73.1711196899414,175.79098510742188,1.6209341287612915,693.8086547851562,65.66991424560547,171.99440002441406,1.6666347980499268,74411.9453125,62.01195526123047,170.21365356445312,1.5461719036102295,719.117919921875,1.0817588567733765,1.3458251953125,7.888472557067871,9.708471298217773,496.0013165653083
1000,1.698654055595398,1.9686098098754883,16.5131778717041,1.1963794231414795,66.58917999267578,160.30126953125,2.427551746368408,5965.5703125,61.112159729003906,154.18212890625,2.448570966720581,656.875,46.222572326660156,142.16526794433594,2.2775497436523438,12849.23046875,1.0778592824935913,1.3336294889450073,8.481803894042969,9.772172927856445,1896.1292987084967
1500,1.6822446584701538,1.9644263982772827,17.436447143554688,1.2106815576553345,63.616886138916016,149.9732666015625,3.1345174312591553,16429.083984375,58.76668930053711,143.95909118652344,3.1482155323028564,1957.8345947265625,38.54930114746094,124.45996856689453,2.9721920490264893,4900.97705078125,1.0663042068481445,1.295273780822754,8.94724178314209,10.181142807006836,4575.717310973276
1999,1.6744823455810547,1.9623266458511353,17.826263427734375,1.2176282405853271,63.048988342285156,146.89871215820312,3.4944612979888916,1776.8558349609375,58.21226501464844,140.9512176513672,3.5092337131500244,3466.501220703125,37.046119689941406,117.0741958618164,3.3296658992767334,7400.61376953125,1.0582064390182495,1.2662982940673828,9.504800796508789,10.758119583129883,6918.254360551933
