epochs,full_psnr,ssim,lpips,train_psnr,test_psnr
0,10.116195678710938,0.6514425277709961,,10.179624557495117,0.0
500,22.58369255065918,0.7706804275512695,,23.8541259765625,0.0
1000,23.94891929626465,0.7795028686523438,,25.774839401245117,0.0
1500,24.728408813476562,0.7871925234794617,,27.082948684692383,0.0
1999,25.279787063598633,0.7927412390708923,,28.054790496826172,0.0
