epochs,full_psnr,ssim,lpips,train_psnr,test_psnr
0,10.116034507751465,0.6514373421669006,,10.179460525512695,0.0
500,22.485626220703125,0.7707853317260742,,23.709009170532227,0.0
1000,23.87141990661621,0.7783761620521545,,25.682146072387695,0.0
1500,24.39805030822754,0.7826192378997803,,26.50538444519043,0.0
1999,24.48717498779297,0.7835254073143005,,26.650508880615234,0.0
