Epoch,stable_rank_layer_0,effective_rank_layer_0,spectral_norm_layer_0,condition_number_layer_0,stable_rank_layer_1,effective_rank_layer_1,spectral_norm_layer_1,condition_number_layer_1,stable_rank_layer_2,effective_rank_layer_2,spectral_norm_layer_2,condition_number_layer_2,stable_rank_layer_3,effective_rank_layer_3,spectral_norm_layer_3,condition_number_layer_3,stable_rank_layer_4,effective_rank_layer_4,spectral_norm_layer_4,condition_number_layer_4,end_to_end_bound
0,1.8609939813613892,1.994423270225525,5.160368919372559,1.0777051448822021,68.50858306884766,176.06690979003906,0.08252109587192535,446.24212646484375,6.261636734008789,122.3049087524414,0.27300384640693665,3027.2724609375,5.667879104614258,114.9297866821289,0.2849678695201874,2651.339111328125,2.1179168224334717,2.8776912689208984,0.04812243580818176,1.3669346570968628,4081.294803353821
500,1.8625015020370483,1.994552493095398,5.163553237915039,1.0767627954483032,12.454194068908691,114.6808090209961,0.47692185640335083,5544.7685546875,1.5986436605453491,12.368090629577637,1.5778076648712158,5224.125,1.6418817043304443,9.650474548339844,1.5812081098556519,536121.375,1.0107777118682861,1.063103437423706,0.3183334469795227,42.403411865234375,5006811.2190567795
1000,1.8624794483184814,1.9945504665374756,5.164060115814209,1.0767766237258911,12.501534461975098,115.13773345947266,0.4776466488838196,21796.94140625,1.6723542213439941,14.429125785827637,1.5224717855453491,4657.5927734375,1.702667236328125,11.058443069458008,1.6079761981964111,41622.03125,1.0110446214675903,1.0633090734481812,0.3383638560771942,63.27836990356445,5230591.748298145
1500,1.8624622821807861,1.994549036026001,5.164181232452393,1.0767873525619507,12.523571014404297,115.32597351074219,0.4776422381401062,4313.81640625,1.6787818670272827,14.622932434082031,1.5253368616104126,23695.580078125,1.7312202453613281,11.70691967010498,1.6211806535720825,7182.17431640625,1.0111323595046997,1.063714861869812,0.35120829939842224,63.51004409790039,5484109.444707589
1999,1.8624598979949951,1.9945487976074219,5.164190769195557,1.0767887830734253,12.525479316711426,115.34901428222656,0.4776622951030731,3639.51708984375,1.6787656545639038,14.62489128112793,1.5265711545944214,44583.52734375,1.7356292009353638,11.809172630310059,1.623306155204773,8007.54052734375,1.011148452758789,1.063823938369751,0.3534316420555115,62.45429229736328,5530776.630933785
