epochs,full_psnr,ssim,lpips,train_psnr,test_psnr
0,6.216129779815674,0.5411591529846191,,6.241817474365234,0.0
500,26.93721580505371,0.7732787728309631,,32.226680755615234,0.0
1000,27.444778442382812,0.8096088767051697,,34.90383529663086,0.0
1500,27.933549880981445,0.8252298831939697,,38.265464782714844,0.0
2000,28.1398868560791,0.82793790102005,,42.579811096191406,0.0
2500,28.144723892211914,0.814182460308075,,50.14491653442383,0.0
2999,28.11530113220215,0.807497501373291,,54.332881927490234,0.0
