epochs,full_psnr,ssim,lpips,train_psnr,test_psnr
0,4.330200672149658,0.004509498365223408,,4.412721633911133,0.0
500,15.87227725982666,0.16086547076702118,,27.079051971435547,0.0
1000,15.325464248657227,0.1454395055770874,,31.53985023498535,0.0
1500,14.925718307495117,0.13545024394989014,,33.02647018432617,0.0
1999,14.873014450073242,0.1341615915298462,,33.1500129699707,0.0
