epochs,full_psnr,ssim,lpips,train_psnr,test_psnr
0,6.756554126739502,0.015894075855612755,,6.807634353637695,0.0
500,21.763898849487305,0.5198753476142883,,25.403274536132812,0.0
1000,22.0781307220459,0.5543636083602905,,25.57486343383789,0.0
1500,23.018386840820312,0.598845899105072,,27.957889556884766,0.0
1999,24.523826599121094,0.5997229218482971,,37.394962310791016,0.0
