epochs,full_psnr,ssim,lpips,train_psnr,test_psnr
0,3.752708673477173,0.22777044773101807,,3.794257879257202,0.0
500,23.10224723815918,0.5364304184913635,,31.21380043029785,0.0
1000,23.314266204833984,0.5522318482398987,,32.884132385253906,0.0
1500,23.433223724365234,0.5620750188827515,,34.278018951416016,0.0
2000,23.618408203125,0.572204053401947,,36.73671340942383,0.0
2500,23.70380210876465,0.5767181515693665,,39.380306243896484,0.0
3000,23.714767456054688,0.5702224373817444,,42.61582946777344,0.0
3500,23.67823028564453,0.5572389364242554,,44.95396041870117,0.0
3999,23.66400909423828,0.5531479120254517,,45.333412170410156,0.0
