epochs,full_psnr,ssim,lpips,train_psnr,test_psnr
0,8.3284912109375,0.08989457041025162,,8.506970405578613,0.0
500,12.53294563293457,0.212989941239357,,13.014863967895508,0.0
1000,12.533236503601074,0.21332472562789917,,13.015379905700684,0.0
1500,12.533857345581055,0.21401232481002808,,13.016158103942871,0.0
1999,12.537293434143066,0.21983112394809723,,13.020206451416016,0.0
