epochs,full_psnr,ssim,lpips,train_psnr,test_psnr
0,4.36135196685791,0.16086429357528687,,4.386353015899658,0.0
500,24.041059494018555,0.5590448975563049,,27.3349552154541,0.0
1000,24.66775894165039,0.58951735496521,,28.940858840942383,0.0
1500,25.22821807861328,0.6138193011283875,,31.033672332763672,0.0
2000,25.48265838623047,0.6127280592918396,,33.78152847290039,0.0
2500,25.39262580871582,0.5913606286048889,,38.33662414550781,0.0
2999,25.195703506469727,0.5690707564353943,,43.02794647216797,0.0
