epochs,full_psnr,ssim,lpips,train_psnr,test_psnr
0,9.131597518920898,0.1845870167016983,,9.284366607666016,0.0
500,14.726749420166016,0.3681704103946686,,15.304729461669922,0.0
1000,14.729787826538086,0.37514400482177734,,15.308307647705078,0.0
1500,14.72991943359375,0.3755171000957489,,15.308490753173828,0.0
2000,14.730101585388184,0.3758580982685089,,15.308069229125977,0.0
2500,14.730348587036133,0.37654855847358704,,15.309256553649902,0.0
3000,14.731027603149414,0.3779657781124115,,15.309285163879395,0.0
3500,14.731344223022461,0.37884286046028137,,15.309854507446289,0.0
3999,14.731496810913086,0.379122257232666,,15.31928825378418,0.0
