epochs,full_psnr,ssim,lpips,train_psnr,test_psnr
0,5.828981399536133,0.01630781590938568,,5.859140872955322,0.0
500,27.263832092285156,0.7755923867225647,,32.039306640625,0.0
1000,27.963411331176758,0.7868475317955017,,37.552059173583984,0.0
1500,27.643892288208008,0.7503302693367004,,43.609676361083984,0.0
1999,27.536762237548828,0.7367725372314453,,44.59768295288086,0.0
