Epoch,stable_rank_layer_0,effective_rank_layer_0,spectral_norm_layer_0,condition_number_layer_0,stable_rank_layer_1,effective_rank_layer_1,spectral_norm_layer_1,condition_number_layer_1,stable_rank_layer_2,effective_rank_layer_2,spectral_norm_layer_2,condition_number_layer_2,stable_rank_layer_3,effective_rank_layer_3,spectral_norm_layer_3,condition_number_layer_3,stable_rank_layer_4,effective_rank_layer_4,spectral_norm_layer_4,condition_number_layer_4,end_to_end_bound
0,1.8513197898864746,1.993553638458252,5.207705497741699,1.0838111639022827,76.36278533935547,182.18919372558594,0.07021286338567734,938.4259033203125,77.21942138671875,182.45262145996094,0.06977701932191849,299.19830322265625,77.67463684082031,181.70924377441406,0.06922423839569092,1423.177490234375,1.0086669921875,1.0563889741897583,0.9006854295730591,18.799667358398438,inf
500,1.8821500539779663,1.9960806369781494,6.319840908050537,1.0647037029266357,61.519317626953125,153.72244262695312,0.35190320014953613,3271.996826171875,29.44040298461914,146.66493225097656,0.8794438242912292,934.9110717773438,37.09621810913086,130.5289306640625,0.9569358229637146,37160.78125,1.0752021074295044,1.2980902194976807,0.3794134259223938,24.56429672241211,inf
1000,1.8821934461593628,1.9960837364196777,6.3172221183776855,1.0646774768829346,57.06352615356445,155.8426971435547,0.37569376826286316,1596.423095703125,42.845367431640625,163.71348571777344,0.9226304292678833,1994.3582763671875,48.17304229736328,154.09320068359375,1.0281561613082886,24326.658203125,1.0703928470611572,1.3106902837753296,0.4323465824127197,9.670924186706543,inf
1500,1.8723769187927246,1.9953558444976807,6.2949042320251465,1.0706509351730347,57.71824264526367,154.8608856201172,0.5134625434875488,1833.986328125,55.68666458129883,172.0692901611328,1.0035858154296875,2998.8369140625,55.66490173339844,165.1558074951172,1.1354328393936157,26604.74609375,1.0749560594558716,1.3294105529785156,0.44541215896606445,8.856696128845215,inf
1999,1.7720147371292114,1.9834697246551514,8.57761001586914,1.1381179094314575,62.523250579833984,164.2542724609375,0.5623646974563599,729.181640625,58.69718551635742,173.6852264404297,1.0259398221969604,985.3085327148438,57.36991882324219,167.38107299804688,1.157518982887268,583723.1875,1.028256893157959,1.1448379755020142,0.38588982820510864,18.12394142150879,inf
