epochs,full_psnr,ssim,lpips,train_psnr,test_psnr
0,9.757268905639648,0.1106753870844841,,9.840041160583496,0.0
500,21.208499908447266,0.41516074538230896,,23.034950256347656,0.0
1000,22.4069881439209,0.4514904320240021,,24.35485076904297,0.0
1500,19.92479705810547,0.3505653440952301,,20.848262786865234,0.0
1999,14.733139038085938,0.28074654936790466,,14.98880386352539,0.0
