Epoch,stable_rank_layer_0,effective_rank_layer_0,spectral_norm_layer_0,condition_number_layer_0,stable_rank_layer_1,effective_rank_layer_1,spectral_norm_layer_1,condition_number_layer_1,stable_rank_layer_2,effective_rank_layer_2,spectral_norm_layer_2,condition_number_layer_2,stable_rank_layer_3,effective_rank_layer_3,spectral_norm_layer_3,condition_number_layer_3,stable_rank_layer_4,effective_rank_layer_4,spectral_norm_layer_4,condition_number_layer_4,end_to_end_bound
0,1.8468440771102905,1.9931268692016602,5.186951160430908,1.0866714715957642,76.4298095703125,182.166015625,0.07017964869737625,545.7583618164062,77.0847396850586,182.44053649902344,0.0698438361287117,283.9399108886719,77.59131622314453,181.72171020507812,0.06923934817314148,1186.0318603515625,1.0061826705932617,1.0418294668197632,0.9019312262535095,24.631633758544922,inf
500,1.8783137798309326,1.9958044290542603,6.366444110870361,1.0670262575149536,45.68616485595703,154.2079315185547,0.36739999055862427,5947.634765625,28.786039352416992,145.6140899658203,0.810197651386261,2236.7158203125,27.68250846862793,111.11573028564453,0.9875717759132385,89184.484375,1.0950297117233276,1.3481688499450684,0.3962614834308624,38.15874099731445,inf
1000,1.878454566001892,1.9958146810531616,6.365926265716553,1.0669407844543457,45.22779846191406,155.08700561523438,0.3721366226673126,455.70654296875,34.66730499267578,155.48983764648438,0.8106929659843445,3986.3369140625,30.7335147857666,125.10955810546875,1.016915202140808,23511.33203125,1.1292219161987305,1.4381903409957886,0.38818714022636414,24.864652633666992,inf
1500,1.878318428993225,1.995804786682129,6.366115570068359,1.067023515701294,45.281734466552734,155.19627380371094,0.3717153072357178,1152.480712890625,35.73435974121094,156.56788635253906,0.7982733249664307,545.1522216796875,31.962902069091797,129.2036895751953,1.0259740352630615,412453.90625,1.1531699895858765,1.4950414896011353,0.3979666829109192,20.754283905029297,inf
1999,1.8783056735992432,1.995803713798523,6.366151332855225,1.0670312643051147,45.240447998046875,155.16897583007812,0.37192466855049133,1309.913330078125,35.708797454833984,156.5816192626953,0.799735426902771,592.1575317382812,31.986499786376953,129.4232635498047,1.0261081457138062,28642.365234375,1.1576941013336182,1.507540225982666,0.40139156579971313,18.609708786010742,inf
