epochs,full_psnr,ssim,lpips,train_psnr,test_psnr
0,7.678800582885742,0.19618256390094757,,7.856433868408203,0.0
500,19.95510482788086,0.4745863378047943,,24.82011604309082,0.0
1000,20.606605529785156,0.5141069293022156,,27.797687530517578,0.0
1500,20.647693634033203,0.45617207884788513,,34.76302719116211,0.0
1999,20.450275421142578,0.4126420021057129,,41.11128234863281,0.0
