epochs,full_psnr,ssim,lpips,train_psnr,test_psnr
0,8.327791213989258,0.3044130802154541,,8.369157791137695,0.0
500,11.956143379211426,0.5633305311203003,,12.049806594848633,0.0
1000,11.965835571289062,0.6316850185394287,,12.061285018920898,0.0
1500,11.967695236206055,0.6485380530357361,,12.063822746276855,0.0
1999,11.973237037658691,0.6980770230293274,,12.069445610046387,0.0
