epochs,full_psnr,ssim,lpips,train_psnr,test_psnr
0,6.428483009338379,0.5438632965087891,,6.455626964569092,0.0
500,27.45448875427246,0.8185250163078308,,33.1849479675293,0.0
1000,27.638397216796875,0.8397228717803955,,36.68534851074219,0.0
1500,28.323450088500977,0.8535426259040833,,40.806800842285156,0.0
2000,28.34712028503418,0.8546450138092041,,46.180824279785156,0.0
2500,28.33050537109375,0.8484026789665222,,52.58154296875,0.0
2999,28.325077056884766,0.8456143736839294,,54.523468017578125,0.0
