epochs,full_psnr,ssim,lpips,train_psnr,test_psnr
0,5.735726356506348,0.09776125103235245,,5.822532653808594,0.0
500,19.493898391723633,0.5069156289100647,,22.743127822875977,0.0
1000,19.816333770751953,0.5142630934715271,,23.650001525878906,0.0
1500,20.01552391052246,0.5282463431358337,,23.57771873474121,0.0
2000,20.95895767211914,0.587521493434906,,27.024703979492188,0.0
2500,21.379594802856445,0.6045828461647034,,29.127059936523438,0.0
3000,21.410417556762695,0.5871030688285828,,32.192344665527344,0.0
3500,21.13995361328125,0.5387652516365051,,37.14313888549805,0.0
3999,21.061969757080078,0.5268710255622864,,40.899776458740234,0.0
