epochs,full_psnr,ssim,lpips,train_psnr,test_psnr
0,9.48310375213623,0.024741077795624733,,9.531496047973633,0.0
500,26.67220115661621,0.7759080529212952,,27.69664764404297,0.0
1000,27.944557189941406,0.8093693852424622,,30.582996368408203,0.0
1500,27.236835479736328,0.8059875965118408,,32.86806869506836,0.0
2000,28.81209373474121,0.8280038833618164,,38.11997985839844,0.0
2500,29.194528579711914,0.8288167119026184,,41.784873962402344,0.0
3000,29.0672607421875,0.8189959526062012,,44.241249084472656,0.0
3500,28.983972549438477,0.8103346824645996,,45.175941467285156,0.0
3999,28.961776733398438,0.8080294728279114,,45.345977783203125,0.0
