Epoch,stable_rank_layer_0,effective_rank_layer_0,spectral_norm_layer_0,condition_number_layer_0,stable_rank_layer_1,effective_rank_layer_1,spectral_norm_layer_1,condition_number_layer_1,stable_rank_layer_2,effective_rank_layer_2,spectral_norm_layer_2,condition_number_layer_2,stable_rank_layer_3,effective_rank_layer_3,spectral_norm_layer_3,condition_number_layer_3,stable_rank_layer_4,effective_rank_layer_4,spectral_norm_layer_4,condition_number_layer_4,end_to_end_bound
0,1.8579224348068237,1.994154930114746,5.217366695404053,1.0796326398849487,76.424072265625,182.3280792236328,0.07023289054632187,382.3939514160156,77.54183959960938,182.58917236328125,0.06963837891817093,390.44232177734375,77.78324127197266,181.763671875,0.06917043030261993,863.8759155273438,1.0032005310058594,1.0240147113800049,0.9032908082008362,25.52188491821289,4081.582609639228
500,1.9070645570755005,1.9976255893707275,6.03703498840332,1.0499796867370605,26.93317222595215,150.71640014648438,0.3559029996395111,16942.40625,12.415931701660156,130.0914306640625,0.5612902045249939,792.8251953125,12.27049446105957,89.73124694824219,0.8123781085014343,15752.5107421875,1.0252819061279297,1.1351289749145508,0.38321053981781006,15.425315856933594,961121.7974859972
1000,1.9069817066192627,1.9976212978363037,6.035889625549316,1.05002760887146,28.598308563232422,150.60073852539062,0.35640451312065125,2019.591552734375,17.522676467895508,141.07211303710938,0.476322203874588,3034.98779296875,14.268967628479004,105.716796875,0.7858904600143433,17283.8125,1.0322237014770508,1.1699182987213135,0.3754524886608124,10.864338874816895,774002.3523929975
1500,1.90692937374115,1.9976184368133545,6.0358967781066895,1.0500580072402954,29.032270431518555,150.7452850341797,0.3567296266555786,1922.397705078125,18.069923400878906,141.8144073486328,0.4706342816352844,3067.251953125,14.897594451904297,110.72328186035156,0.7810900807380676,33410.94140625,1.0358238220214844,1.1866453886032104,0.3745802640914917,9.827593803405762,759015.2845012818
1999,1.906941294670105,1.9976191520690918,6.035909652709961,1.0500510931015015,29.07395362854004,150.89488220214844,0.35701051354408264,1357.9661865234375,18.042280197143555,141.78683471679688,0.47197383642196655,1878.452880859375,15.141094207763672,111.46544647216797,0.7879361510276794,58453.92578125,1.036479115486145,1.1895521879196167,0.3748475909233093,9.710433959960938,769001.836114652
