epochs,full_psnr,ssim,lpips,train_psnr,test_psnr
0,6.428483009338379,0.5438632965087891,,6.455626964569092,0.0
500,27.51354217529297,0.8200554251670837,,33.422035217285156,0.0
1000,28.01797103881836,0.8478886485099792,,39.50740051269531,0.0
1500,28.346858978271484,0.8511438369750977,,47.63592529296875,0.0
1999,28.352638244628906,0.846104621887207,,52.42327880859375,0.0
