Epoch,stable_rank_layer_0,effective_rank_layer_0,spectral_norm_layer_0,condition_number_layer_0,stable_rank_layer_1,effective_rank_layer_1,spectral_norm_layer_1,condition_number_layer_1,stable_rank_layer_2,effective_rank_layer_2,spectral_norm_layer_2,condition_number_layer_2,stable_rank_layer_3,effective_rank_layer_3,spectral_norm_layer_3,condition_number_layer_3,stable_rank_layer_4,effective_rank_layer_4,spectral_norm_layer_4,condition_number_layer_4,end_to_end_bound
0,1.89066481590271,1.9966566562652588,7.295135974884033,1.05960214138031,77.8874282836914,182.55191040039062,1.133226752281189,1036.5570068359375,76.52298736572266,182.2111053466797,1.1451330184936523,7352.90771484375,75.45836639404297,181.28309631347656,1.1522634029388428,633.9369506835938,1.7423408031463623,2.6547062397003174,0.7575603723526001,1.7055134773254395,1322193.892592499
500,1.9328538179397583,1.9987932443618774,7.851789474487305,1.0353643894195557,76.9199447631836,182.49081420898438,1.1497135162353516,609.3604125976562,76.84382629394531,181.17041015625,1.1130391359329224,1958.387939453125,67.2435302734375,176.56227111816406,1.1600157022476196,1400.5338134765625,1.3618102073669434,1.9687418937683105,0.7932592630386353,4.762037754058838,1479339.049793429
1000,1.9298752546310425,1.9986798763275146,8.08517837524414,1.037021279335022,76.43343353271484,181.862060546875,1.16114342212677,1650.6025390625,77.38593292236328,180.32000732421875,1.10752534866333,308.4958801269531,67.59314727783203,174.06536865234375,1.2601501941680908,652.9774169921875,1.3080238103866577,1.8849536180496216,0.9731350541114807,5.125093460083008,2040067.5940696383
1500,1.924644112586975,1.998467206954956,8.266952514648438,1.0399506092071533,75.57819366455078,181.1351776123047,1.1923736333847046,10631.21875,75.0877456665039,179.22097778320312,1.143161654472351,707.1444091796875,63.4910774230957,169.75083923339844,1.4457441568374634,3565.86474609375,1.2503843307495117,1.7722759246826172,1.2053353786468506,5.889066219329834,3141845.2321600807
1999,1.9233720302581787,1.9984130859375,8.276140213012695,1.0406666994094849,74.59516906738281,180.93869018554688,1.2173420190811157,2977.0361328125,73.62110137939453,179.25064086914062,1.1896454095840454,423.55584716796875,63.414833068847656,169.275390625,1.631576418876648,268.125732421875,1.15789794921875,1.5525466203689575,1.8210760354995728,8.340302467346191,5697882.217832507
