epochs,full_psnr,ssim,lpips,train_psnr,test_psnr
0,9.199663162231445,0.02129996381700039,,9.408426284790039,0.0
500,20.47086524963379,0.38788166642189026,,25.139921188354492,0.0
1000,20.479516983032227,0.3869875967502594,,25.145360946655273,0.0
1500,21.438003540039062,0.455784410238266,,27.091510772705078,0.0
1999,21.718523025512695,0.4761604964733124,,34.42719268798828,0.0
