Epoch,stable_rank_layer_0,effective_rank_layer_0,spectral_norm_layer_0,condition_number_layer_0,stable_rank_layer_1,effective_rank_layer_1,spectral_norm_layer_1,condition_number_layer_1,stable_rank_layer_2,effective_rank_layer_2,spectral_norm_layer_2,condition_number_layer_2,stable_rank_layer_3,effective_rank_layer_3,spectral_norm_layer_3,condition_number_layer_3,stable_rank_layer_4,effective_rank_layer_4,spectral_norm_layer_4,condition_number_layer_4,end_to_end_bound
0,1.8625924587249756,1.9945602416992188,5.195930004119873,1.0767061710357666,76.6281967163086,182.3012237548828,0.07020021975040436,557.0664672851562,77.57435607910156,182.55313110351562,0.0697302594780922,523.07763671875,77.68744659423828,181.6527557373047,0.06918265670537949,992.5848388671875,1.0032005310058594,1.0240147113800049,0.9032908082008362,25.521854400634766,4069.001374468343
500,1.8069400787353516,1.9885952472686768,6.678541660308838,1.1132158041000366,90.79381561279297,197.7128448486328,0.6111658811569214,3967.9677734375,94.9820785522461,208.1842041015625,0.7224022150039673,1195.7435302734375,111.91474914550781,216.5700225830078,0.8959305882453918,1983.733642578125,1.000068187713623,1.0007598400115967,0.3579195737838745,252.0743865966797,2420580.826277695
1000,1.7528198957443237,1.9801465272903442,7.356310844421387,1.1525357961654663,83.9578857421875,188.9563751220703,0.73259437084198,677.0606079101562,88.77130126953125,197.01585388183594,0.8410054445266724,1259.08740234375,97.12830352783203,206.65966796875,1.0369293689727783,5121.4384765625,1.0000543594360352,1.0006202459335327,0.35776787996292114,266.12030029296875,4304403.192867417
1500,1.7467315196990967,1.9790128469467163,7.502925395965576,1.1572248935699463,83.50762176513672,187.6136016845703,0.7470700144767761,521.327392578125,88.73986053466797,195.71694946289062,0.86127769947052,1807.3341064453125,96.06226348876953,204.95181274414062,1.059685468673706,609035.625,1.000040888786316,1.0004783868789673,0.3547065258026123,288.0664978027344,4645380.137869667
1999,1.7469782829284668,1.9790595769882202,7.515261173248291,1.1570336818695068,83.39978790283203,187.52398681640625,0.747340738773346,996.9749145507812,88.58099365234375,195.62094116210938,0.8629920482635498,1280.621337890625,95.98967742919922,204.86154174804688,1.060917854309082,8724.5703125,1.0000373125076294,1.0004394054412842,0.39941757917404175,322.33648681640625,5257973.921361038
