epochs,full_psnr,ssim,lpips,train_psnr,test_psnr
0,12.357381820678711,0.22062964737415314,,12.81912899017334,0.0
500,17.601234436035156,0.28563392162323,,19.4067440032959,0.0
1000,18.543508529663086,0.29873427748680115,,20.89227867126465,0.0
1500,18.870079040527344,0.3017036020755768,,21.501785278320312,0.0
2000,19.002180099487305,0.30516353249549866,,21.790430068969727,0.0
2500,19.19048500061035,0.3098324239253998,,22.117111206054688,0.0
3000,19.46434211730957,0.317146897315979,,22.682918548583984,0.0
3500,19.629013061523438,0.3228352665901184,,23.050268173217773,0.0
3999,19.81119155883789,0.32934653759002686,,23.45117950439453,0.0
