epochs,full_psnr,ssim,lpips,train_psnr,test_psnr
0,10.116195678710938,0.6514425277709961,,10.179624557495117,0.0
500,22.668134689331055,0.7709444165229797,,23.96160888671875,0.0
1000,23.978031158447266,0.7800227999687195,,25.834522247314453,0.0
1500,24.53037452697754,0.7853428721427917,,26.756912231445312,0.0
2000,21.535837173461914,0.7657895088195801,,22.498170852661133,0.0
2500,23.35076141357422,0.7750288844108582,,24.90768051147461,0.0
3000,24.293251037597656,0.781069278717041,,26.31598663330078,0.0
3500,24.827739715576172,0.7861985564231873,,27.220199584960938,0.0
3999,25.082853317260742,0.7887482643127441,,27.690460205078125,0.0
