epochs,full_psnr,ssim,lpips,train_psnr,test_psnr
0,5.9859161376953125,0.014078465290367603,,6.079689979553223,0.0
500,18.94841766357422,0.47035205364227295,,21.702211380004883,0.0
1000,19.125518798828125,0.49897632002830505,,21.32509994506836,0.0
1500,19.942153930664062,0.5443660616874695,,22.411731719970703,0.0
2000,18.82318878173828,0.490143746137619,,20.253528594970703,0.0
2500,18.888986587524414,0.48640236258506775,,21.454336166381836,0.0
3000,19.598697662353516,0.555072009563446,,22.181049346923828,0.0
3500,22.32721710205078,0.6641622185707092,,30.9284610748291,0.0
3999,21.867565155029297,0.6115688681602478,,39.55646896362305,0.0
