Epoch,stable_rank_layer_0,effective_rank_layer_0,spectral_norm_layer_0,condition_number_layer_0,stable_rank_layer_1,effective_rank_layer_1,spectral_norm_layer_1,condition_number_layer_1,stable_rank_layer_2,effective_rank_layer_2,spectral_norm_layer_2,condition_number_layer_2,stable_rank_layer_3,effective_rank_layer_3,spectral_norm_layer_3,condition_number_layer_3,stable_rank_layer_4,effective_rank_layer_4,spectral_norm_layer_4,condition_number_layer_4,end_to_end_bound
0,1.8579224348068237,1.994154930114746,5.217366695404053,1.0796326398849487,76.38289642333984,182.27801513671875,0.07027068734169006,247.60504150390625,77.58634185791016,182.59536743164062,0.06969080120325089,575.08447265625,77.53697967529297,181.5326690673828,0.06926526874303818,890.374267578125,1.0032005310058594,1.0240147113800049,0.9032908082008362,25.52188491821289,4092.456768679501
500,1.9411118030548096,1.9990795850753784,6.001829147338867,1.0308117866516113,39.86156463623047,152.9352264404297,0.46707603335380554,15851.7978515625,29.519262313842773,159.0767059326172,0.7207992672920227,3934.999267578125,51.85342025756836,159.4790802001953,1.0688855648040771,44054.37890625,1.0432621240615845,1.2056080102920532,0.38584065437316895,14.471321105957031,2133362.765496767
1000,1.9409593343734741,1.9990750551223755,6.002185344696045,1.030895471572876,41.41568374633789,151.99130249023438,0.4684099555015564,960.1485595703125,32.289066314697266,160.02023315429688,0.6833478212356567,2622.613037109375,54.968379974365234,163.62559509277344,1.1024938821792603,371200.09375,1.0602667331695557,1.2836943864822388,0.3894868791103363,8.25355052947998,2111963.063721443
1500,1.9409648180007935,1.9990750551223755,6.002206325531006,1.030892252922058,41.71892547607422,151.69407653808594,0.47026723623275757,1971.0770263671875,32.57049560546875,160.00755310058594,0.6842708587646484,1356.3819580078125,56.36701965332031,164.70547485351562,1.1019891500473022,22880.43359375,1.068037986755371,1.3139947652816772,0.3913227319717407,7.621579170227051,2132239.8127719774
1999,1.9409726858139038,1.999075174331665,6.002198219299316,1.0308880805969238,41.724063873291016,151.6874237060547,0.4703955352306366,1528.3385009765625,32.57626724243164,160.00709533691406,0.6843165159225464,2308.119140625,56.80006790161133,164.8732452392578,1.1008144617080688,33136.6171875,1.06941556930542,1.319288730621338,0.3917010724544525,7.522450923919678,2132747.289719293
