epochs,full_psnr,ssim,lpips,train_psnr,test_psnr
0,6.216129779815674,0.5411591529846191,,6.241817474365234,0.0
500,26.919673919677734,0.7923235893249512,,32.75136184692383,0.0
1000,27.948999404907227,0.8227608799934387,,37.32313537597656,0.0
1500,28.156042098999023,0.8209571838378906,,44.60877227783203,0.0
1999,28.107276916503906,0.805218517780304,,51.69051742553711,0.0
