epochs,full_psnr,ssim,lpips,train_psnr,test_psnr
0,7.176262855529785,0.12817955017089844,,7.302083969116211,0.0
500,12.848424911499023,0.3225848972797394,,13.332386016845703,0.0
1000,12.848865509033203,0.32425153255462646,,13.334075927734375,0.0
1500,12.847602844238281,0.32072535157203674,,13.330856323242188,0.0
2000,12.848257064819336,0.32258379459381104,,13.333393096923828,0.0
2500,12.851160049438477,0.329854279756546,,13.3359375,0.0
2999,12.854265213012695,0.33942875266075134,,13.339695930480957,0.0
