Epoch,stable_rank_layer_0,effective_rank_layer_0,spectral_norm_layer_0,condition_number_layer_0,stable_rank_layer_1,effective_rank_layer_1,spectral_norm_layer_1,condition_number_layer_1,stable_rank_layer_2,effective_rank_layer_2,spectral_norm_layer_2,condition_number_layer_2,stable_rank_layer_3,effective_rank_layer_3,spectral_norm_layer_3,condition_number_layer_3,stable_rank_layer_4,effective_rank_layer_4,spectral_norm_layer_4,condition_number_layer_4,end_to_end_bound
0,1.8750540018081665,1.9955613613128662,5.171485424041748,1.069011926651001,76.51398468017578,182.281494140625,0.07024382054805756,257.33990478515625,77.6130599975586,182.5558319091797,0.06975588947534561,1305.888427734375,77.64892578125,181.3974151611328,0.06920361518859863,4958.5927734375,1.0032005310058594,1.024014949798584,0.9032906889915466,25.521671295166016,4055.0908823682307
500,1.9038102626800537,1.9974477291107178,6.532135009765625,1.051868200302124,84.5336685180664,191.1972198486328,0.41343382000923157,1295.638916015625,48.35186004638672,181.7976531982422,0.8319600224494934,5972.541015625,67.94718933105469,188.48617553710938,1.0109822750091553,11474.9423828125,1.0143811702728271,1.0773074626922607,0.3937329351902008,426.3122253417969,2289543.3019221644
1000,1.9044049978256226,1.9974807500839233,6.533010959625244,1.0515223741531372,78.84939575195312,187.8740234375,0.42418330907821655,510.983642578125,59.94953155517578,174.6409454345703,0.9070032835006714,658.2791137695312,70.4452896118164,184.66256713867188,1.1349481344223022,29632.96875,1.1645315885543823,1.5104416608810425,0.3994223177433014,32.08836364746094,2916917.391314133
1500,1.9041380882263184,1.9974660873413086,6.536123275756836,1.0516775846481323,76.7326889038086,185.14529418945312,0.4346098303794861,662.2525024414062,64.8435287475586,172.05247497558594,1.0092872381210327,1648.26953125,73.6271743774414,182.77638244628906,1.2397760152816772,955073.0,1.3089319467544556,1.9856610298156738,0.41110506653785706,3.412141799926758,3740852.517915974
1999,1.9041048288345337,1.9974641799926758,6.537384986877441,1.0516968965530396,76.85184478759766,184.9112091064453,0.4315449297428131,1995.419189453125,66.23564147949219,171.8285675048828,1.00450599193573,3435.863037109375,73.89704132080078,182.39608764648438,1.2722370624542236,80424.140625,1.4029117822647095,2.2004432678222656,0.44856658577919006,2.5948476791381836,4140163.9483168703
