epochs,full_psnr,ssim,lpips,train_psnr,test_psnr
0,4.093366622924805,0.15818433463573456,,4.1169657707214355,0.0
500,19.24427032470703,0.32882794737815857,,20.479047775268555,0.0
1000,22.228473663330078,0.4548865556716919,,24.23754119873047,0.0
1500,22.88697052001953,0.49482297897338867,,25.074939727783203,0.0
2000,22.715778350830078,0.47026658058166504,,24.708921432495117,0.0
2500,24.113710403442383,0.5574585795402527,,27.222381591796875,0.0
2999,24.292638778686523,0.540393590927124,,31.82677459716797,0.0
