epochs,full_psnr,ssim,lpips,train_psnr,test_psnr
0,5.9859161376953125,0.014078465290367603,,6.079689979553223,0.0
500,19.568037033081055,0.5083432793617249,,22.5103759765625,0.0
1000,19.768230438232422,0.5328001379966736,,23.67257308959961,0.0
1500,21.593799591064453,0.6233992576599121,,25.785179138183594,0.0
2000,22.13690185546875,0.643054723739624,,29.13597297668457,0.0
2500,21.641582489013672,0.6113332509994507,,32.79151153564453,0.0
3000,21.723125457763672,0.5902041792869568,,37.11098098754883,0.0
3500,21.400545120239258,0.5540962815284729,,39.09016418457031,0.0
3999,21.319793701171875,0.5458883047103882,,39.33440017700195,0.0
