Epoch,stable_rank_layer_0,effective_rank_layer_0,spectral_norm_layer_0,condition_number_layer_0,stable_rank_layer_1,effective_rank_layer_1,spectral_norm_layer_1,condition_number_layer_1,stable_rank_layer_2,effective_rank_layer_2,spectral_norm_layer_2,condition_number_layer_2,stable_rank_layer_3,effective_rank_layer_3,spectral_norm_layer_3,condition_number_layer_3,stable_rank_layer_4,effective_rank_layer_4,spectral_norm_layer_4,condition_number_layer_4,end_to_end_bound
0,1.8489974737167358,1.993334174156189,5.168964385986328,1.0852925777435303,76.35198211669922,182.2019805908203,0.07022979855537415,1486.5206298828125,77.104248046875,182.42984008789062,0.06984614580869675,263.1304626464844,77.53917694091797,181.69322204589844,0.06926906108856201,1306.1097412109375,1.0031960010528564,1.0239851474761963,0.9033970832824707,25.514663696289062,inf
500,1.8961554765701294,1.9970015287399292,7.69511079788208,1.0563511848449707,67.2377700805664,170.041748046875,0.4295015037059784,748.9868774414062,33.05611801147461,153.101806640625,0.7057157158851624,899.2434692382812,36.00290298461914,132.27725219726562,0.7864549160003662,13120.6689453125,1.0003459453582764,1.003129005432129,0.41025102138519287,486.2175598144531,inf
1000,1.907117486000061,1.9976285696029663,10.1624755859375,1.049949049949646,71.512939453125,175.8404541015625,0.5163577795028687,19093.2890625,39.53795623779297,160.7516632080078,0.7601983547210693,5619.37939453125,40.41526794433594,146.60311889648438,0.8263013958930969,8910.2919921875,1.000147819519043,1.0014681816101074,0.3849504590034485,542.8028564453125,inf
1500,1.9572721719741821,1.9995235204696655,10.513018608093262,1.0220738649368286,73.49784088134766,176.51934814453125,0.5381069183349609,992.649169921875,41.21409606933594,162.9837188720703,0.7777626514434814,7430.77880859375,42.1822624206543,150.46600341796875,0.8390153646469116,124655.484375,1.000058889389038,1.0006420612335205,0.37564539909362793,660.6983642578125,inf
1999,1.9555647373199463,1.9994837045669556,10.529085159301758,1.022986650466919,73.33686828613281,176.52725219726562,0.539860725402832,972.326416015625,41.46669387817383,163.19236755371094,0.7770971059799194,10602.390625,42.31264114379883,150.61769104003906,0.8392282724380493,46826.4375,1.00005304813385,1.0005838871002197,0.3738147020339966,730.4139404296875,inf
