epochs,full_psnr,ssim,lpips,train_psnr,test_psnr
0,8.327791213989258,0.3044130802154541,,8.369157791137695,0.0
500,11.95884895324707,0.5795767903327942,,12.053232192993164,0.0
1000,11.965670585632324,0.6298035383224487,,12.061882019042969,0.0
1500,11.972150802612305,0.6870500445365906,,12.068394660949707,0.0
1999,11.973071098327637,0.6965274214744568,,12.146744728088379,0.0
