Epoch,stable_rank_layer_0,effective_rank_layer_0,spectral_norm_layer_0,condition_number_layer_0,stable_rank_layer_1,effective_rank_layer_1,spectral_norm_layer_1,condition_number_layer_1,stable_rank_layer_2,effective_rank_layer_2,spectral_norm_layer_2,condition_number_layer_2,stable_rank_layer_3,effective_rank_layer_3,spectral_norm_layer_3,condition_number_layer_3,stable_rank_layer_4,effective_rank_layer_4,spectral_norm_layer_4,condition_number_layer_4,end_to_end_bound
0,1.868061900138855,1.9950138330459595,5.1781005859375,1.0733087062835693,76.56272888183594,182.25003051757812,0.07022564113140106,253.7246856689453,77.57256317138672,182.5930938720703,0.06976013630628586,773.8497314453125,77.6495590209961,181.65805053710938,0.06920821964740753,8980.2255859375,1.0031992197036743,1.0240061283111572,0.9035926461219788,25.5321102142334,4061.101520221497
500,1.9457138776779175,1.999221682548523,6.758676528930664,1.0283007621765137,96.46566009521484,205.84092712402344,0.6470099091529846,1395.9617919921875,105.02670288085938,222.849365234375,0.7775984406471252,90.02920532226562,120.57796478271484,224.29904174804688,0.9473003149032593,46908.4140625,1.0001667737960815,1.001680612564087,0.15696834027767181,220.93746948242188,1294397.5667163515
1000,1.9670968055725098,1.9997203350067139,6.965507507324219,1.0168689489364624,88.1395263671875,193.5968780517578,0.7605849504470825,1390.61474609375,95.93071746826172,207.56143188476562,0.8937901854515076,783.962646484375,103.89230346679688,213.83197021484375,1.0885978937149048,5048.701171875,1.0001524686813354,1.0015548467636108,0.15685813128948212,218.27325439453125,2069905.7249683947
1500,1.9702857732772827,1.999772548675537,7.122443675994873,1.015196681022644,86.39661407470703,192.17466735839844,0.7800838947296143,1623.532470703125,94.78927612304688,205.59823608398438,0.9176396727561951,475.433837890625,103.74996948242188,211.95001220703125,1.1063275337219238,13401.74609375,1.0001074075698853,1.00111985206604,0.1544749140739441,338.0441589355469,2230612.673117572
1999,1.9719085693359375,1.9997971057891846,7.127171993255615,1.0143487453460693,86.55042266845703,192.13015747070312,0.7792271375656128,15823.85546875,94.6668701171875,205.53285217285156,0.9191867113113403,312.3897705078125,104.23187255859375,211.91212463378906,1.1043437719345093,2674.74169921875,1.0001145601272583,1.00119948387146,0.16797161102294922,258.35931396484375,2424181.7902014144
