epochs,full_psnr,ssim,lpips,train_psnr,test_psnr
0,4.348567485809326,0.16051821410655975,,4.373548984527588,0.0
500,14.731484413146973,0.2788316309452057,,14.987679481506348,0.0
1000,14.732769966125488,0.28019997477531433,,14.988699913024902,0.0
1500,14.73362922668457,0.2814236879348755,,14.989880561828613,0.0
1999,14.72293472290039,0.26301324367523193,,15.531417846679688,0.0
