Epoch,stable_rank_layer_0,effective_rank_layer_0,spectral_norm_layer_0,condition_number_layer_0,stable_rank_layer_1,effective_rank_layer_1,spectral_norm_layer_1,condition_number_layer_1,stable_rank_layer_2,effective_rank_layer_2,spectral_norm_layer_2,condition_number_layer_2,stable_rank_layer_3,effective_rank_layer_3,spectral_norm_layer_3,condition_number_layer_3,stable_rank_layer_4,effective_rank_layer_4,spectral_norm_layer_4,condition_number_layer_4,end_to_end_bound
0,1.8978840112686157,1.9971058368682861,7.27543306350708,1.0553338527679443,77.89344024658203,182.554443359375,1.1331732273101807,1026.17578125,76.51380157470703,182.20884704589844,1.1452094316482544,14399.3154296875,75.456787109375,181.2822265625,1.152227520942688,640.761962890625,1.72993803024292,2.645928144454956,0.8674289584159851,1.690550446510315,1509844.4750989047
500,1.8867769241333008,1.996399998664856,7.802374362945557,1.0619224309921265,78.74358367919922,182.5614013671875,1.1240657567977905,920.5488891601562,78.07482147216797,181.1507110595703,1.0974801778793335,1455.7156982421875,56.61701583862305,171.30490112304688,1.1704785823822021,1369.1580810546875,1.242684245109558,1.7837282419204712,0.5732183456420898,5.122228622436523,1033281.6630651751
1000,1.8837075233459473,1.996189832687378,7.872588634490967,1.063765048980713,78.50060272216797,182.03411865234375,1.1200801134109497,768.732177734375,75.32546997070312,179.6969451904297,1.0817621946334839,3155.1162109375,55.13881301879883,163.87109375,1.2029118537902832,1264.3564453125,1.2130624055862427,1.7482832670211792,0.7051320672035217,4.554570198059082,1294561.5321358296
1500,1.8896358013153076,1.9965896606445312,7.9569993019104,1.060214877128601,77.30677032470703,181.2327117919922,1.1525566577911377,350.9085693359375,74.99639892578125,178.352783203125,1.1044793128967285,1682.7445068359375,55.16158676147461,160.9562225341797,1.2811228036880493,775.4358520507812,1.2113746404647827,1.73868989944458,0.7525728344917297,4.721360206604004,1562530.385283016
1999,1.8882282972335815,1.9964971542358398,7.972817420959473,1.0610545873641968,76.70494079589844,181.0469207763672,1.16606605052948,627.8021850585938,74.01423645019531,178.0653839111328,1.132482886314392,473.612060546875,56.86737060546875,160.1765594482422,1.3684847354888916,1866.9066162109375,1.1624293327331543,1.610267162322998,0.9135363101959229,5.407136917114258,2105970.9292504415
