epochs,full_psnr,ssim,lpips,train_psnr,test_psnr
0,5.825725078582764,0.016336532309651375,,5.855271339416504,0.0
500,26.022720336914062,0.7664757370948792,,30.843387603759766,0.0
1000,26.917987823486328,0.8007170557975769,,31.268606185913086,0.0
1500,26.672687530517578,0.8216297626495361,,33.018089294433594,0.0
1999,27.944080352783203,0.7953121066093445,,45.65815353393555,0.0
