epochs,full_psnr,ssim,lpips,train_psnr,test_psnr
0,5.54193115234375,0.16519230604171753,,5.632529258728027,0.0
500,21.193340301513672,0.4413636028766632,,28.085248947143555,0.0
1000,21.412353515625,0.4581531584262848,,29.223928451538086,0.0
1500,21.578264236450195,0.47232887148857117,,30.525997161865234,0.0
2000,21.76337432861328,0.48504915833473206,,32.18898010253906,0.0
2500,21.841257095336914,0.489635705947876,,34.76985549926758,0.0
3000,21.854793548583984,0.4825321435928345,,37.619022369384766,0.0
3500,21.810619354248047,0.47061100602149963,,43.88533020019531,0.0
3999,21.77445411682129,0.4634465277194977,,46.497947692871094,0.0
