Epoch,stable_rank_layer_0,effective_rank_layer_0,spectral_norm_layer_0,condition_number_layer_0,stable_rank_layer_1,effective_rank_layer_1,spectral_norm_layer_1,condition_number_layer_1,stable_rank_layer_2,effective_rank_layer_2,spectral_norm_layer_2,condition_number_layer_2,stable_rank_layer_3,effective_rank_layer_3,spectral_norm_layer_3,condition_number_layer_3,stable_rank_layer_4,effective_rank_layer_4,spectral_norm_layer_4,condition_number_layer_4,end_to_end_bound
0,1.8654447793960571,1.9947994947433472,5.194754123687744,1.0749303102493286,76.63014221191406,182.262451171875,0.07020386308431625,357.7095031738281,77.73187255859375,182.5685577392578,0.06967532634735107,713.317626953125,77.68843841552734,181.6527557373047,0.06917312741279602,1009.0101318359375,1.0032005310058594,1.0240147113800049,0.9032905697822571,25.521852493286133,4064.525676147478
500,1.9613816738128662,1.9996124505996704,6.624456405639648,1.0198869705200195,98.35559844970703,209.8522186279297,0.5230584740638733,4654.82568359375,96.8273696899414,209.75698852539062,0.7524776458740234,301.5421142578125,123.76049041748047,223.77835083007812,0.8569605946540833,3361.019287109375,1.0024173259735107,1.017250418663025,0.4144899249076843,183.88157653808594,2370876.2589725177
1000,1.961374282836914,1.9996120929718018,6.627286434173584,1.0198910236358643,90.24820709228516,198.6427001953125,0.5331316590309143,226.71434020996094,89.67566680908203,199.25250244140625,0.8645496964454651,651.351806640625,119.13851165771484,221.41078186035156,0.8871437907218933,8664.5498046875,1.0039591789245605,1.0262233018875122,0.4509977698326111,229.97048950195312,3128733.367623853
1500,1.9611433744430542,1.9996074438095093,6.628871440887451,1.020013451576233,89.1529769897461,196.94033813476562,0.534267246723175,581.7190551757812,89.00141906738281,197.2928009033203,0.8750026226043701,308.777099609375,118.45588684082031,221.12991333007812,0.8910345435142517,22134.08203125,1.0057605504989624,1.0360486507415771,0.4705124497413635,221.46096801757812,3325930.1755895442
1999,1.9609968662261963,1.9996044635772705,6.629199504852295,1.0200912952423096,89.26738739013672,196.88436889648438,0.5336498022079468,2041.698486328125,88.52131652832031,197.1715850830078,0.877280056476593,683.6992797851562,118.3480224609375,221.1207275390625,0.8917028307914734,11024.3212890625,1.0059146881103516,1.036865234375,0.5006926655769348,217.99578857421875,3547211.13339262
