epochs,full_psnr,ssim,lpips,train_psnr,test_psnr
0,10.9753999710083,0.03047206439077854,,11.203093528747559,0.0
500,22.58308219909668,0.5102251172065735,,29.408893585205078,0.0
1000,22.8060245513916,0.5261634588241577,,30.019046783447266,0.0
1500,22.763193130493164,0.5225128531455994,,29.9411563873291,0.0
2000,22.74785041809082,0.5248219966888428,,29.953350067138672,0.0
2500,23.08077621459961,0.5409069657325745,,30.172317504882812,0.0
3000,23.527606964111328,0.5672786831855774,,32.872039794921875,0.0
3500,23.555931091308594,0.5729760527610779,,37.10192108154297,0.0
3999,23.647022247314453,0.5756147503852844,,41.007362365722656,0.0
