epochs,full_psnr,ssim,lpips,train_psnr,test_psnr
0,5.635677337646484,0.19677740335464478,,5.745443820953369,0.0
500,13.286664962768555,0.41792717576026917,,13.964263916015625,0.0
1000,14.351693153381348,0.4311944544315338,,15.24339485168457,0.0
1500,14.696211814880371,0.43303513526916504,,15.667119979858398,0.0
2000,15.121522903442383,0.4379003345966339,,16.21270179748535,0.0
2500,15.318526268005371,0.4395696818828583,,16.466867446899414,0.0
3000,15.421873092651367,0.4403645992279053,,16.602710723876953,0.0
3500,15.4695463180542,0.4407924711704254,,16.665679931640625,0.0
3999,15.478111267089844,0.4408878982067108,,16.677034378051758,0.0
