epochs,full_psnr,ssim,lpips,train_psnr,test_psnr
0,6.354061126708984,0.10282274335622787,,6.40407657623291,0.0
500,12.222209930419922,0.3541368246078491,,12.423099517822266,0.0
1000,12.222639083862305,0.3554288446903229,,12.42282485961914,0.0
1500,12.222652435302734,0.35517582297325134,,12.423343658447266,0.0
2000,12.222809791564941,0.3556637763977051,,12.42310619354248,0.0
2500,12.22249984741211,0.35424497723579407,,12.422499656677246,0.0
3000,12.22297191619873,0.35632309317588806,,12.422675132751465,0.0
3500,12.224588394165039,0.36191463470458984,,12.425013542175293,0.0
3999,12.226383209228516,0.3683641850948334,,12.427310943603516,0.0
