Epoch,stable_rank_layer_0,effective_rank_layer_0,spectral_norm_layer_0,condition_number_layer_0,stable_rank_layer_1,effective_rank_layer_1,spectral_norm_layer_1,condition_number_layer_1,stable_rank_layer_2,effective_rank_layer_2,spectral_norm_layer_2,condition_number_layer_2,stable_rank_layer_3,effective_rank_layer_3,spectral_norm_layer_3,condition_number_layer_3,stable_rank_layer_4,effective_rank_layer_4,spectral_norm_layer_4,condition_number_layer_4,end_to_end_bound
0,1.8688801527023315,1.9950796365737915,7.337924957275391,1.072803258895874,77.869384765625,182.5500030517578,1.1333438158035278,1171.0531005859375,76.51050567626953,182.207275390625,1.145241141319275,3970.7021484375,75.48440551757812,181.2826690673828,1.1517856121063232,597.3145751953125,1.8438125848770142,2.732680082321167,0.9155458807945251,1.6056042909622192,10.043466803678863
500,1.5960756540298462,1.9362889528274536,15.578746795654297,1.2952373027801514,73.64488220214844,175.01976013183594,1.6068360805511475,3018.445556640625,66.81132507324219,171.65208435058594,1.642852544784546,5024.68115234375,58.758689880371094,169.03665161132812,1.5633337497711182,5986.75146484375,1.2159258127212524,1.703405499458313,6.027193546295166,6.2296528816223145,387.4980488196136
1000,1.6010229587554932,1.9382139444351196,17.64161491394043,1.2898954153060913,70.0687255859375,160.7970428466797,2.342273235321045,1017.1318969726562,65.8288345336914,156.697998046875,2.306420087814331,1419.0738525390625,45.26496887207031,143.440185546875,2.1634345054626465,3528.57861328125,1.1891778707504272,1.635105848312378,6.6949687004089355,7.083375453948975,1380.4052705917873
1500,1.715606927871704,1.9725831747055054,21.244596481323242,1.1821231842041016,65.83152770996094,153.77822875976562,2.8242506980895996,3790.26318359375,64.35777282714844,151.5892333984375,2.7125890254974365,1046.7781982421875,44.739227294921875,139.36968994140625,2.440117359161377,23902.8046875,1.165162205696106,1.6115977764129639,10.72168254852295,5.632384777069092,4258.036604415102
1999,1.7187654972076416,1.9732857942581177,21.27860450744629,1.17952299118042,63.372066497802734,152.45126342773438,3.0248348712921143,2034.0166015625,62.8837890625,151.14187622070312,2.8833680152893066,604.3521728515625,44.0560302734375,137.95132446289062,2.529242753982544,1949.526611328125,1.1701271533966064,1.6198508739471436,11.008325576782227,5.775029182434082,5167.216643111117
