epochs,full_psnr,ssim,lpips,train_psnr,test_psnr
0,13.50623893737793,0.3604316711425781,,13.934206008911133,0.0
500,20.50432014465332,0.4592161178588867,,23.286144256591797,0.0
1000,21.183069229125977,0.4699636995792389,,24.65911102294922,0.0
1500,19.74518394470215,0.45490434765815735,,21.92781639099121,0.0
1999,20.604015350341797,0.46171000599861145,,23.465068817138672,0.0
