epochs,full_psnr,ssim,lpips,train_psnr,test_psnr
0,5.983178615570068,0.01567581295967102,,6.103267669677734,0.0
500,20.12491226196289,0.553821861743927,,23.90351104736328,0.0
1000,19.391510009765625,0.535664975643158,,23.48175811767578,0.0
1500,19.293954849243164,0.5429650545120239,,23.44355010986328,0.0
2000,19.368511199951172,0.5514414310455322,,24.482851028442383,0.0
2500,20.10723304748535,0.5680550932884216,,25.867351531982422,0.0
3000,21.264820098876953,0.6184543967247009,,28.651411056518555,0.0
3500,21.407459259033203,0.618771493434906,,35.75137710571289,0.0
3999,21.54911994934082,0.6067314147949219,,39.9824333190918,0.0
