epochs,full_psnr,ssim,lpips,train_psnr,test_psnr
0,3.541609048843384,0.2244684249162674,,3.580869197845459,0.0
500,22.846057891845703,0.5093226432800293,,29.876354217529297,0.0
1000,23.158889770507812,0.533233642578125,,31.705425262451172,0.0
1500,23.397981643676758,0.5508630275726318,,33.86498260498047,0.0
2000,23.56553077697754,0.5588922500610352,,36.76328659057617,0.0
2500,23.534343719482422,0.5385943055152893,,40.78772735595703,0.0
2999,23.475873947143555,0.5216485857963562,,43.78547668457031,0.0
