Epoch,stable_rank_layer_0,effective_rank_layer_0,spectral_norm_layer_0,condition_number_layer_0,stable_rank_layer_1,effective_rank_layer_1,spectral_norm_layer_1,condition_number_layer_1,stable_rank_layer_2,effective_rank_layer_2,spectral_norm_layer_2,condition_number_layer_2,stable_rank_layer_3,effective_rank_layer_3,spectral_norm_layer_3,condition_number_layer_3,stable_rank_layer_4,effective_rank_layer_4,spectral_norm_layer_4,condition_number_layer_4,end_to_end_bound
0,1.8899614810943604,1.9966111183166504,7.3163161277771,1.0600208044052124,77.88282775878906,182.55209350585938,1.133265733718872,982.9801635742188,76.53303527832031,182.2058868408203,1.145080327987671,3564.403564453125,75.4955062866211,181.2827606201172,1.151696801185608,600.5464477539062,1.8419264554977417,2.731421947479248,0.9162188768386841,1.6069846153259277,10.018381587432133
500,1.8365800380706787,1.9920876026153564,20.13772201538086,1.0933173894882202,67.88230895996094,171.1544952392578,1.6357234716415405,962.8082885742188,65.86181640625,169.92478942871094,1.6477086544036865,1141.0997314453125,59.5346565246582,169.55377197265625,1.536396861076355,11722.6904296875,1.0944139957427979,1.4018316268920898,9.045062065124512,7.158071517944336,754.2505096669677
1000,1.8499246835708618,1.9934223890304565,21.931127548217773,1.084700345993042,62.672325134277344,159.88140869140625,2.447627305984497,868.7744750976562,60.79295349121094,158.6691436767578,2.426175355911255,749.3181762695312,48.04890060424805,146.82321166992188,2.089557647705078,3288.308837890625,1.0789780616760254,1.3535809516906738,10.42020320892334,7.159043788909912,2835.6915097374817
1500,1.8533638715744019,1.9937434196472168,22.7252254486084,1.082512378692627,64.51866149902344,154.6023406982422,3.067791223526001,1846.579833984375,62.61014938354492,151.58851623535156,2.993413209915161,559.5560302734375,43.4671630859375,132.19747924804688,2.5360615253448486,1944.818359375,1.0658005475997925,1.3071163892745972,11.406678199768066,7.481938362121582,6036.978746779067
1999,1.8561842441558838,1.99399995803833,23.008756637573242,1.0807279348373413,64.6740951538086,152.9460906982422,3.3872475624084473,3664.299560546875,62.173377990722656,148.70770263671875,3.3099427223205566,1297.4786376953125,42.09820556640625,125.19866180419922,2.7914934158325195,3284.709228515625,1.0615770816802979,1.2904249429702759,12.61053466796875,7.831198692321777,9080.937282981315
