epochs,full_psnr,ssim,lpips,train_psnr,test_psnr
0,13.180333137512207,0.25413814187049866,,13.35708999633789,0.0
500,19.904489517211914,0.366636723279953,,20.82577133178711,0.0
1000,21.115032196044922,0.39289769530296326,,22.34408950805664,0.0
1500,21.969987869262695,0.4177846908569336,,23.535472869873047,0.0
1999,22.526948928833008,0.4338078498840332,,24.397857666015625,0.0
