epochs,full_psnr,ssim,lpips,train_psnr,test_psnr
0,8.332110404968262,0.09002841264009476,,8.510494232177734,0.0
500,12.532306671142578,0.2118965983390808,,13.014934539794922,0.0
1000,12.533672332763672,0.214285746216774,,13.016556739807129,0.0
1500,12.534436225891113,0.21547019481658936,,13.016422271728516,0.0
2000,12.53391170501709,0.21427620947360992,,13.015623092651367,0.0
2500,12.53331184387207,0.21344991028308868,,13.013994216918945,0.0
3000,12.534387588500977,0.21528668701648712,,13.017563819885254,0.0
3500,12.535804748535156,0.2172413021326065,,13.018266677856445,0.0
3999,12.53722095489502,0.219792440533638,,13.019856452941895,0.0
