epochs,full_psnr,ssim,lpips,train_psnr,test_psnr
0,4.164334297180176,0.30080604553222656,,4.240696907043457,0.0
500,18.8641300201416,0.39121392369270325,,22.16317367553711,0.0
1000,19.36797523498535,0.4487881660461426,,23.278972625732422,0.0
1500,19.221668243408203,0.4735318124294281,,22.858667373657227,0.0
2000,19.365995407104492,0.4928242266178131,,22.999887466430664,0.0
2500,18.788257598876953,0.4836318790912628,,21.849687576293945,0.0
3000,10.425697326660156,0.3566637933254242,,10.764240264892578,0.0
3500,10.427696228027344,0.368656188249588,,10.766193389892578,0.0
3999,10.429134368896484,0.37838801741600037,,10.767324447631836,0.0
