epochs,full_psnr,ssim,lpips,train_psnr,test_psnr
0,9.76340389251709,0.12049879878759384,,9.84649658203125,0.0
500,14.731651306152344,0.2789256274700165,,14.988125801086426,0.0
1000,14.731998443603516,0.2794552743434906,,14.988809585571289,0.0
1500,14.732381820678711,0.27965274453163147,,14.988719940185547,0.0
2000,14.733181953430176,0.2807849943637848,,14.989480972290039,0.0
2500,14.733705520629883,0.2815952003002167,,14.990550994873047,0.0
2999,14.733951568603516,0.28186166286468506,,15.002640724182129,0.0
