Epoch,stable_rank_layer_0,effective_rank_layer_0,spectral_norm_layer_0,condition_number_layer_0,stable_rank_layer_1,effective_rank_layer_1,spectral_norm_layer_1,condition_number_layer_1,stable_rank_layer_2,effective_rank_layer_2,spectral_norm_layer_2,condition_number_layer_2,stable_rank_layer_3,effective_rank_layer_3,spectral_norm_layer_3,condition_number_layer_3,stable_rank_layer_4,effective_rank_layer_4,spectral_norm_layer_4,condition_number_layer_4,end_to_end_bound
0,1.8407071828842163,1.9925158023834229,5.222754955291748,1.0906304121017456,76.46524810791016,182.15028381347656,0.0701427310705185,2250.4248046875,77.48795318603516,182.41444396972656,0.06964915245771408,409.4907531738281,77.76110076904297,181.71417236328125,0.06912484765052795,2557.30419921875,1.0091121196746826,1.0572915077209473,0.9006527066230774,24.89533042907715,inf
500,1.8849416971206665,1.9962750673294067,6.453960418701172,1.0630229711532593,63.27419662475586,156.9917755126953,0.3454743027687073,23289.25,27.43872833251953,148.1011199951172,0.8444506525993347,1188.016845703125,35.194332122802734,131.7659454345703,0.9670353531837463,38529.4921875,1.0546988248825073,1.2425400018692017,0.4017265737056732,16.1251163482666,inf
1000,1.885190486907959,1.996292233467102,6.448755264282227,1.0628736019134521,58.92832946777344,158.29566955566406,0.3599989116191864,618.6727294921875,41.14669418334961,165.52911376953125,0.8934018015861511,5049.423828125,46.025848388671875,156.78663635253906,1.0475640296936035,125924.6484375,1.1583919525146484,1.539176106452942,0.41801688075065613,9.98828411102295,inf
1500,1.8853847980499268,1.9963054656982422,6.433814525604248,1.062756896018982,55.0944709777832,151.0481414794922,0.4419735074043274,930.8895874023438,55.4648551940918,171.4394073486328,0.9636375904083252,2005.3487548828125,56.11247634887695,167.69960021972656,1.1494944095611572,37253.1484375,1.1928874254226685,1.687363862991333,0.43883052468299866,5.103936195373535,inf
1999,1.8851276636123657,1.9962879419326782,6.43284273147583,1.0629112720489502,53.61042022705078,147.21221923828125,0.4704269468784332,3629.841796875,58.004127502441406,171.9645538330078,0.9802308678627014,8514.2158203125,58.947837829589844,169.00352478027344,1.1694968938827515,40801.46875,1.2305693626403809,1.8123100996017456,0.4698040783405304,3.891293525695801,inf
