epochs,full_psnr,ssim,lpips,train_psnr,test_psnr
0,9.349892616271973,0.2091880440711975,,9.38737964630127,0.0
500,20.313411712646484,0.373134046792984,,21.779691696166992,0.0
1000,22.974254608154297,0.5203443765640259,,24.302099227905273,0.0
1500,25.22613525390625,0.6657779812812805,,27.198406219482422,0.0
1999,27.43596076965332,0.689521074295044,,35.67552947998047,0.0
