epochs,full_psnr,ssim,lpips,train_psnr,test_psnr
0,4.389288425445557,0.16090969741344452,,4.4144287109375,0.0
500,19.578393936157227,0.35248270630836487,,20.895648956298828,0.0
1000,21.99176597595215,0.446586936712265,,23.90582275390625,0.0
1500,22.747526168823242,0.48641490936279297,,24.94145393371582,0.0
2000,23.216917037963867,0.5066826939582825,,25.63294219970703,0.0
2500,24.42997932434082,0.5679451823234558,,28.72657012939453,0.0
2999,24.026147842407227,0.5069383978843689,,34.0477180480957,0.0
