Epoch,stable_rank_layer_0,effective_rank_layer_0,spectral_norm_layer_0,condition_number_layer_0,stable_rank_layer_1,effective_rank_layer_1,spectral_norm_layer_1,condition_number_layer_1,stable_rank_layer_2,effective_rank_layer_2,spectral_norm_layer_2,condition_number_layer_2,stable_rank_layer_3,effective_rank_layer_3,spectral_norm_layer_3,condition_number_layer_3,stable_rank_layer_4,effective_rank_layer_4,spectral_norm_layer_4,condition_number_layer_4,end_to_end_bound
0,1.8454177379608154,1.9929873943328857,5.205366611480713,1.087587833404541,76.3641128540039,182.0656280517578,0.07033278793096542,510.0743408203125,77.21160125732422,182.4294891357422,0.06993217021226883,327.9134826660156,77.51546478271484,181.45960998535156,0.06923018395900726,1852.96728515625,1.003196120262146,1.0239859819412231,0.9033270478248596,25.50893783569336,inf
500,1.9154740571975708,1.9980530738830566,7.286571979522705,1.0451459884643555,94.56005096435547,199.3486785888672,0.6291993856430054,516.255126953125,105.08033752441406,217.76461791992188,0.7222797870635986,220.7752227783203,109.41505432128906,214.58047485351562,0.949111819267273,6939.21142578125,1.0000810623168945,1.0008800029754639,0.4941975772380829,281.0530700683594,inf
1000,1.9090092182159424,1.997728705406189,9.175381660461426,1.0488559007644653,85.76060485839844,191.20870971679688,0.7672532796859741,28140.693359375,93.9663314819336,203.63778686523438,0.8515524864196777,188.47462463378906,97.99658203125,205.36798095703125,1.07357919216156,345330.90625,1.000069499015808,1.0007635354995728,0.49584388732910156,317.9591979980469,inf
1500,1.848414659500122,1.9932783842086792,10.278664588928223,1.085665225982666,84.0166015625,190.3385009765625,0.7990993857383728,329.967041015625,92.82271575927734,201.54806518554688,0.8761431574821472,170.30667114257812,96.38606262207031,203.82557678222656,1.0986627340316772,14728.234375,1.000065803527832,1.0007261037826538,0.49392855167388916,333.2708435058594,inf
1999,1.8388921022415161,1.9923291206359863,10.319916725158691,1.091809630393982,83.75154876708984,190.33253479003906,0.8010010123252869,1755.9134521484375,92.56710815429688,201.4497833251953,0.8781601786613464,159.99343872070312,96.25822448730469,203.7524871826172,1.1000827550888062,35060.0390625,1.0000656843185425,1.0007256269454956,0.49181047081947327,334.01934814453125,inf
