epochs,full_psnr,ssim,lpips,train_psnr,test_psnr
0,7.176262855529785,0.12817955017089844,,7.302083969116211,0.0
500,12.84809684753418,0.3223213255405426,,13.334077835083008,0.0
1000,12.849458694458008,0.32658129930496216,,13.334590911865234,0.0
1500,12.851110458374023,0.3297555148601532,,13.33626651763916,0.0
2000,12.853254318237305,0.3362082540988922,,13.33838939666748,0.0
2500,12.85456657409668,0.34022411704063416,,13.340009689331055,0.0
2999,12.854842185974121,0.34110161662101746,,13.352490425109863,0.0
