Epoch,stable_rank_layer_0,effective_rank_layer_0,spectral_norm_layer_0,condition_number_layer_0,stable_rank_layer_1,effective_rank_layer_1,spectral_norm_layer_1,condition_number_layer_1,stable_rank_layer_2,effective_rank_layer_2,spectral_norm_layer_2,condition_number_layer_2,stable_rank_layer_3,effective_rank_layer_3,spectral_norm_layer_3,condition_number_layer_3,stable_rank_layer_4,effective_rank_layer_4,spectral_norm_layer_4,condition_number_layer_4,end_to_end_bound
0,1.860906720161438,1.9944156408309937,5.16048526763916,1.0777597427368164,69.96096801757812,175.95645141601562,0.08152518421411514,1136.8521728515625,6.214552402496338,121.74591064453125,0.27443817257881165,11256.875,5.787628650665283,116.46782684326172,0.281663715839386,1912.20751953125,2.117917537689209,2.8776912689208984,0.04812244325876236,1.3669347763061523,4006.3177295331748
500,1.8623181581497192,1.9945367574691772,5.162075996398926,1.0768773555755615,12.482976913452148,118.64014434814453,0.4313831329345703,5850.66650390625,1.3466100692749023,6.388126850128174,1.7754461765289307,14738.064453125,1.6903146505355835,10.294210433959961,1.4061858654022217,156522.203125,1.248515009880066,1.8441689014434814,0.23114855587482452,3.9747397899627686,3289795.8102552705
1000,1.8624554872512817,1.9945484399795532,5.162670135498047,1.0767916440963745,12.555641174316406,119.18391418457031,0.43090811371803284,10276.0517578125,1.372211217880249,6.966090202331543,1.7383517026901245,10660.6513671875,1.7332948446273804,11.320138931274414,1.4012686014175415,30472.69140625,1.259404182434082,1.8669226169586182,0.241810604929924,3.9305732250213623,3354543.2500383896
1500,1.8624699115753174,1.9945496320724487,5.16281270980835,1.0767825841903687,12.589644432067871,119.41641235351562,0.43057703971862793,12254.69140625,1.3763924837112427,7.066402435302734,1.737889289855957,60952.44921875,1.7548930644989014,11.828103065490723,1.4051011800765991,12501.294921875,1.25862455368042,1.8629908561706543,0.24876940250396729,3.9773197174072266,3457035.758868037
1999,1.8624684810638428,1.9945495128631592,5.1628336906433105,1.0767834186553955,12.594758987426758,119.45793151855469,0.43054449558258057,16473.01953125,1.3766151666641235,7.072551727294922,1.7386726140975952,42497.4140625,1.7585023641586304,11.916357040405273,1.4059487581253052,9289.9013671875,1.2580647468566895,1.8613719940185547,0.25005728006362915,3.9884684085845947,3478347.3677621647
