epochs,full_psnr,ssim,lpips,train_psnr,test_psnr
0,6.117392063140869,-0.23914842307567596,,6.138287544250488,0.0
500,27.56656837463379,0.7421655058860779,,33.0638542175293,0.0
1000,28.2493953704834,0.767780065536499,,37.001976013183594,0.0
1500,28.266281127929688,0.7627058029174805,,39.71965408325195,0.0
1999,28.237632751464844,0.7605242133140564,,39.9463996887207,0.0
