epochs,full_psnr,ssim,lpips,train_psnr,test_psnr
0,9.583081245422363,0.3588559925556183,,9.86020278930664,0.0
500,13.976353645324707,0.423615425825119,,14.783899307250977,0.0
1000,15.3673734664917,0.437397837638855,,16.53632164001465,0.0
1500,16.016624450683594,0.4475698173046112,,17.405284881591797,0.0
2000,16.55754852294922,0.4569988250732422,,18.168832778930664,0.0
2500,16.780132293701172,0.4617738425731659,,18.494895935058594,0.0
2999,16.823087692260742,0.46262750029563904,,18.559101104736328,0.0
