epochs,full_psnr,ssim,lpips,train_psnr,test_psnr
0,9.48316764831543,0.02473018504679203,,9.530718803405762,0.0
500,26.88361930847168,0.7826569676399231,,28.725778579711914,0.0
1000,27.605016708374023,0.8089321255683899,,33.56560516357422,0.0
1500,29.117212295532227,0.8251253962516785,,37.94519805908203,0.0
2000,29.02397918701172,0.8191054463386536,,42.53828048706055,0.0
2500,28.954771041870117,0.8061091899871826,,44.47984313964844,0.0
2999,28.918434143066406,0.8019676804542542,,44.78385925292969,0.0
