Epoch,stable_rank_layer_0,effective_rank_layer_0,spectral_norm_layer_0,condition_number_layer_0,stable_rank_layer_1,effective_rank_layer_1,spectral_norm_layer_1,condition_number_layer_1,stable_rank_layer_2,effective_rank_layer_2,spectral_norm_layer_2,condition_number_layer_2,stable_rank_layer_3,effective_rank_layer_3,spectral_norm_layer_3,condition_number_layer_3,stable_rank_layer_4,effective_rank_layer_4,spectral_norm_layer_4,condition_number_layer_4,end_to_end_bound
0,1.8579224348068237,1.994154930114746,5.217366695404053,1.0796326398849487,76.424072265625,182.3280792236328,0.07023289054632187,382.3939514160156,77.54183959960938,182.58917236328125,0.06963837891817093,390.44232177734375,77.78324127197266,181.763671875,0.06917043030261993,863.8759155273438,1.0032005310058594,1.0240147113800049,0.9032908082008362,25.52188491821289,4081.582609639228
500,1.9094048738479614,1.9977493286132812,6.033455848693848,1.0486278533935547,27.007537841796875,150.46881103515625,0.37627434730529785,4881.654296875,14.088438987731934,135.1844940185547,0.5476847290992737,4408.91015625,14.925371170043945,102.56761932373047,0.8814663887023926,33394.68359375,1.0274063348770142,1.146538496017456,0.37666767835617065,13.137580871582031,1056830.7939917413
1000,1.9103528261184692,1.997798204421997,6.03225040435791,1.048081636428833,36.278438568115234,145.86329650878906,0.3929319679737091,674.509765625,27.70128059387207,151.02163696289062,0.425433486700058,15498.884765625,28.830015182495117,149.2469482421875,0.9278636574745178,28976.041015625,1.0377877950668335,1.1957311630249023,0.36198386549949646,9.317378044128418,867045.2013927334
1500,1.9107166528701782,1.997817039489746,6.032061576843262,1.0478724241256714,44.887516021728516,136.4415740966797,0.44447124004364014,2223.2646484375,33.52701950073242,153.32960510253906,0.41752904653549194,1669.766845703125,42.55283737182617,159.991455078125,1.0130856037139893,184879.171875,1.0453298091888428,1.2301628589630127,0.354158490896225,7.68544340133667,1028205.4284563785
1999,1.910617470741272,1.9978117942810059,6.032618522644043,1.0479294061660767,45.062259674072266,134.2634735107422,0.4641841650009155,826.3589477539062,34.531829833984375,153.45468139648438,0.42404139041900635,3012.8583984375,45.479034423828125,161.16534423828125,1.0303937196731567,23017.658203125,1.050535798072815,1.252426266670227,0.3537525534629822,7.116273880004883,1108018.9442995228
