epochs,full_psnr,ssim,lpips,train_psnr,test_psnr
0,6.428483009338379,0.5438632965087891,,6.455626964569092,0.0
500,27.15610694885254,0.8134517669677734,,32.215450286865234,0.0
1000,27.705577850341797,0.8290829658508301,,34.31043243408203,0.0
1500,27.820274353027344,0.8434975743293762,,37.997562408447266,0.0
1999,28.399429321289062,0.8604100346565247,,50.49939727783203,0.0
