Epoch,stable_rank_layer_0,effective_rank_layer_0,spectral_norm_layer_0,condition_number_layer_0,stable_rank_layer_1,effective_rank_layer_1,spectral_norm_layer_1,condition_number_layer_1,stable_rank_layer_2,effective_rank_layer_2,spectral_norm_layer_2,condition_number_layer_2,stable_rank_layer_3,effective_rank_layer_3,spectral_norm_layer_3,condition_number_layer_3,stable_rank_layer_4,effective_rank_layer_4,spectral_norm_layer_4,condition_number_layer_4,end_to_end_bound
0,1.845382571220398,1.9929839372634888,5.213558197021484,1.0876104831695557,76.41384887695312,182.06866455078125,0.07022570073604584,750.9039916992188,77.1960678100586,182.4508819580078,0.06987030804157257,279.11181640625,77.59254455566406,181.43434143066406,0.06921114027500153,2639.983154296875,1.0118978023529053,1.0735777616500854,0.8992670178413391,17.065553665161133,inf
500,1.826400876045227,1.9909721612930298,7.458235740661621,1.1000303030014038,73.84246063232422,178.11923217773438,0.5441922545433044,1025.8272705078125,49.68220520019531,177.48031616210938,0.8029040694236755,3757.697265625,59.75239562988281,162.24191284179688,0.8617792725563049,3242.571044921875,1.00020170211792,1.001948595046997,0.4403262436389923,384.2856750488281,inf
1000,1.7867696285247803,1.9857748746871948,8.844950675964355,1.1273952722549438,71.95586395263672,178.87742614746094,0.6510007381439209,2556.638671875,55.85859298706055,179.19329833984375,0.8543342351913452,651.72998046875,63.13118362426758,167.6978302001953,0.9082474112510681,6534.60302734375,1.0001777410507202,1.0017399787902832,0.4434506297111511,407.2175598144531,inf
1500,1.8161084651947021,1.9897559881210327,9.285621643066406,1.1069449186325073,72.74762725830078,179.153564453125,0.6733986139297485,10160.2451171875,57.636356353759766,179.26841735839844,0.8657515048980713,1922.3768310546875,63.37113571166992,169.01593017578125,0.9271758794784546,13869.3447265625,1.0001592636108398,1.0015685558319092,0.44160640239715576,555.9920043945312,inf
1999,1.8093969821929932,1.9889135360717773,9.359182357788086,1.1115249395370483,72.82713317871094,179.09010314941406,0.6741354465484619,700.9384155273438,57.747066497802734,179.31544494628906,0.8657983541488647,2350.0966796875,63.481788635253906,169.08792114257812,0.9274770617485046,19445.0546875,1.0001543760299683,1.0015199184417725,0.4401201605796814,763.8705444335938,inf
