epochs,full_psnr,ssim,lpips,train_psnr,test_psnr
0,6.965057849884033,0.12287119776010513,,7.084789276123047,0.0
500,12.84939956665039,0.325329065322876,,13.334454536437988,0.0
1000,12.850919723510742,0.3296950161457062,,13.336821556091309,0.0
1500,12.853853225708008,0.33789142966270447,,13.339095115661621,0.0
1999,12.85434627532959,0.3396890461444855,,13.379938125610352,0.0
