epochs,full_psnr,ssim,lpips,train_psnr,test_psnr
0,6.188687801361084,0.11140879988670349,,6.285294532775879,0.0
500,13.116483688354492,0.31670355796813965,,13.628021240234375,0.0
1000,13.119028091430664,0.3231494426727295,,13.630241394042969,0.0
1500,13.121021270751953,0.3280017673969269,,13.631854057312012,0.0
2000,13.122556686401367,0.3323935866355896,,13.635153770446777,0.0
2500,13.123863220214844,0.3355783522129059,,13.635986328125,0.0
2999,13.124177932739258,0.33648207783699036,,13.647928237915039,0.0
