epochs,full_psnr,ssim,lpips,train_psnr,test_psnr
0,5.826852321624756,0.016337038949131966,,5.857013702392578,0.0
500,26.31976318359375,0.738450825214386,,30.79522132873535,0.0
1000,26.176036834716797,0.7872364521026611,,29.65778160095215,0.0
1500,27.546985626220703,0.8175182342529297,,35.737632751464844,0.0
1999,27.74806022644043,0.7733904719352722,,44.682342529296875,0.0
