epochs,full_psnr,ssim,lpips,train_psnr,test_psnr
0,4.139172077178955,0.3001512587070465,,4.215017318725586,0.0
500,20.835765838623047,0.5690661668777466,,27.48583221435547,0.0
1000,21.038013458251953,0.5932149291038513,,28.93317985534668,0.0
1500,21.519920349121094,0.6209605932235718,,32.264503479003906,0.0
2000,21.643177032470703,0.6311566829681396,,35.85600280761719,0.0
2500,21.625198364257812,0.6050561666488647,,41.67115020751953,0.0
2999,21.587310791015625,0.5877848267555237,,45.12660217285156,0.0
