epochs,full_psnr,ssim,lpips,train_psnr,test_psnr
0,9.265159606933594,0.3031007945537567,,9.361082077026367,0.0
500,23.795360565185547,0.6061117649078369,,28.437686920166016,0.0
1000,24.300323486328125,0.6391701698303223,,30.455848693847656,0.0
1500,24.573043823242188,0.6524277329444885,,33.47667694091797,0.0
2000,25.005157470703125,0.6611294746398926,,37.8055534362793,0.0
2500,24.927959442138672,0.6436708569526672,,42.63079071044922,0.0
2999,24.882335662841797,0.6357240676879883,,43.792606353759766,0.0
