Epoch,stable_rank_layer_0,effective_rank_layer_0,spectral_norm_layer_0,condition_number_layer_0,stable_rank_layer_1,effective_rank_layer_1,spectral_norm_layer_1,condition_number_layer_1,stable_rank_layer_2,effective_rank_layer_2,spectral_norm_layer_2,condition_number_layer_2,stable_rank_layer_3,effective_rank_layer_3,spectral_norm_layer_3,condition_number_layer_3,stable_rank_layer_4,effective_rank_layer_4,spectral_norm_layer_4,condition_number_layer_4,end_to_end_bound
0,1.8892008066177368,1.9965612888336182,7.316578388214111,1.060474157333374,77.88372802734375,182.5567169189453,1.1332588195800781,1087.8863525390625,76.54537963867188,182.21214294433594,1.1449553966522217,16553.01171875,75.45834350585938,181.28656005859375,1.1523698568344116,704.2734985351562,1.71743905544281,2.6333725452423096,0.8549273014068604,1.7252064943313599,1496465.691368289
500,1.907558560371399,1.9976519346237183,7.874385833740234,1.0496938228607178,76.71876525878906,182.13943481445312,1.1373370885849,2904.56640625,77.85091400146484,181.38323974609375,1.0920997858047485,3971.136962890625,51.405982971191406,161.501220703125,1.15040922164917,1367.62744140625,2.0302889347076416,2.7027511596679688,0.7309643626213074,1.8595151901245117,1315942.0216430158
1000,1.9110792875289917,1.9978355169296265,7.924983978271484,1.0476638078689575,75.93994140625,181.8707275390625,1.1470526456832886,642.62890625,77.3321304321289,181.18690490722656,1.0973156690597534,34982.7578125,52.44585037231445,160.712890625,1.2087785005569458,719.0255126953125,2.2557730674743652,2.749821424484253,0.796305775642395,1.7165910005569458,1536242.939550699
1500,1.9107029438018799,1.9978163242340088,7.92567777633667,1.0478801727294922,75.8086929321289,181.848876953125,1.1512812376022339,575.0165405273438,77.1619644165039,180.9951171875,1.1097338199615479,259.5949401855469,52.725669860839844,159.3678741455078,1.3215090036392212,5867.92919921875,2.1910288333892822,2.7711527347564697,0.9204543232917786,1.6858700513839722,1970738.547778762
1999,1.910693883895874,1.997815728187561,7.924941062927246,1.0478854179382324,75.70008087158203,181.85885620117188,1.153771162033081,639.8173217773438,76.5755844116211,180.87562561035156,1.119204044342041,554.0076904296875,52.821372985839844,158.94552612304688,1.356332540512085,15519.27734375,2.1299479007720947,2.76636004447937,0.9613133072853088,1.7036412954330444,2134892.9833767638
