epochs,full_psnr,ssim,lpips,train_psnr,test_psnr
0,5.983178615570068,0.01567581295967102,,6.103267669677734,0.0
500,19.15372085571289,0.5151493549346924,,23.312503814697266,0.0
1000,19.343305587768555,0.540642499923706,,22.953184127807617,0.0
1500,19.202592849731445,0.5475842952728271,,22.974388122558594,0.0
2000,20.34615707397461,0.5740326642990112,,23.966053009033203,0.0
2500,21.5250301361084,0.6190624237060547,,33.168148040771484,0.0
2999,21.53742790222168,0.5956299901008606,,39.050537109375,0.0
