Epoch,stable_rank_layer_0,effective_rank_layer_0,spectral_norm_layer_0,condition_number_layer_0,stable_rank_layer_1,effective_rank_layer_1,spectral_norm_layer_1,condition_number_layer_1,stable_rank_layer_2,effective_rank_layer_2,spectral_norm_layer_2,condition_number_layer_2,stable_rank_layer_3,effective_rank_layer_3,spectral_norm_layer_3,condition_number_layer_3,stable_rank_layer_4,effective_rank_layer_4,spectral_norm_layer_4,condition_number_layer_4,end_to_end_bound
0,1.8423250913619995,1.9926795959472656,5.235074043273926,1.0895825624465942,76.48595428466797,182.1423797607422,0.07020063698291779,2581.201904296875,77.40109252929688,182.4231414794922,0.0698205754160881,334.9194030761719,77.80323791503906,181.2583770751953,0.06911621987819672,1115.3175048828125,1.011890172958374,1.073778510093689,0.8993347883224487,16.441452026367188,inf
500,1.7679529190063477,1.982797622680664,7.619997024536133,1.141123652458191,83.8349609375,187.71578979492188,0.5879238247871399,673.5888061523438,67.12298583984375,196.97940063476562,0.80080246925354,1060.295654296875,74.69525909423828,192.98167419433594,0.9326205253601074,13339.5458984375,1.0003641843795776,1.0033156871795654,0.4290761649608612,254.9163055419922,inf
1000,1.8218775987625122,1.9904489517211914,9.019330978393555,1.103053092956543,78.77256774902344,184.87887573242188,0.7090950012207031,356.48193359375,72.8232650756836,191.4051971435547,0.8557479977607727,466.6273193359375,78.12271118164062,189.62718200683594,0.9820488095283508,4773.232421875,1.000294804573059,1.0027414560317993,0.43501681089401245,301.45135498046875,inf
1500,1.8448735475540161,1.9929338693618774,9.2813081741333,1.087937831878662,80.11687469482422,184.6682891845703,0.7258312702178955,799.85009765625,73.81321716308594,190.15806579589844,0.8710960745811462,1226.5167236328125,77.7917251586914,189.00656127929688,1.0033131837844849,12860.5498046875,1.000233769416809,1.0022166967391968,0.43651771545410156,429.84075927734375,inf
1999,1.84852933883667,1.9932892322540283,9.273246765136719,1.0855919122695923,80.09149169921875,184.6360626220703,0.7267752289772034,433.82720947265625,73.65294647216797,190.10214233398438,0.8731027841567993,3696.668701171875,77.86976623535156,188.95059204101562,1.0033562183380127,9732.052734375,1.0002140998840332,1.002031683921814,0.4350350797176361,904.9434814453125,inf
