epochs,full_psnr,ssim,lpips,train_psnr,test_psnr
0,6.354061126708984,0.10282274335622787,,6.40407657623291,0.0
500,12.222919464111328,0.3557467460632324,,12.42343521118164,0.0
1000,12.224613189697266,0.36209020018577576,,12.425676345825195,0.0
1500,12.226219177246094,0.3681906759738922,,12.427597999572754,0.0
1999,12.226935386657715,0.37048646807670593,,12.441910743713379,0.0
