epochs,full_psnr,ssim,lpips,train_psnr,test_psnr
0,10.23476505279541,0.28681811690330505,,10.491318702697754,0.0
500,15.839158058166504,0.3484567403793335,,16.851287841796875,0.0
1000,16.199020385742188,0.3532681465148926,,17.310352325439453,0.0
1500,16.64444351196289,0.36098209023475647,,17.89208221435547,0.0
2000,17.0471134185791,0.370638370513916,,18.434328079223633,0.0
2500,17.341712951660156,0.3797262907028198,,18.84914779663086,0.0
3000,17.551372528076172,0.38656163215637207,,19.14920997619629,0.0
3500,17.635156631469727,0.38994595408439636,,19.275205612182617,0.0
3999,17.649795532226562,0.3905079662799835,,19.296852111816406,0.0
