epochs,full_psnr,ssim,lpips,train_psnr,test_psnr
0,10.97623348236084,0.030434250831604004,,11.203608512878418,0.0
500,22.72409439086914,0.5183589458465576,,29.509403228759766,0.0
1000,23.2597713470459,0.548675537109375,,31.262248992919922,0.0
1500,23.33173942565918,0.5563234686851501,,32.03215789794922,0.0
2000,23.49738883972168,0.5656065940856934,,35.244327545166016,0.0
2500,23.66295623779297,0.5754016637802124,,38.318702697753906,0.0
3000,23.63783073425293,0.5702772736549377,,40.53886795043945,0.0
3500,23.60468101501465,0.5645790696144104,,41.323631286621094,0.0
3999,23.59593391418457,0.563201367855072,,41.43539810180664,0.0
