Epoch,stable_rank_layer_0,effective_rank_layer_0,spectral_norm_layer_0,condition_number_layer_0,stable_rank_layer_1,effective_rank_layer_1,spectral_norm_layer_1,condition_number_layer_1,stable_rank_layer_2,effective_rank_layer_2,spectral_norm_layer_2,condition_number_layer_2,stable_rank_layer_3,effective_rank_layer_3,spectral_norm_layer_3,condition_number_layer_3,stable_rank_layer_4,effective_rank_layer_4,spectral_norm_layer_4,condition_number_layer_4,end_to_end_bound
0,1.9067625999450684,1.9976093769073486,7.304179668426514,1.050154447555542,77.88064575195312,182.55410766601562,1.1332722902297974,955.3953247070312,76.52597045898438,182.20779418945312,1.1450912952423096,1111194.875,75.47557067871094,181.2869873046875,1.1523932218551636,779.3336181640625,1.719454288482666,2.616194725036621,0.7717801332473755,1.8593641519546509,1348838.9655725388
500,1.8785372972488403,1.9958208799362183,8.1005220413208,1.0668905973434448,77.2015380859375,181.70907592773438,1.1487178802490234,1419.6971435546875,73.32093048095703,179.99365234375,1.1359599828720093,1083.9853515625,53.8533935546875,158.4663543701172,1.1748976707458496,929.305419921875,1.6398582458496094,2.500147581100464,0.6163718700408936,2.175431728363037,1224763.5623411431
1000,1.875292181968689,1.9955793619155884,8.157279968261719,1.068866491317749,77.24320983886719,181.6047821044922,1.1521384716033936,756.2215576171875,70.70791625976562,178.6565704345703,1.161413550376892,37517.36328125,52.94084548950195,153.2397003173828,1.2813615798950195,3920.937255859375,1.5259977579116821,2.350466728210449,0.7299510836601257,2.517998456954956,1633512.1675422045
1500,1.8756728172302246,1.9956079721450806,8.15312385559082,1.0686341524124146,77.20315551757812,181.5504150390625,1.1548017263412476,7253.25830078125,69.02426147460938,178.17308044433594,1.1830099821090698,784.65966796875,51.92469024658203,150.1521453857422,1.3827183246612549,2096.507080078125,1.493593454360962,2.2989418506622314,0.7912276983261108,2.6594343185424805,1949732.6151334287
1999,1.8757450580596924,1.9956134557724,8.152583122253418,1.0685900449752808,77.22550201416016,181.52114868164062,1.1558409929275513,899.3303833007812,68.80658721923828,178.00662231445312,1.1880441904067993,1244.425537109375,51.552547454833984,149.34226989746094,1.4146034717559814,1043.944580078125,1.4827861785888672,2.2816221714019775,0.8079875707626343,2.7070438861846924,2047318.004968033
