epochs,full_psnr,ssim,lpips,train_psnr,test_psnr
0,10.234748840332031,0.28681787848472595,,10.491302490234375,0.0
500,15.85600757598877,0.34968844056129456,,16.871816635131836,0.0
1000,15.731853485107422,0.3483707904815674,,16.715415954589844,0.0
1500,16.067089080810547,0.3525272309780121,,17.14017677307129,0.0
2000,16.423933029174805,0.3571886122226715,,17.60418701171875,0.0
2500,16.71556854248047,0.3615684509277344,,17.992530822753906,0.0
3000,16.911596298217773,0.365360826253891,,18.257078170776367,0.0
3500,17.000219345092773,0.36698219180107117,,18.380447387695312,0.0
3999,17.015901565551758,0.3672647774219513,,18.4022216796875,0.0
