epochs,full_psnr,ssim,lpips,train_psnr,test_psnr
0,3.06915283203125,-0.17237775027751923,,3.0812315940856934,0.0
500,26.66954231262207,0.7276404500007629,,32.986122131347656,0.0
1000,27.30831527709961,0.749254047870636,,38.60716247558594,0.0
1500,27.252023696899414,0.7408480644226074,,41.06752014160156,0.0
1999,27.232343673706055,0.7389081120491028,,41.29045867919922,0.0
