epochs,full_psnr,ssim,lpips,train_psnr,test_psnr
0,14.001588821411133,0.6017622351646423,,14.124096870422363,0.0
500,17.963788986206055,0.6723878979682922,,18.27667236328125,0.0
1000,19.678163528442383,0.7021596431732178,,20.165992736816406,0.0
1500,20.729999542236328,0.7148037552833557,,21.34621810913086,0.0
2000,21.824031829833984,0.7369440197944641,,22.671110153198242,0.0
2500,22.690288543701172,0.747042179107666,,23.737213134765625,0.0
3000,23.302640914916992,0.7563822865486145,,24.539535522460938,0.0
3500,23.58472442626953,0.7579808235168457,,24.921438217163086,0.0
3999,23.637298583984375,0.7585890889167786,,24.9942626953125,0.0
