epochs,full_psnr,ssim,lpips,train_psnr,test_psnr
0,6.756554126739502,0.015894075855612755,,6.807634353637695,0.0
500,21.983110427856445,0.5308419466018677,,25.65049934387207,0.0
1000,24.07754898071289,0.6120660305023193,,26.7502498626709,0.0
1500,23.603361129760742,0.5990595817565918,,30.18514633178711,0.0
2000,24.348876953125,0.5959604382514954,,35.182682037353516,0.0
2500,24.20883560180664,0.5628107190132141,,37.594017028808594,0.0
2999,24.117755889892578,0.5526518821716309,,37.88994216918945,0.0
