epochs,full_psnr,ssim,lpips,train_psnr,test_psnr
0,6.757224082946777,0.015937194228172302,,6.807490348815918,0.0
500,21.15915298461914,0.5122702121734619,,24.409578323364258,0.0
1000,23.47956085205078,0.5916053652763367,,26.70513343811035,0.0
1500,23.134906768798828,0.5855173468589783,,28.79080581665039,0.0
2000,24.75320816040039,0.6348190903663635,,30.840965270996094,0.0
2500,24.838489532470703,0.6274353861808777,,35.320335388183594,0.0
3000,24.567054748535156,0.6016961932182312,,38.03891372680664,0.0
3500,24.365570068359375,0.5784308910369873,,39.027381896972656,0.0
3999,24.319250106811523,0.5730807185173035,,39.17599868774414,0.0
