Epoch,stable_rank_layer_0,effective_rank_layer_0,spectral_norm_layer_0,condition_number_layer_0,stable_rank_layer_1,effective_rank_layer_1,spectral_norm_layer_1,condition_number_layer_1,stable_rank_layer_2,effective_rank_layer_2,spectral_norm_layer_2,condition_number_layer_2,stable_rank_layer_3,effective_rank_layer_3,spectral_norm_layer_3,condition_number_layer_3,stable_rank_layer_4,effective_rank_layer_4,spectral_norm_layer_4,condition_number_layer_4,end_to_end_bound
0,1.8407071828842163,1.9925158023834229,5.222754955291748,1.0906304121017456,76.65625,182.0916748046875,0.07018540054559708,4604.36181640625,77.4134521484375,182.421142578125,0.06982995569705963,468.4137268066406,77.58624267578125,181.45053100585938,0.06915642321109772,13644.9853515625,1.0091121196746826,1.0572915077209473,0.9006527066230774,24.89533042907715,inf
500,1.804071307182312,1.9882166385650635,7.525127410888672,1.1151998043060303,93.86042022705078,199.6731719970703,0.634958803653717,177.46946716308594,102.30429077148438,218.4894561767578,0.7382255792617798,356.96124267578125,98.56592559814453,218.10870361328125,0.9778070449829102,4435.88134765625,1.0044574737548828,1.028916835784912,0.4390840530395508,459.7785339355469,inf
1000,1.9566612243652344,1.9995094537734985,8.729501724243164,1.0224002599716187,84.65052032470703,191.32379150390625,0.7753202319145203,4935.90576171875,91.7787857055664,203.9054718017578,0.867769718170166,1261.965576171875,96.27129364013672,208.3240203857422,1.0593204498291016,16010.904296875,1.0003156661987305,1.0028897523880005,0.42728567123413086,445.36956787109375,inf
1500,1.9040906429290771,1.997463345527649,9.343986511230469,1.0517051219940186,84.12198638916016,190.42965698242188,0.7981804013252258,362.24334716796875,91.80348205566406,201.94374084472656,0.886634886264801,838.4527587890625,96.17638397216797,206.3695526123047,1.0777244567871094,19068.72265625,1.0000077486038208,1.0001031160354614,0.4213845729827881,820.8397827148438,inf
1999,1.9033262729644775,1.9974206686019897,9.392221450805664,1.052150011062622,84.06867980957031,190.29994201660156,0.7991511225700378,531.6921997070312,91.62882995605469,201.85218811035156,0.8885244131088257,1564.128173828125,96.43074798583984,206.31947326660156,1.0769575834274292,22149.896484375,1.0000015497207642,1.0000243186950684,0.4197518229484558,1840.109130859375,inf
