epochs,full_psnr,ssim,lpips,train_psnr,test_psnr
0,9.417213439941406,0.21811257302761078,,9.455680847167969,0.0
500,14.809578895568848,0.5743531584739685,,14.957219123840332,0.0
1000,14.81580638885498,0.5997347235679626,,14.963920593261719,0.0
1500,14.819604873657227,0.615662157535553,,14.968189239501953,0.0
1999,14.820333480834961,0.6187617182731628,,14.980393409729004,0.0
