epochs,full_psnr,ssim,lpips,train_psnr,test_psnr
0,5.982858657836914,0.01566304825246334,,6.102018356323242,0.0
500,19.39407730102539,0.541566789150238,,22.506149291992188,0.0
1000,19.55278968811035,0.5493351817131042,,25.20401382446289,0.0
1500,21.489551544189453,0.5992019772529602,,30.30144500732422,0.0
2000,21.421550750732422,0.5836543440818787,,36.675655364990234,0.0
2500,21.329843521118164,0.560231626033783,,38.95536804199219,0.0
2999,21.294591903686523,0.5534036159515381,,39.248634338378906,0.0
