epochs,full_psnr,ssim,lpips,train_psnr,test_psnr
0,10.599458694458008,0.30678603053092957,,10.8823881149292,0.0
500,16.13962173461914,0.361160010099411,,17.259389877319336,0.0
1000,17.309825897216797,0.37054678797721863,,18.856718063354492,0.0
1500,18.060222625732422,0.3803426921367645,,19.966184616088867,0.0
2000,18.546220779418945,0.38983532786369324,,20.749401092529297,0.0
2500,18.77061653137207,0.39556220173835754,,21.13043975830078,0.0
2999,18.81044578552246,0.396683007478714,,21.2012882232666,0.0
