Epoch,stable_rank_layer_0,effective_rank_layer_0,spectral_norm_layer_0,condition_number_layer_0,stable_rank_layer_1,effective_rank_layer_1,spectral_norm_layer_1,condition_number_layer_1,stable_rank_layer_2,effective_rank_layer_2,spectral_norm_layer_2,condition_number_layer_2,stable_rank_layer_3,effective_rank_layer_3,spectral_norm_layer_3,condition_number_layer_3,stable_rank_layer_4,effective_rank_layer_4,spectral_norm_layer_4,condition_number_layer_4,end_to_end_bound
0,1.8571640253067017,1.99408757686615,5.176130771636963,1.0801101922988892,76.54150390625,182.15237426757812,0.07015213370323181,568.3365478515625,77.33612060546875,182.446533203125,0.06980808824300766,275.4407653808594,77.67853546142578,181.46939086914062,0.06921260058879852,4184.72216796875,1.0031960010528564,1.0239851474761963,0.9033966064453125,25.514678955078125,inf
500,1.8653538227081299,1.9947919845581055,6.97957706451416,1.0749868154525757,74.81769561767578,177.97488403320312,0.5789543986320496,265.93475341796875,51.758270263671875,178.88340759277344,0.8466418981552124,1628.7496337890625,55.76369857788086,164.39059448242188,0.9980281591415405,2630.35107421875,1.0001174211502075,1.0011900663375854,0.19049876928329468,745.2501831054688,inf
1000,1.7671217918395996,1.9826580286026,9.275250434875488,1.1417416334152222,75.60371398925781,180.79931640625,0.7734748125076294,1845.616455078125,62.32691955566406,179.84695434570312,0.9641869068145752,688.2219848632812,63.95443344116211,173.13296508789062,1.1070843935012817,1871.873046875,1.000164270401001,1.001611590385437,0.18537521362304688,575.7140502929688,inf
1500,1.7037856578826904,1.9698493480682373,19.034570693969727,1.1920098066329956,77.55423736572266,182.08880615234375,0.9364281892776489,845.7745361328125,71.49655151367188,181.42076110839844,1.0627177953720093,1265.0047607421875,70.16243743896484,176.7657012939453,1.2158161401748657,122808.734375,1.0001435279846191,1.0014286041259766,0.17836865782737732,575.205810546875,inf
1999,1.7160760164260864,1.9726883172988892,20.536510467529297,1.181735873222351,77.076904296875,182.12918090820312,0.9797414541244507,3760.867919921875,72.65001678466797,181.4176483154297,1.093779444694519,851.910400390625,71.2092056274414,176.96719360351562,1.247273564338684,7732.91796875,1.0000511407852173,1.0005600452423096,0.17447425425052643,1089.8994140625,inf
