epochs,full_psnr,ssim,lpips,train_psnr,test_psnr
0,9.329324722290039,0.1825784593820572,,9.489152908325195,0.0
500,14.729701042175293,0.3748070299625397,,15.30834674835205,0.0
1000,14.729598999023438,0.3747464716434479,,15.30788803100586,0.0
1500,14.729536056518555,0.374747633934021,,15.308178901672363,0.0
1999,14.731212615966797,0.3785090446472168,,15.309590339660645,0.0
