epochs,full_psnr,ssim,lpips,train_psnr,test_psnr
0,5.987829208374023,0.014076215215027332,,6.081929683685303,0.0
500,18.802398681640625,0.4702640473842621,,21.42125129699707,0.0
1000,19.575746536254883,0.5124581456184387,,21.63951873779297,0.0
1500,18.76146697998047,0.48401662707328796,,21.996564865112305,0.0
2000,19.891983032226562,0.552288830280304,,23.25895118713379,0.0
2500,20.22993278503418,0.5877559781074524,,26.437397003173828,0.0
2999,21.819679260253906,0.6061573624610901,,38.44721984863281,0.0
