epochs,full_psnr,ssim,lpips,train_psnr,test_psnr
0,6.873763084411621,0.29124900698661804,,6.989993095397949,0.0
500,21.10123062133789,0.6221742033958435,,26.679468154907227,0.0
1000,20.51506996154785,0.5952154994010925,,24.349882125854492,0.0
1500,21.124549865722656,0.6246159672737122,,26.78240203857422,0.0
1999,22.42089080810547,0.6816007494926453,,38.818016052246094,0.0
