epochs,full_psnr,ssim,lpips,train_psnr,test_psnr
0,10.582746505737305,0.3064885139465332,,10.864553451538086,0.0
500,16.009084701538086,0.3600696325302124,,17.07943344116211,0.0
1000,17.005287170410156,0.36732152104377747,,18.436635971069336,0.0
1500,17.60818099975586,0.3751355707645416,,19.245044708251953,0.0
2000,17.944265365600586,0.38019120693206787,,19.834003448486328,0.0
2500,18.65553092956543,0.3929886817932129,,20.90743064880371,0.0
2999,19.003862380981445,0.40188726782798767,,21.552345275878906,0.0
