Epoch,stable_rank_layer_0,effective_rank_layer_0,spectral_norm_layer_0,condition_number_layer_0,stable_rank_layer_1,effective_rank_layer_1,spectral_norm_layer_1,condition_number_layer_1,stable_rank_layer_2,effective_rank_layer_2,spectral_norm_layer_2,condition_number_layer_2,stable_rank_layer_3,effective_rank_layer_3,spectral_norm_layer_3,condition_number_layer_3,stable_rank_layer_4,effective_rank_layer_4,spectral_norm_layer_4,condition_number_layer_4,end_to_end_bound
0,1.882995843887329,1.9961402416229248,7.336071491241455,1.064193606376648,77.8885269165039,182.5537567138672,1.1332093477249146,1085.11328125,76.52333068847656,182.20997619628906,1.1451460123062134,7728.83447265625,75.47364044189453,181.28292846679688,1.1518621444702148,618.8187866210938,1.8438235521316528,2.732632875442505,0.915947675704956,1.606065273284912,10.043977678636383
500,1.8581268787384033,1.9941729307174683,16.733448028564453,1.0795040130615234,55.14708709716797,164.04443359375,1.5906485319137573,428.21905517578125,54.744266510009766,164.49002075195312,1.575196385383606,1104.3819580078125,53.72523498535156,171.61721801757812,1.4740736484527588,591.4190673828125,1.0846171379089355,1.3580076694488525,8.913836479187012,9.066466331481934,550.9069104635373
1000,1.8618146181106567,1.9944936037063599,19.25334930419922,1.0771918296813965,35.840877532958984,133.3384246826172,2.487661361694336,1050.2939453125,39.003211975097656,136.0759735107422,2.3269143104553223,3481.165283203125,35.489601135253906,145.29019165039062,2.0789263248443604,1436.89208984375,1.0518163442611694,1.2492663860321045,10.840415954589844,9.27846908569336,2511.672361972958
1500,1.8756704330444336,1.995607852935791,20.501079559326172,1.0686357021331787,29.07678985595703,119.7396011352539,3.1971893310546875,3570.9921875,35.667293548583984,123.33712005615234,2.8717851638793945,1391.8070068359375,30.236848831176758,127.19923400878906,2.5203073024749756,864.60302734375,1.0462971925735474,1.2277039289474487,12.156347274780273,9.665355682373047,5767.048843450419
1999,1.8817106485366821,1.9960495233535767,21.05328369140625,1.0649689435958862,28.117490768432617,114.77118682861328,3.4942820072174072,1858.703125,34.443214416503906,118.48484802246094,3.2095577716827393,17955.72265625,28.07259178161621,116.8833236694336,2.8438501358032227,1817.103759765625,1.0424121618270874,1.2116035223007202,13.513195991516113,10.177220344543457,9073.770151869412
