epochs,full_psnr,ssim,lpips,train_psnr,test_psnr
0,10.582746505737305,0.3064885139465332,,10.864553451538086,0.0
500,16.009084701538086,0.3600696325302124,,17.07943344116211,0.0
1000,17.005287170410156,0.36732152104377747,,18.436635971069336,0.0
1500,17.857276916503906,0.37714385986328125,,19.651464462280273,0.0
1999,18.42645835876465,0.38638386130332947,,20.547836303710938,0.0
