epochs,full_psnr,ssim,lpips,train_psnr,test_psnr
0,9.200332641601562,0.02132348157465458,,9.409581184387207,0.0
500,20.293861389160156,0.3835948407649994,,25.41448402404785,0.0
1000,20.810176849365234,0.4147677421569824,,25.691225051879883,0.0
1500,20.336387634277344,0.3886054456233978,,25.43383026123047,0.0
2000,20.607643127441406,0.4121450185775757,,25.62104034423828,0.0
2500,20.73046112060547,0.4114762246608734,,26.32768440246582,0.0
3000,20.862314224243164,0.434219628572464,,27.2409610748291,0.0
3500,21.620891571044922,0.47718510031700134,,32.24428176879883,0.0
3999,21.68362045288086,0.47253021597862244,,36.69298553466797,0.0
