Epoch,stable_rank_layer_0,effective_rank_layer_0,spectral_norm_layer_0,condition_number_layer_0,stable_rank_layer_1,effective_rank_layer_1,spectral_norm_layer_1,condition_number_layer_1,stable_rank_layer_2,effective_rank_layer_2,spectral_norm_layer_2,condition_number_layer_2,stable_rank_layer_3,effective_rank_layer_3,spectral_norm_layer_3,condition_number_layer_3,stable_rank_layer_4,effective_rank_layer_4,spectral_norm_layer_4,condition_number_layer_4,end_to_end_bound
0,1.8628885746002197,1.9945852756500244,5.186348915100098,1.076521396636963,76.42512512207031,182.20693969726562,0.07018499821424484,705.8131713867188,77.18097686767578,182.4244384765625,0.0697961300611496,273.3501892089844,77.74758911132812,181.70005798339844,0.06916273385286331,1183.89501953125,1.0057600736618042,1.039466142654419,0.9020448923110962,24.62012481689453,inf
500,1.8784140348434448,1.9958118200302124,6.515047550201416,1.0669654607772827,44.08932876586914,153.80653381347656,0.4046901762485504,867.3790893554688,29.18357276916504,149.40003967285156,0.8049403429031372,3190.031005859375,31.52703857421875,127.4676742553711,0.9532403945922852,25240.453125,1.0815316438674927,1.3140869140625,0.4626156985759735,28.84151268005371,inf
1000,1.8782529830932617,1.9958000183105469,6.514991760253906,1.067063331604004,43.6551399230957,155.0313262939453,0.4079914093017578,944.5895385742188,33.66884231567383,156.7437286376953,0.8152140974998474,1937.4364013671875,37.000022888183594,141.6657257080078,0.9630759358406067,37290.546875,1.144989252090454,1.4764753580093384,0.4794468283653259,21.62456703186035,inf
1500,1.87827467918396,1.995801568031311,6.514840602874756,1.0670500993728638,43.09994125366211,155.0892333984375,0.41064783930778503,54004.015625,34.06991195678711,157.05645751953125,0.7937495112419128,7443.7763671875,38.29222106933594,145.35865783691406,0.9769343733787537,22407.98828125,1.1741490364074707,1.5428012609481812,0.502809464931488,17.49723243713379,inf
1999,1.878291368484497,1.9958027601242065,6.514873504638672,1.067039966583252,43.07169723510742,155.09661865234375,0.4108240306377411,1985.358154296875,34.308006286621094,157.21694946289062,0.7936930060386658,988.7352905273438,38.38999557495117,145.65965270996094,0.976806104183197,6748.0546875,1.1782482862472534,1.5666258335113525,0.5106515288352966,12.296652793884277,inf
