epochs,full_psnr,ssim,lpips,train_psnr,test_psnr
0,8.276649475097656,0.08442395180463791,,8.452445030212402,0.0
500,18.138139724731445,0.26780447363853455,,20.954181671142578,0.0
1000,19.502864837646484,0.310181587934494,,24.75558853149414,0.0
1500,19.5416316986084,0.28719401359558105,,30.15517234802246,0.0
1999,19.059829711914062,0.24979984760284424,,37.022132873535156,0.0
