epochs,full_psnr,ssim,lpips,train_psnr,test_psnr
0,11.208623886108398,0.02852509915828705,,11.31919002532959,0.0
500,23.690357208251953,0.5142652988433838,,26.44731903076172,0.0
1000,23.45087242126465,0.5069257616996765,,26.456851959228516,0.0
1500,23.576745986938477,0.520298421382904,,26.303518295288086,0.0
2000,23.293598175048828,0.5093250274658203,,26.456741333007812,0.0
2500,24.053089141845703,0.5518186092376709,,27.511415481567383,0.0
3000,25.336381912231445,0.6131951808929443,,28.717634201049805,0.0
3500,25.805604934692383,0.6416669487953186,,32.72813034057617,0.0
3999,25.760879516601562,0.6309707760810852,,35.93620681762695,0.0
