epochs,full_psnr,ssim,lpips,train_psnr,test_psnr
0,7.678800582885742,0.19618256390094757,,7.856433868408203,0.0
500,19.54879379272461,0.4539353549480438,,23.813936233520508,0.0
1000,19.64529037475586,0.46980223059654236,,23.783432006835938,0.0
1500,18.933134078979492,0.44653186202049255,,22.210275650024414,0.0
2000,10.424638748168945,0.3511632978916168,,10.763134956359863,0.0
2500,10.424142837524414,0.3471473753452301,,10.762531280517578,0.0
3000,10.425621032714844,0.3571864664554596,,10.764013290405273,0.0
3500,10.427377700805664,0.3668152391910553,,10.766233444213867,0.0
3999,10.429030418395996,0.37716832756996155,,10.767536163330078,0.0
