epochs,full_psnr,ssim,lpips,train_psnr,test_psnr
0,4.36135196685791,0.16086429357528687,,4.386353015899658,0.0
500,24.00507926940918,0.5555930733680725,,27.266056060791016,0.0
1000,24.582801818847656,0.5891950726509094,,28.533607482910156,0.0
1500,24.998510360717773,0.6070116758346558,,29.660858154296875,0.0
2000,25.32386016845703,0.6234862208366394,,31.17793846130371,0.0
2500,25.613330841064453,0.6311004757881165,,33.359474182128906,0.0
3000,25.652565002441406,0.6207937598228455,,35.51786804199219,0.0
3500,25.527170181274414,0.6004223823547363,,40.670196533203125,0.0
3999,25.378021240234375,0.5839262008666992,,43.92051315307617,0.0
