Epoch,stable_rank_layer_0,effective_rank_layer_0,spectral_norm_layer_0,condition_number_layer_0,stable_rank_layer_1,effective_rank_layer_1,spectral_norm_layer_1,condition_number_layer_1,stable_rank_layer_2,effective_rank_layer_2,spectral_norm_layer_2,condition_number_layer_2,stable_rank_layer_3,effective_rank_layer_3,spectral_norm_layer_3,condition_number_layer_3,stable_rank_layer_4,effective_rank_layer_4,spectral_norm_layer_4,condition_number_layer_4,end_to_end_bound
0,1.8625924587249756,1.9945602416992188,5.195930004119873,1.0767061710357666,76.57862091064453,182.30096435546875,0.07021664083003998,534.3204345703125,77.56598663330078,182.5312042236328,0.06972480565309525,531.5606079101562,77.74115753173828,181.66757202148438,0.06915724277496338,895.0088500976562,1.0032005310058594,1.0240147113800049,0.9032908082008362,25.521854400634766,4068.1399006501206
500,1.9251946210861206,1.9984904527664185,6.2467570304870605,1.0396411418914795,85.12684631347656,198.50172424316406,0.345084547996521,481.60076904296875,57.11574935913086,174.00804138183594,0.6186361908912659,1221.1151123046875,93.325927734375,199.62109375,0.7887263894081116,27155.982421875,1.0724679231643677,1.2816740274429321,0.6454514265060425,89.548095703125,1737982.313616608
1000,1.9254364967346191,1.9985005855560303,6.248247146606445,1.0395052433013916,84.54086303710938,196.9226837158203,0.3388371169567108,399.6429138183594,59.74092483520508,173.14608764648438,0.5885557532310486,793.6646728515625,93.52204895019531,199.5811309814453,0.7881719470024109,97524.84375,1.0656708478927612,1.261785864830017,0.6756272315979004,76.46416473388672,1698653.7843239268
1500,1.925449252128601,1.9985010623931885,6.248363494873047,1.0394980907440186,84.5217514038086,196.62094116210938,0.33845487236976624,234.5409698486328,59.483036041259766,173.03880310058594,0.5929633378982544,1007.706787109375,93.6537094116211,199.55905151367188,0.7873724102973938,34962.1328125,1.0676969289779663,1.2679722309112549,0.6853809952735901,73.92916107177734,1732395.7732006195
1999,1.9254592657089233,1.9985014200210571,6.248420715332031,1.0394924879074097,84.50586700439453,196.59535217285156,0.3385114371776581,258.0870056152344,59.45632553100586,173.03805541992188,0.5932939052581787,1153.19970703125,93.73738861083984,199.6333770751953,0.7886462807655334,18064.587890625,1.0705478191375732,1.2768474817276,0.6878716349601746,64.61872100830078,1742782.2308131966
