epochs,full_psnr,ssim,lpips,train_psnr,test_psnr
0,4.341768741607666,0.30151796340942383,,4.421477794647217,0.0
500,18.764665603637695,0.3536370098590851,,22.235918045043945,0.0
1000,19.867755889892578,0.3942467272281647,,26.790687561035156,0.0
1500,19.869213104248047,0.3602619469165802,,32.854496002197266,0.0
1999,19.680221557617188,0.33535969257354736,,38.3829231262207,0.0
