Epoch,stable_rank_layer_0,effective_rank_layer_0,spectral_norm_layer_0,condition_number_layer_0,stable_rank_layer_1,effective_rank_layer_1,spectral_norm_layer_1,condition_number_layer_1,stable_rank_layer_2,effective_rank_layer_2,spectral_norm_layer_2,condition_number_layer_2,stable_rank_layer_3,effective_rank_layer_3,spectral_norm_layer_3,condition_number_layer_3,stable_rank_layer_4,effective_rank_layer_4,spectral_norm_layer_4,condition_number_layer_4,end_to_end_bound
0,1.8618746995925903,1.9944988489151,5.199634075164795,1.077154278755188,76.55160522460938,182.32669067382812,0.07015886157751083,280.77435302734375,77.67973327636719,182.57298278808594,0.06957483291625977,440.9970397949219,77.93925476074219,181.73532104492188,0.06907164305448532,5122.67529296875,1.0032005310058594,1.0240147113800049,0.9032909274101257,25.52186393737793,4053.9173218323954
500,1.892325758934021,1.9967632293701172,6.23935604095459,1.0586154460906982,33.50312042236328,151.39974975585938,0.3256896138191223,2172.79443359375,13.683908462524414,142.6236572265625,0.5009623765945435,1986.1590576171875,13.060916900634766,90.5908203125,0.7718172073364258,15095.712890625,1.301798939704895,1.9563490152359009,0.23008549213409424,3.662585496902466,462799.0364778775
1000,1.8901947736740112,1.9966261386871338,6.249150276184082,1.0598819255828857,39.54078674316406,149.984130859375,0.3401983380317688,2876.83544921875,26.52021598815918,157.77561950683594,0.3553500771522522,746.8048706054688,22.047269821166992,127.78296661376953,0.7633934020996094,4707.734375,1.3240665197372437,2.0251455307006836,0.22228945791721344,3.2165138721466064,328183.54683299153
1500,1.8887187242507935,1.996529459953308,6.255847930908203,1.0607616901397705,46.313385009765625,142.3061981201172,0.38121291995048523,1369.6734619140625,33.291683197021484,157.55279541015625,0.3298815190792084,8476.4658203125,37.358375549316406,144.92845153808594,0.8178892731666565,18668.400390625,1.2878166437149048,1.9596002101898193,0.22025613486766815,3.2536332607269287,362805.842062579
1999,1.8887661695480347,1.996532678604126,6.25626277923584,1.0607333183288574,47.290382385253906,139.65933227539062,0.3940596878528595,685.9910278320312,33.164794921875,156.4901885986328,0.33670857548713684,1167.828857421875,39.289024353027344,146.43405151367188,0.8402087092399597,1115626.5,1.29555082321167,1.974690318107605,0.22245092689990997,3.2398037910461426,397184.7197590055
