epochs,full_psnr,ssim,lpips,train_psnr,test_psnr
0,6.770384788513184,0.4162696301937103,,6.794476509094238,0.0
500,26.78458023071289,0.776692807674408,,30.008928298950195,0.0
1000,26.830055236816406,0.7992345690727234,,30.252071380615234,0.0
1500,28.002405166625977,0.835316002368927,,34.117549896240234,0.0
1999,29.66484832763672,0.8643210530281067,,47.23138427734375,0.0
