Epoch,stable_rank_layer_0,effective_rank_layer_0,spectral_norm_layer_0,condition_number_layer_0,stable_rank_layer_1,effective_rank_layer_1,spectral_norm_layer_1,condition_number_layer_1,stable_rank_layer_2,effective_rank_layer_2,spectral_norm_layer_2,condition_number_layer_2,stable_rank_layer_3,effective_rank_layer_3,spectral_norm_layer_3,condition_number_layer_3,stable_rank_layer_4,effective_rank_layer_4,spectral_norm_layer_4,condition_number_layer_4,end_to_end_bound
0,1.89066481590271,1.9966566562652588,7.295135974884033,1.05960214138031,77.90495300292969,182.55697631835938,1.133101463317871,1010.3243408203125,76.52079772949219,182.2098846435547,1.1451356410980225,8584.1982421875,75.46026611328125,181.28933715820312,1.15245521068573,668.114990234375,1.7423408031463623,2.6547062397003174,0.7575603723526001,1.7055134773254395,1322270.8101363122
500,1.9806904792785645,1.9999048709869385,7.7411088943481445,1.0097969770431519,79.05731964111328,182.4033966064453,1.144845962524414,4539.4326171875,74.47769165039062,180.8696746826172,1.1488717794418335,967.6580810546875,69.13420867919922,174.92340087890625,1.1756113767623901,701.3251953125,1.3400752544403076,1.935381293296814,0.7341680526733398,4.919936180114746,1406050.8925366688
1000,1.9793310165405273,1.9998910427093506,7.828880310058594,1.0104974508285522,77.6768798828125,181.8560791015625,1.1610102653503418,5879.4267578125,74.64054870605469,180.7882843017578,1.1608121395111084,1307.2723388671875,67.03437805175781,172.69778442382812,1.335503339767456,1149.5733642578125,1.2373361587524414,1.7437975406646729,1.029125452041626,6.1361870765686035,2320229.448860612
1500,1.9793862104415894,1.9998915195465088,7.833171367645264,1.0104690790176392,77.07547760009766,181.82418823242188,1.1724086999893188,1308.7923583984375,74.04487609863281,180.65066528320312,1.185333251953125,1651.8055419921875,67.39141845703125,171.1558074951172,1.47878897190094,454.0091857910156,1.1787912845611572,1.6044570207595825,1.3628426790237427,7.724645614624023,3510177.1873520548
1999,1.9794511795043945,1.9998923540115356,7.8322954177856445,1.0104354619979858,77.01597595214844,181.78273010253906,1.1757465600967407,589.4825439453125,74.0502700805664,180.65505981445312,1.1930087804794312,20795.140625,67.25149536132812,170.8661651611328,1.5177556276321411,385.77630615234375,1.1705557107925415,1.5824469327926636,1.4393393993377686,8.110751152038574,3840002.125382184
