epochs,full_psnr,ssim,lpips,train_psnr,test_psnr
0,9.200697898864746,0.021255267783999443,,9.410354614257812,0.0
500,20.912975311279297,0.41392362117767334,,26.198200225830078,0.0
1000,21.303619384765625,0.45110782980918884,,29.95891571044922,0.0
1500,21.671430587768555,0.4681991636753082,,35.16802978515625,0.0
1999,21.582944869995117,0.4590589106082916,,36.00968551635742,0.0
