epochs,full_psnr,ssim,lpips,train_psnr,test_psnr
0,3.4138946533203125,-0.11974102258682251,,3.479294538497925,0.0
500,20.746442794799805,0.5325414538383484,,28.560665130615234,0.0
1000,21.00762367248535,0.5494904518127441,,31.92551040649414,0.0
1500,21.04489517211914,0.541206419467926,,36.5593376159668,0.0
1999,21.01282501220703,0.5368611812591553,,36.870880126953125,0.0
