Epoch,stable_rank_layer_0,effective_rank_layer_0,spectral_norm_layer_0,condition_number_layer_0,stable_rank_layer_1,effective_rank_layer_1,spectral_norm_layer_1,condition_number_layer_1,stable_rank_layer_2,effective_rank_layer_2,spectral_norm_layer_2,condition_number_layer_2,stable_rank_layer_3,effective_rank_layer_3,spectral_norm_layer_3,condition_number_layer_3,stable_rank_layer_4,effective_rank_layer_4,spectral_norm_layer_4,condition_number_layer_4,end_to_end_bound
0,1.89066481590271,1.9966566562652588,7.295135974884033,1.05960214138031,77.89240264892578,182.55392456054688,1.1332114934921265,982.8558959960938,76.52838134765625,182.20779418945312,1.145063877105713,27065.857421875,75.46043395996094,181.28871154785156,1.1525670289993286,756.8901977539062,1.7423408031463623,2.6547062397003174,0.7575603723526001,1.7055134773254395,1322444.63610395
500,1.9567979574203491,1.9995126724243164,7.745448589324951,1.0223270654678345,76.75640106201172,182.3024444580078,1.171705961227417,507.42578125,77.55790710449219,180.83346557617188,1.1414763927459717,1232.390869140625,66.91557312011719,173.22984313964844,1.2171807289123535,548.15380859375,1.4340612888336182,2.104109287261963,0.7200482487678528,3.849658250808716,1452676.1224486332
1000,1.9540343284606934,1.9994467496871948,7.8431549072265625,1.0238068103790283,76.40380859375,181.92095947265625,1.1799628734588623,612.1157836914062,77.4790267944336,180.2964630126953,1.160175085067749,3491.404296875,65.21407318115234,169.666259765625,1.3904114961624146,13667.435546875,1.3135919570922852,1.9078260660171509,1.0162216424942017,4.785277843475342,2427361.40639413
1500,1.9530091285705566,1.999421238899231,7.84728479385376,1.0243573188781738,76.21514892578125,181.77415466308594,1.186149001121521,413.11138916015625,77.70909118652344,179.8480682373047,1.17833411693573,1276.9755859375,65.29389953613281,168.80934143066406,1.5387203693389893,49708.90234375,1.2402015924453735,1.7534273862838745,1.3239901065826416,5.954845905303955,3575127.539544391
1999,1.952944278717041,1.9994195699691772,7.847095489501953,1.0243921279907227,76.11695861816406,181.74356079101562,1.1892473697662354,532.51416015625,78.06969451904297,179.75144958496094,1.182541012763977,2050.421142578125,65.47764587402344,168.81045532226562,1.5715152025222778,3222.370849609375,1.2275508642196655,1.7242192029953003,1.4008212089538574,6.240016937255859,3887036.570944816
