Epoch,stable_rank_layer_0,effective_rank_layer_0,spectral_norm_layer_0,condition_number_layer_0,stable_rank_layer_1,effective_rank_layer_1,spectral_norm_layer_1,condition_number_layer_1,stable_rank_layer_2,effective_rank_layer_2,spectral_norm_layer_2,condition_number_layer_2,stable_rank_layer_3,effective_rank_layer_3,spectral_norm_layer_3,condition_number_layer_3,stable_rank_layer_4,effective_rank_layer_4,spectral_norm_layer_4,condition_number_layer_4,end_to_end_bound
0,1.8423250913619995,1.9926795959472656,5.235074043273926,1.0895825624465942,76.52470397949219,182.12379455566406,0.07017678767442703,1962.0499267578125,77.45137023925781,182.45419311523438,0.06980232149362564,297.1983642578125,77.65900421142578,181.48219299316406,0.06915847212076187,4807.30517578125,1.011890172958374,1.073778510093689,0.8993347883224487,16.441452026367188,inf
500,1.7712602615356445,1.9833459854125977,7.817977428436279,1.1386743783950806,88.44873809814453,192.3029327392578,0.5698264241218567,7618.48974609375,83.28141021728516,193.08824157714844,0.692145824432373,564.2800903320312,84.96175384521484,195.78305053710938,0.9628888368606567,12704.1298828125,1.000898838043213,1.007288932800293,0.5277305841445923,285.53656005859375,inf
1000,1.8083288669586182,1.9887758493423462,14.399138450622559,1.112259030342102,82.66426849365234,185.97525024414062,0.7529353499412537,1033.9407958984375,81.93978118896484,186.88528442382812,0.8450259566307068,485.9471435546875,85.6810302734375,189.68569946289062,1.0808513164520264,14467.369140625,1.000382900238037,1.0034615993499756,0.5563510060310364,263.2807922363281,inf
1500,1.9054515361785889,1.9975382089614868,22.41863250732422,1.0509145259857178,79.46939849853516,184.6051788330078,0.8966267108917236,1454.3604736328125,78.67633056640625,184.5388946533203,0.9821085333824158,2303.365478515625,83.58367156982422,187.21778869628906,1.1931166648864746,3075.68701171875,1.000191330909729,1.0018830299377441,0.600188136100769,259.2525329589844,inf
1999,1.8416173458099365,1.9926081895828247,24.139541625976562,1.090040683746338,79.28379821777344,184.4473114013672,0.9283475279808044,1150.671142578125,79.20231628417969,184.26016235351562,1.005964994430542,2091.31005859375,83.82098388671875,186.51707458496094,1.2161812782287598,99136.015625,1.0000866651535034,1.0009112358093262,0.6156002283096313,568.6666259765625,inf
