Epoch,stable_rank_layer_0,effective_rank_layer_0,spectral_norm_layer_0,condition_number_layer_0,stable_rank_layer_1,effective_rank_layer_1,spectral_norm_layer_1,condition_number_layer_1,stable_rank_layer_2,effective_rank_layer_2,spectral_norm_layer_2,condition_number_layer_2,stable_rank_layer_3,effective_rank_layer_3,spectral_norm_layer_3,condition_number_layer_3,stable_rank_layer_4,effective_rank_layer_4,spectral_norm_layer_4,condition_number_layer_4,end_to_end_bound
0,1.8614530563354492,1.9944628477096558,5.172408580780029,1.0774178504943848,76.67526245117188,182.35781860351562,0.07010969519615173,351.1470642089844,77.51122283935547,182.5843963623047,0.0696466714143753,377.2688293457031,77.64967346191406,181.7551727294922,0.06921809911727905,1072.8521728515625,1.006194829940796,1.0418444871902466,0.9019402265548706,25.006359100341797,4036.5344042396073
500,1.844848394393921,1.9929312467575073,6.156621932983398,1.0879541635513306,41.55907440185547,149.25172424316406,0.29388198256492615,26332.814453125,16.31730842590332,139.84698486328125,0.5090848207473755,3810.92041015625,13.528478622436523,96.29258728027344,0.7340055108070374,7806.14111328125,1.127146601676941,1.4724082946777344,0.30632373690605164,9.262608528137207,530182.6742843731
1000,1.8447742462158203,1.9929240942001343,6.157219886779785,1.0880019664764404,42.69992446899414,149.58758544921875,0.29469040036201477,1119.013427734375,20.355331420898438,147.44566345214844,0.45244529843330383,1758.4969482421875,14.190899848937988,102.01473999023438,0.7211694717407227,23635.623046875,1.1373205184936523,1.5007330179214478,0.30647239089012146,8.815134048461914,464499.6462807412
1500,1.844771146774292,1.9929238557815552,6.157364845275879,1.0880039930343628,43.278160095214844,149.58544921875,0.2952209413051605,2278.863037109375,21.353004455566406,148.58502197265625,0.44215092062950134,1011.968994140625,14.921432495117188,106.0599365234375,0.72198486328125,16570.388671875,1.1464587450027466,1.5232831239700317,0.31006062030792236,8.688119888305664,460603.51877956896
1999,1.844792127609253,1.992925763130188,6.157362937927246,1.087990403175354,43.480995178222656,149.7018280029297,0.2949633300304413,4415.927734375,21.209108352661133,148.44261169433594,0.44444042444229126,1027.012451171875,14.965885162353516,106.40631103515625,0.7298765778541565,22135.4296875,1.1487345695495605,1.5286998748779297,0.31271544098854065,8.66648006439209,471644.80264192383
