epochs,full_psnr,ssim,lpips,train_psnr,test_psnr
0,5.733274459838867,0.1661195605993271,,5.828023910522461,0.0
500,21.468679428100586,0.4592171907424927,,29.280750274658203,0.0
1000,21.8533878326416,0.49072256684303284,,33.05727767944336,0.0
1500,21.97893524169922,0.4926302433013916,,39.9063835144043,0.0
1999,21.940223693847656,0.4842454493045807,,43.223575592041016,0.0
