Epoch,stable_rank_layer_0,effective_rank_layer_0,spectral_norm_layer_0,condition_number_layer_0,stable_rank_layer_1,effective_rank_layer_1,spectral_norm_layer_1,condition_number_layer_1,stable_rank_layer_2,effective_rank_layer_2,spectral_norm_layer_2,condition_number_layer_2,stable_rank_layer_3,effective_rank_layer_3,spectral_norm_layer_3,condition_number_layer_3,stable_rank_layer_4,effective_rank_layer_4,spectral_norm_layer_4,condition_number_layer_4,end_to_end_bound
0,1.8454177379608154,1.9929873943328857,5.205366611480713,1.087587833404541,76.3388671875,182.1783447265625,0.0702265277504921,637.0941162109375,77.15782165527344,182.44288635253906,0.06981588155031204,349.59930419921875,77.74940490722656,181.70750427246094,0.06916303932666779,1574.9302978515625,1.003196120262146,1.0239859819412231,0.9033270478248596,25.50893783569336,inf
500,1.8732184171676636,1.995421051979065,6.455700874328613,1.0701349973678589,45.275390625,154.20704650878906,0.3988717496395111,2021.4935302734375,31.20433807373047,152.3275909423828,0.8553851842880249,1871.6837158203125,31.826644897460938,130.15248107910156,1.0252752304077148,34430.44921875,1.0080584287643433,1.047882318496704,0.4450558125972748,177.4376220703125,inf
1000,1.8741296529769897,1.9954909086227417,6.452895641326904,1.0695770978927612,49.4941291809082,158.884765625,0.42117011547088623,1370.5333251953125,43.99711608886719,167.82118225097656,0.9269313216209412,2051.1650390625,41.64402389526367,154.41661071777344,1.0924437046051025,85294.2421875,1.0040704011917114,1.0270708799362183,0.4489033818244934,123.05986785888672,inf
1500,1.7460981607437134,1.9788926839828491,13.088674545288086,1.157715916633606,68.29329681396484,176.17575073242188,0.5942312479019165,1944.098876953125,56.43907165527344,175.59922790527344,1.0182760953903198,3714.537353515625,50.50681686401367,167.5808868408203,1.1850630044937134,49839.1015625,1.000736117362976,1.0060888528823853,0.3969234526157379,467.09515380859375,inf
1999,1.7740347385406494,1.9837976694107056,15.740017890930176,1.136631727218628,71.02323150634766,177.65440368652344,0.6516167521476746,362.7566223144531,58.70125961303711,175.8995819091797,1.0499002933502197,2204.62353515625,53.060333251953125,169.70614624023438,1.2084873914718628,8333.3505859375,1.0006204843521118,1.005234956741333,0.3955055773258209,531.105712890625,inf
