epochs,full_psnr,ssim,lpips,train_psnr,test_psnr
0,5.735726356506348,0.09776125103235245,,5.822532653808594,0.0
500,19.683988571166992,0.5048772692680359,,23.10828971862793,0.0
1000,19.240259170532227,0.4930095672607422,,21.960037231445312,0.0
1500,13.118936538696289,0.322557657957077,,13.630830764770508,0.0
1999,13.123575210571289,0.3346567451953888,,13.635692596435547,0.0
