epochs,full_psnr,ssim,lpips,train_psnr,test_psnr
0,10.97647762298584,0.03047751635313034,,11.204269409179688,0.0
500,22.637340545654297,0.5161535739898682,,28.93008804321289,0.0
1000,22.391395568847656,0.5055751800537109,,28.22284698486328,0.0
1500,22.938831329345703,0.5346727967262268,,29.576194763183594,0.0
2000,22.843019485473633,0.5278980731964111,,30.721908569335938,0.0
2500,22.805137634277344,0.5261633992195129,,30.016170501708984,0.0
3000,23.337556838989258,0.5577309727668762,,33.17754364013672,0.0
3500,23.58880043029785,0.5738103985786438,,37.22345733642578,0.0
3999,23.63323402404785,0.5722458958625793,,41.440757751464844,0.0
