epochs,full_psnr,ssim,lpips,train_psnr,test_psnr
0,9.48316764831543,0.02473018504679203,,9.530718803405762,0.0
500,26.670486450195312,0.7734906077384949,,31.00701904296875,0.0
1000,27.228992462158203,0.805927038192749,,32.551578521728516,0.0
1500,29.210739135742188,0.8302388191223145,,35.41638946533203,0.0
2000,28.672412872314453,0.8282198905944824,,39.02246856689453,0.0
2500,29.191802978515625,0.8308806419372559,,42.21840286254883,0.0
3000,29.08655548095703,0.8207010626792908,,44.66865921020508,0.0
3500,29.00139808654785,0.8115358352661133,,45.57129669189453,0.0
3999,28.980266571044922,0.8091349005699158,,45.73381423950195,0.0
