Epoch,stable_rank_layer_0,effective_rank_layer_0,spectral_norm_layer_0,condition_number_layer_0,stable_rank_layer_1,effective_rank_layer_1,spectral_norm_layer_1,condition_number_layer_1,stable_rank_layer_2,effective_rank_layer_2,spectral_norm_layer_2,condition_number_layer_2,stable_rank_layer_3,effective_rank_layer_3,spectral_norm_layer_3,condition_number_layer_3,stable_rank_layer_4,effective_rank_layer_4,spectral_norm_layer_4,condition_number_layer_4,end_to_end_bound
0,1.845382571220398,1.9929839372634888,5.213558197021484,1.0876104831695557,76.38597869873047,182.18728637695312,0.07020321488380432,660.6456298828125,77.13897705078125,182.44053649902344,0.06982152163982391,332.268310546875,77.6659164428711,181.68931579589844,0.069202721118927,1434.8634033203125,1.0118978023529053,1.0735777616500854,0.8992670178413391,17.065553665161133,inf
500,1.9195834398269653,1.998245120048523,6.618853569030762,1.042808175086975,51.37889862060547,155.12799072265625,0.35807859897613525,1213.4132080078125,25.387117385864258,141.5615997314453,0.8298950791358948,1007.3880615234375,33.22312545776367,122.1246566772461,0.9464418888092041,12847.0703125,1.0522830486297607,1.2198699712753296,0.4411792457103729,73.94402313232422,inf
1000,1.9194848537445068,1.9982408285140991,6.618609428405762,1.0428640842437744,52.150394439697266,156.1712188720703,0.3552986979484558,2796.4501953125,28.920631408691406,148.56326293945312,0.840684711933136,2394.099609375,37.67205810546875,135.02505493164062,0.9613922238349915,12787.7548828125,1.0769684314727783,1.306562900543213,0.46780920028686523,20.333480834960938,inf
1500,1.9195443391799927,1.9982434511184692,6.618224620819092,1.0428303480148315,52.20085525512695,156.32125854492188,0.35512804985046387,181174.4375,29.4871883392334,149.66664123535156,0.8143974542617798,21180.611328125,39.363006591796875,139.07260131835938,0.9678868055343628,25114.123046875,1.1134235858917236,1.4440754652023315,0.49379900097846985,8.412382125854492,inf
1999,1.9195669889450073,1.9982446432113647,6.6182990074157715,1.04281747341156,52.231651306152344,156.35047912597656,0.35512423515319824,3378.48583984375,29.683218002319336,149.96669006347656,0.8149423599243164,18835.0234375,39.54944610595703,139.26890563964844,0.9668952226638794,9071.7001953125,1.1526806354522705,1.5953212976455688,0.5012855529785156,5.009361267089844,inf
