epochs,full_psnr,ssim,lpips,train_psnr,test_psnr
0,6.727158546447754,0.11677300184965134,,6.8401641845703125,0.0
500,18.01724624633789,0.3144972324371338,,20.879051208496094,0.0
1000,18.985759735107422,0.3472242057323456,,23.315256118774414,0.0
1500,18.975557327270508,0.31450241804122925,,26.95869255065918,0.0
1999,18.304000854492188,0.25330105423927307,,33.65174102783203,0.0
