epochs,full_psnr,ssim,lpips,train_psnr,test_psnr
0,9.76340389251709,0.12049879878759384,,9.84649658203125,0.0
500,14.731759071350098,0.2790450155735016,,14.988250732421875,0.0
1000,14.731632232666016,0.2788539528846741,,14.987546920776367,0.0
1500,14.731078147888184,0.278206467628479,,14.987539291381836,0.0
2000,14.730792045593262,0.2777136564254761,,14.986772537231445,0.0
2500,14.731964111328125,0.27937665581703186,,14.989056587219238,0.0
2999,14.733519554138184,0.2813955247402191,,14.989664077758789,0.0
