epochs,full_psnr,ssim,lpips,train_psnr,test_psnr
0,6.136534214019775,0.013759627006947994,,6.233222961425781,0.0
500,20.611305236816406,0.4820924699306488,,24.736698150634766,0.0
1000,20.116382598876953,0.4663332998752594,,24.73727035522461,0.0
1500,21.00478744506836,0.5103635787963867,,24.548072814941406,0.0
2000,21.153213500976562,0.521184504032135,,25.468608856201172,0.0
2500,21.81995391845703,0.5557315945625305,,31.176910400390625,0.0
2999,21.894302368164062,0.5262081027030945,,37.954044342041016,0.0
