epochs,full_psnr,ssim,lpips,train_psnr,test_psnr
0,5.826852321624756,0.016337038949131966,,5.857013702392578,0.0
500,25.840347290039062,0.7381046414375305,,29.945533752441406,0.0
1000,26.59286880493164,0.8018177151679993,,32.30376434326172,0.0
1500,26.387025833129883,0.8053593039512634,,32.193389892578125,0.0
2000,11.973992347717285,0.7071210741996765,,12.070032119750977,0.0
2500,12.2766695022583,0.7080443501472473,,12.37974739074707,0.0
2999,18.78045082092285,0.7425530552864075,,19.26662254333496,0.0
