Epoch,stable_rank_layer_0,effective_rank_layer_0,spectral_norm_layer_0,condition_number_layer_0,stable_rank_layer_1,effective_rank_layer_1,spectral_norm_layer_1,condition_number_layer_1,stable_rank_layer_2,effective_rank_layer_2,spectral_norm_layer_2,condition_number_layer_2,stable_rank_layer_3,effective_rank_layer_3,spectral_norm_layer_3,condition_number_layer_3,stable_rank_layer_4,effective_rank_layer_4,spectral_norm_layer_4,condition_number_layer_4,end_to_end_bound
0,1.8489974737167358,1.993334174156189,5.168964385986328,1.0852925777435303,76.21986389160156,182.07040405273438,0.07034242153167725,1121.9376220703125,76.99872589111328,182.45306396484375,0.07001826912164688,439.9896240234375,77.75212097167969,181.24790954589844,0.06915908306837082,1023.5431518554688,1.0031960010528564,1.0239851474761963,0.9033970832824707,25.514663696289062,inf
500,1.8266762495040894,1.9910035133361816,7.711728572845459,1.0998469591140747,79.93913269042969,186.7863006591797,0.5873207449913025,424.6872863769531,68.71395874023438,194.7412567138672,0.7800037860870361,2499.660888671875,75.20381927490234,192.02755737304688,0.9098993539810181,2993.7275390625,1.0000557899475098,1.0006091594696045,0.5201897621154785,862.6842651367188,inf
1000,1.7760391235351562,1.9841194152832031,10.441361427307129,1.1351629495620728,77.7654800415039,184.03854370117188,0.7014628052711487,1602.21044921875,76.0928726196289,190.58917236328125,0.8268525004386902,1896.5721435546875,79.66487121582031,189.49522399902344,0.9557237029075623,11222.76953125,1.0000367164611816,1.0004171133041382,0.5492407083511353,1034.3604736328125,inf
1500,1.7747267484664917,1.9839093685150146,11.38581657409668,1.1361238956451416,79.88870239257812,183.55450439453125,0.7150228023529053,1338.1346435546875,76.9004135131836,189.85736083984375,0.8447264432907104,3109.608642578125,81.73959350585938,188.60171508789062,0.9614834785461426,4478.6142578125,1.000029444694519,1.0003390312194824,0.5629830956459045,1462.43017578125,inf
1999,1.780173897743225,1.9847705364227295,11.386609077453613,1.1321508884429932,79.96986389160156,183.54478454589844,0.7154550552368164,3379.654052734375,76.78823852539062,189.8510284423828,0.846308708190918,1593.2620849609375,81.56358337402344,188.54550170898438,0.9634152054786682,11379.4853515625,1.000028133392334,1.000324010848999,0.561667799949646,3025.38232421875,inf
