epochs,full_psnr,ssim,lpips,train_psnr,test_psnr
0,8.481378555297852,0.3130326271057129,,8.524531364440918,0.0
500,11.968748092651367,0.6532140374183655,,12.063270568847656,0.0
1000,11.970745086669922,0.6737087368965149,,12.067279815673828,0.0
1500,11.97334098815918,0.6982561945915222,,12.069355010986328,0.0
1999,11.973928451538086,0.7059057354927063,,12.082740783691406,0.0
