epochs,full_psnr,ssim,lpips,train_psnr,test_psnr
0,8.327791213989258,0.3044130802154541,,8.369157791137695,0.0
500,11.956584930419922,0.5672917366027832,,12.0542573928833,0.0
1000,11.965961456298828,0.6312872767448425,,12.061152458190918,0.0
1500,11.966829299926758,0.6359894871711731,,12.060079574584961,0.0
2000,11.96613883972168,0.6330180764198303,,12.061542510986328,0.0
2500,11.969135284423828,0.6606054306030273,,12.064801216125488,0.0
2999,11.973148345947266,0.6980735659599304,,12.06964111328125,0.0
