Epoch,stable_rank_layer_0,effective_rank_layer_0,spectral_norm_layer_0,condition_number_layer_0,stable_rank_layer_1,effective_rank_layer_1,spectral_norm_layer_1,condition_number_layer_1,stable_rank_layer_2,effective_rank_layer_2,spectral_norm_layer_2,condition_number_layer_2,stable_rank_layer_3,effective_rank_layer_3,spectral_norm_layer_3,condition_number_layer_3,stable_rank_layer_4,effective_rank_layer_4,spectral_norm_layer_4,condition_number_layer_4,end_to_end_bound
0,1.8513197898864746,1.993553638458252,5.207705497741699,1.0838111639022827,76.17835998535156,182.0839385986328,0.07033330202102661,653.5159912109375,77.1961441040039,182.44810485839844,0.06991375982761383,302.297119140625,77.57489013671875,181.48704528808594,0.06923487037420273,1838.658203125,1.0086669921875,1.0563889741897583,0.9006854295730591,18.799667358398438,inf
500,1.8258390426635742,1.9909082651138306,7.382959842681885,1.1004042625427246,88.85449981689453,193.2329559326172,0.5840687155723572,424.74566650390625,84.95354461669922,198.39572143554688,0.7114378809928894,698.6886596679688,86.53418731689453,197.30654907226562,0.9938609600067139,7834.09716796875,1.0004427433013916,1.0039137601852417,0.260930597782135,325.6587219238281,inf
1000,1.7668862342834473,1.9826183319091797,13.15554141998291,1.1419169902801514,82.55241394042969,187.4908905029297,0.7686566710472107,1294.513916015625,79.38688659667969,189.55233764648438,0.8761086463928223,814.4461059570312,86.90090942382812,191.72610473632812,1.108410120010376,2495.7548828125,1.0003867149353027,1.0034977197647095,0.2516808807849884,249.6099090576172,inf
1500,1.5219815969467163,1.9021416902542114,25.10432243347168,1.3841158151626587,79.5750961303711,185.10520935058594,0.9100452661514282,1704.8883056640625,79.04585266113281,185.9649658203125,0.9935020208358765,407.7333068847656,82.2079849243164,188.482666015625,1.2358344793319702,3933.260498046875,1.000324010848999,1.003014087677002,0.23827822506427765,207.9857177734375,inf
1999,1.6305124759674072,1.9488650560379028,25.136220932006836,1.2593694925308228,79.70001220703125,184.67816162109375,0.9402816891670227,637.9418334960938,78.88610076904297,185.6534423828125,1.022607445716858,4189.61962890625,80.78160095214844,187.67955017089844,1.27187979221344,240814.78125,1.0002497434616089,1.0023458003997803,0.2302202582359314,479.8802185058594,inf
