epochs,full_psnr,ssim,lpips,train_psnr,test_psnr
0,9.780648231506348,0.11748799681663513,,9.864169120788574,0.0
500,14.731027603149414,0.2777946889400482,,14.987187385559082,0.0
1000,14.730514526367188,0.2775115668773651,,14.987606048583984,0.0
1500,14.730985641479492,0.2781924903392792,,14.987387657165527,0.0
1999,14.733534812927246,0.2813102900981903,,14.990139961242676,0.0
