epochs,full_psnr,ssim,lpips,train_psnr,test_psnr
0,14.001616477966309,0.6017627120018005,,14.124124526977539,0.0
500,18.095468521118164,0.6703188419342041,,18.419960021972656,0.0
1000,19.79761505126953,0.7068006992340088,,20.290184020996094,0.0
1500,16.12241554260254,0.6317036747932434,,16.32535171508789,0.0
2000,18.229156494140625,0.6802896857261658,,18.563274383544922,0.0
2500,19.256776809692383,0.6949053406715393,,19.689281463623047,0.0
3000,20.349390029907227,0.7094027996063232,,20.927204132080078,0.0
3500,21.227420806884766,0.7193775773048401,,21.937198638916016,0.0
3999,21.796159744262695,0.7318029403686523,,22.62437629699707,0.0
