Epoch,stable_rank_layer_0,effective_rank_layer_0,spectral_norm_layer_0,condition_number_layer_0,stable_rank_layer_1,effective_rank_layer_1,spectral_norm_layer_1,condition_number_layer_1,stable_rank_layer_2,effective_rank_layer_2,spectral_norm_layer_2,condition_number_layer_2,stable_rank_layer_3,effective_rank_layer_3,spectral_norm_layer_3,condition_number_layer_3,stable_rank_layer_4,effective_rank_layer_4,spectral_norm_layer_4,condition_number_layer_4,end_to_end_bound
0,1.882995843887329,1.9961402416229248,7.336071491241455,1.064193606376648,77.89530181884766,182.55027770996094,1.1331599950790405,1104.40478515625,76.51288604736328,182.20623779296875,1.1452178955078125,4377.55126953125,75.4865951538086,181.28172302246094,1.1517661809921265,584.093017578125,1.8438235521316528,2.732632875442505,0.915947675704956,1.606065273284912,10.043333909208714
500,1.886473298072815,1.9963794946670532,16.667287826538086,1.062104344367981,69.57646942138672,172.99342346191406,1.5725289583206177,1409.2623291015625,65.57311248779297,171.37173461914062,1.6009790897369385,299.2104797363281,63.273162841796875,172.21359252929688,1.4983084201812744,1876.64599609375,1.1349010467529297,1.5115742683410645,8.691720962524414,7.233935356140137,546.4573129502616
1000,1.9035425186157227,1.9974327087402344,19.017351150512695,1.0520241260528564,66.51820373535156,162.9310302734375,2.1442854404449463,967.2481689453125,66.20135498046875,161.00082397460938,2.1306979656219482,6095.8037109375,53.809837341308594,153.00999450683594,1.989149570465088,2301.052490234375,1.0676885843276978,1.3044276237487793,12.528172492980957,9.14796257019043,2165.2581318550897
1500,1.9070912599563599,1.9976272583007812,19.85001564025879,1.0499643087387085,67.14422607421875,160.6787109375,2.3982884883880615,1258.1778564453125,66.93589782714844,158.9447784423828,2.3869335651397705,787.6240234375,51.59163284301758,145.1632537841797,2.2351086139678955,3374.116943359375,1.1060733795166016,1.4148606061935425,15.44834041595459,9.738698959350586,3923.5850486539007
1999,1.907662034034729,1.9976575374603271,19.99130630493164,1.0496340990066528,67.22490692138672,160.4268341064453,2.441160202026367,2056.829833984375,67.03732299804688,158.61497497558594,2.4311976432800293,978.2319946289062,51.112815856933594,143.85430908203125,2.284288167953491,2730.55908203125,1.0969915390014648,1.3879945278167725,16.285064697265625,10.086387634277344,4413.6521160846605
