epochs,full_psnr,ssim,lpips,train_psnr,test_psnr
0,10.59957504272461,0.30678802728652954,,10.882513046264648,0.0
500,16.19742202758789,0.3616451323032379,,17.321481704711914,0.0
1000,17.440248489379883,0.37189972400665283,,19.008787155151367,0.0
1500,18.006248474121094,0.37888216972351074,,19.871990203857422,0.0
1999,18.109230041503906,0.38080474734306335,,20.034482955932617,0.0
