Epoch,stable_rank_layer_0,effective_rank_layer_0,spectral_norm_layer_0,condition_number_layer_0,stable_rank_layer_1,effective_rank_layer_1,spectral_norm_layer_1,condition_number_layer_1,stable_rank_layer_2,effective_rank_layer_2,spectral_norm_layer_2,condition_number_layer_2,stable_rank_layer_3,effective_rank_layer_3,spectral_norm_layer_3,condition_number_layer_3,stable_rank_layer_4,effective_rank_layer_4,spectral_norm_layer_4,condition_number_layer_4,end_to_end_bound
0,1.857252597808838,1.9940954446792603,5.174139499664307,1.0800542831420898,76.41275024414062,182.28530883789062,0.07030098885297775,279.6508483886719,77.69329071044922,182.61705017089844,0.06970879435539246,506.5682373046875,77.76815032958984,181.38037109375,0.06916976720094681,747.7964477539062,1.0032005310058594,1.0240147113800049,0.9032908082008362,25.521875381469727,4055.7484333321536
500,1.8451716899871826,1.9929633140563965,6.485743045806885,1.0877461433410645,86.10314178466797,194.28575134277344,0.44399985671043396,345.330810546875,51.91047668457031,184.5491943359375,0.8443927764892578,4449.2255859375,70.80268859863281,193.23074340820312,1.0591706037521362,10073.9228515625,1.0038235187530518,1.0255204439163208,0.3166554570198059,178.8070068359375,2087756.954024449
1000,1.8447145223617554,1.9929182529449463,6.489876747131348,1.0880403518676758,81.0365219116211,189.74098205566406,0.45555880665779114,521.6814575195312,59.792030334472656,174.93399047851562,0.893907904624939,1494.580322265625,75.68787384033203,188.83963012695312,1.168380618095398,7623.1142578125,1.1519060134887695,1.4775078296661377,0.43190062046051025,135.21871948242188,3414143.8104114486
1500,1.8450496196746826,1.9929511547088623,6.492829322814941,1.0878247022628784,78.28799438476562,186.69664001464844,0.4663366973400116,509.7144470214844,61.0906867980957,170.27957153320312,0.9588980674743652,1559.70947265625,80.47718048095703,186.74952697753906,1.26260507106781,46462.66796875,1.1412650346755981,1.4543406963348389,0.44740942120552063,229.73822021484375,4198736.710057889
1999,1.8450686931610107,1.9929531812667847,6.493685245513916,1.0878124237060547,77.98564910888672,186.44789123535156,0.4645363390445709,714.62158203125,60.8968391418457,169.61709594726562,0.9628446102142334,4277.44970703125,79.724853515625,186.10423278808594,1.3011164665222168,13135.3818359375,1.1360173225402832,1.4432320594787598,0.48517972230911255,123.9905014038086,4693814.377721585
