Epoch,stable_rank_layer_0,effective_rank_layer_0,spectral_norm_layer_0,condition_number_layer_0,stable_rank_layer_1,effective_rank_layer_1,spectral_norm_layer_1,condition_number_layer_1,stable_rank_layer_2,effective_rank_layer_2,spectral_norm_layer_2,condition_number_layer_2,stable_rank_layer_3,effective_rank_layer_3,spectral_norm_layer_3,condition_number_layer_3,stable_rank_layer_4,effective_rank_layer_4,spectral_norm_layer_4,condition_number_layer_4,end_to_end_bound
0,1.8816859722137451,1.996047854423523,7.323938369750977,1.0649839639663696,77.87106323242188,182.54974365234375,1.1333277225494385,1077.3768310546875,76.52973937988281,182.20762634277344,1.1450952291488647,3779.78125,75.47566986083984,181.2826690673828,1.1518532037734985,605.0733642578125,1.843206763267517,2.7322332859039307,0.916016161441803,1.606420636177063,10.028640638307655
500,1.6975027322769165,1.968327522277832,19.77591896057129,1.1973663568496704,71.18730163574219,175.5900115966797,1.5700098276138306,2218.577880859375,65.0582275390625,173.97401428222656,1.612139344215393,688.9348754882812,60.26642608642578,172.3094482421875,1.5411945581436157,349.6541748046875,1.2193602323532104,1.6639771461486816,7.527557849884033,9.160022735595703,580.7018242622697
1000,1.6780903339385986,1.9633123874664307,23.033588409423828,1.2143845558166504,68.93656921386719,167.17982482910156,2.1205945014953613,2470.88330078125,63.08916473388672,163.3655242919922,2.1623575687408447,1177.4156494140625,48.17128372192383,153.44583129882812,2.0941848754882812,1452.0260009765625,1.161015510559082,1.5273183584213257,11.488670349121094,13.360845565795898,2541.1571924031327
1500,1.6864347457885742,1.9655271768569946,24.090717315673828,1.20698082447052,68.95565795898438,163.5809783935547,2.375582218170166,1712.5767822265625,62.6894416809082,159.27996826171875,2.442065954208374,1849.496826171875,46.06985855102539,145.4075164794922,2.36922550201416,1764.15625,1.0961148738861084,1.3633458614349365,15.584619522094727,17.690786361694336,5160.35749156949
1999,1.688550353050232,1.9660744667053223,24.292278289794922,1.205125093460083,69.09996795654297,163.06463623046875,2.4158096313476562,1745.4381103515625,62.63282775878906,158.69198608398438,2.49015474319458,13919.0859375,45.819271087646484,144.1280517578125,2.419069766998291,6534.74951171875,1.0858403444290161,1.3330817222595215,16.61255645751953,19.25513458251953,5872.758682651055
