Epoch,stable_rank_layer_0,effective_rank_layer_0,spectral_norm_layer_0,condition_number_layer_0,stable_rank_layer_1,effective_rank_layer_1,spectral_norm_layer_1,condition_number_layer_1,stable_rank_layer_2,effective_rank_layer_2,spectral_norm_layer_2,condition_number_layer_2,stable_rank_layer_3,effective_rank_layer_3,spectral_norm_layer_3,condition_number_layer_3,stable_rank_layer_4,effective_rank_layer_4,spectral_norm_layer_4,condition_number_layer_4,end_to_end_bound
0,1.8878896236419678,1.9964746236801147,7.3239898681640625,1.0612568855285645,77.89401245117188,182.55270385742188,1.1331671476364136,1082.4752197265625,76.5191879272461,182.2065887451172,1.1451537609100342,8295.326171875,75.46302032470703,181.2848358154297,1.1523009538650513,634.4258422851562,1.8008986711502075,2.703644037246704,0.6760607361793518,1.6258450746536255,1184614.738718735
500,1.8629429340362549,1.9945898056030273,8.045514106750488,1.076487421989441,76.99624633789062,182.06040954589844,1.1389875411987305,362.1520080566406,74.21286010742188,181.2409210205078,1.1347991228103638,520.1160278320312,68.12763214111328,175.2264404296875,1.1325392723083496,859.1222534179688,1.197601079940796,1.6626012325286865,0.6239314079284668,6.495922565460205,1175714.4801379761
1000,1.857361078262329,1.9941052198410034,8.132721900939941,1.0799859762191772,76.45772552490234,181.74147033691406,1.1413594484329224,624.6495971679688,75.25895690917969,181.28111267089844,1.1332212686538696,286.0467224121094,68.98707580566406,174.92864990234375,1.1958460807800293,1288.508544921875,1.1362823247909546,1.52592134475708,0.8377867341041565,6.457360744476318,1686171.806837336
1500,1.8574951887130737,1.994117021560669,8.133893013000488,1.0799014568328857,76.60026550292969,181.74581909179688,1.1427350044250488,3641.624267578125,75.81285858154297,181.1498565673828,1.1451261043548584,667.9180908203125,67.06775665283203,173.48483276367188,1.3235270977020264,788.9674682617188,1.1048736572265625,1.4322470426559448,1.0410767793655396,7.177173614501953,2346566.5827148426
1999,1.8573858737945557,1.9941073656082153,8.133471488952637,1.079970359802246,76.66539764404297,181.75794982910156,1.1443661451339722,990.4260864257812,75.66032409667969,181.10572814941406,1.153363585472107,2335.327392578125,66.50485229492188,173.0286407470703,1.3608250617980957,5740.03857421875,1.0989117622375488,1.4135193824768066,1.0918456315994263,7.329975605010986,2552058.9843910085
