epochs,full_psnr,ssim,lpips,train_psnr,test_psnr
0,10.9753999710083,0.03047206439077854,,11.203093528747559,0.0
500,22.766382217407227,0.5192511081695557,,29.44031524658203,0.0
1000,23.262928009033203,0.5480785965919495,,33.705116271972656,0.0
1500,23.587446212768555,0.5650859475135803,,38.261531829833984,0.0
1999,23.565080642700195,0.5611956715583801,,38.96380615234375,0.0
