Epoch,stable_rank_layer_0,effective_rank_layer_0,spectral_norm_layer_0,condition_number_layer_0,stable_rank_layer_1,effective_rank_layer_1,spectral_norm_layer_1,condition_number_layer_1,stable_rank_layer_2,effective_rank_layer_2,spectral_norm_layer_2,condition_number_layer_2,stable_rank_layer_3,effective_rank_layer_3,spectral_norm_layer_3,condition_number_layer_3,stable_rank_layer_4,effective_rank_layer_4,spectral_norm_layer_4,condition_number_layer_4,end_to_end_bound
0,1.8975046873092651,1.9970828294754028,7.2995524406433105,1.0555567741394043,77.87028503417969,182.5554962158203,1.1333550214767456,1153.85107421875,76.50045013427734,182.200927734375,1.1452970504760742,71364.234375,75.46871948242188,181.2911376953125,1.1523131132125854,660.43798828125,1.7212802171707153,2.6389472484588623,0.8755627870559692,1.6786624193191528,1529530.4598496163
500,1.9008753299713135,1.9972811937332153,8.132196426391602,1.0535802841186523,77.57444763183594,182.14837646484375,1.139949083328247,7034.5,76.4863510131836,181.84706115722656,1.112149953842163,480.1552429199219,62.21853256225586,164.44407653808594,1.0575196743011475,772.2771606445312,1.0265084505081177,1.133126139640808,0.6915968656539917,27.677417755126953,1206474.4157939632
1000,1.8962576389312744,1.9970076084136963,8.397274017333984,1.056290864944458,75.91655731201172,181.2859649658203,1.1580934524536133,876.3809814453125,75.1463851928711,181.16368103027344,1.106404185295105,669.8987426757812,60.07741165161133,159.60574340820312,1.078661561012268,976.9178466796875,1.030663013458252,1.154991626739502,0.8276988863945007,17.333330154418945,1536997.9826787584
1500,1.8825650215148926,1.996109962463379,8.642633438110352,1.064453363418579,74.80521392822266,180.37728881835938,1.178096055984497,524.3453979492188,75.1695327758789,180.1871337890625,1.1061406135559082,1050.96826171875,57.3134765625,156.87255859375,1.116227626800537,1589.5274658203125,1.0300874710083008,1.1556503772735596,0.9726672172546387,14.562151908874512,1956474.367853875
1999,1.878633975982666,1.9958277940750122,8.67626953125,1.0668319463729858,74.75837707519531,180.38031005859375,1.1880069971084595,556.5571899414062,75.23661041259766,180.04885864257812,1.1303489208221436,479.0164489746094,52.94335174560547,161.87762451171875,1.280591368675232,760.8508911132812,1.0142112970352173,1.0838502645492554,1.5090768337249756,19.26605987548828,3602520.516039643
