Epoch,stable_rank_layer_0,effective_rank_layer_0,spectral_norm_layer_0,condition_number_layer_0,stable_rank_layer_1,effective_rank_layer_1,spectral_norm_layer_1,condition_number_layer_1,stable_rank_layer_2,effective_rank_layer_2,spectral_norm_layer_2,condition_number_layer_2,stable_rank_layer_3,effective_rank_layer_3,spectral_norm_layer_3,condition_number_layer_3,stable_rank_layer_4,effective_rank_layer_4,spectral_norm_layer_4,condition_number_layer_4,end_to_end_bound
0,1.8571640253067017,1.99408757686615,5.176130771636963,1.0801101922988892,76.44416809082031,182.23422241210938,0.07017617672681808,525.0577392578125,77.21296691894531,182.43174743652344,0.06978859752416611,299.6191711425781,77.76227569580078,181.7096710205078,0.06918389350175858,1180.8826904296875,1.0031960010528564,1.0239851474761963,0.9033966064453125,25.514678955078125,inf
500,1.8971439599990845,1.9970614910125732,6.459768295288086,1.0557690858840942,64.2846908569336,155.73492431640625,0.3741799592971802,1245.4124755859375,32.403629302978516,151.7765655517578,0.8566166758537292,1653.6336669921875,33.947837829589844,132.47872924804688,1.0481040477752686,9402.859375,1.057550311088562,1.2367087602615356,0.27574723958969116,75.43122863769531,inf
1000,1.897545576095581,1.9970853328704834,6.455816268920898,1.0555328130722046,56.34489822387695,157.02890014648438,0.40483981370925903,17468.92578125,45.470943450927734,168.86392211914062,0.931684672832489,1988.10791015625,44.10182189941406,157.1983642578125,1.1183390617370605,42761.015625,1.177077293395996,1.5316615104675293,0.33416548371315,45.01777648925781,inf
1500,1.8965611457824707,1.997025966644287,6.450186729431152,1.0561121702194214,47.937232971191406,149.3864288330078,0.5146587491035461,4528.72607421875,59.15172576904297,174.7655792236328,1.0024425983428955,896.884521484375,54.19419479370117,168.06640625,1.2066128253936768,30343.541015625,1.1777606010437012,1.5354866981506348,0.36690500378608704,34.520511627197266,inf
1999,1.897081732749939,1.9970576763153076,6.448493957519531,1.0558056831359863,48.8797721862793,146.9377899169922,0.5362614989280701,2071.275146484375,61.232887268066406,175.3179473876953,1.0228902101516724,5069.47998046875,56.507301330566406,169.77276611328125,1.2337040901184082,35223.79296875,1.176734209060669,1.5350441932678223,0.39487895369529724,30.671585083007812,inf
