epochs,full_psnr,ssim,lpips,train_psnr,test_psnr
0,9.493304252624512,0.18130910396575928,,9.659489631652832,0.0
500,19.293188095092773,0.2962125241756439,,21.476404190063477,0.0
1000,21.420272827148438,0.41702309250831604,,25.31352996826172,0.0
1500,22.25747299194336,0.47054508328437805,,27.547313690185547,0.0
1999,22.928585052490234,0.48551759123802185,,33.25596618652344,0.0
