epochs,full_psnr,ssim,lpips,train_psnr,test_psnr
0,13.667302131652832,0.4598264694213867,,13.969968795776367,0.0
500,17.69445037841797,0.5058174729347229,,18.50606918334961,0.0
1000,19.67229461669922,0.532977819442749,,21.06218147277832,0.0
1500,20.850696563720703,0.5528212189674377,,22.755353927612305,0.0
2000,21.549083709716797,0.5651564002037048,,23.901538848876953,0.0
2500,21.84935760498047,0.5708023905754089,,24.43332862854004,0.0
2999,21.898265838623047,0.5718129277229309,,24.522485733032227,0.0
