epochs,full_psnr,ssim,lpips,train_psnr,test_psnr
0,9.265159606933594,0.3031007945537567,,9.361082077026367,0.0
500,23.434410095214844,0.6025151610374451,,28.23892593383789,0.0
1000,23.57788848876953,0.6151233911514282,,28.478260040283203,0.0
1500,23.27059555053711,0.6103480458259583,,27.849761962890625,0.0
2000,22.871835708618164,0.6029989123344421,,27.050493240356445,0.0
2500,23.14764404296875,0.6102782487869263,,26.583965301513672,0.0
3000,23.362436294555664,0.632335364818573,,28.70181655883789,0.0
3500,24.596111297607422,0.6736733317375183,,34.41429138183594,0.0
3999,25.093647003173828,0.6689509749412537,,43.357810974121094,0.0
