Epoch,stable_rank_layer_0,effective_rank_layer_0,spectral_norm_layer_0,condition_number_layer_0,stable_rank_layer_1,effective_rank_layer_1,spectral_norm_layer_1,condition_number_layer_1,stable_rank_layer_2,effective_rank_layer_2,spectral_norm_layer_2,condition_number_layer_2,stable_rank_layer_3,effective_rank_layer_3,spectral_norm_layer_3,condition_number_layer_3,stable_rank_layer_4,effective_rank_layer_4,spectral_norm_layer_4,condition_number_layer_4,end_to_end_bound
0,1.8944896459579468,1.996899127960205,7.304825782775879,1.057334303855896,78.12616729736328,182.58596801757812,1.1320124864578247,846.5520629882812,76.63247680664062,182.19207763671875,1.144558310508728,585.5092163085938,75.43848419189453,181.2633819580078,1.1565505266189575,616.1229248046875,2.671732187271118,2.988523006439209,0.6101486086845398,1.105086088180542,1068609.9696725777
500,1.892781138420105,1.996791958808899,7.308242321014404,1.0583455562591553,78.48894500732422,182.5574951171875,1.1381897926330566,1351.9598388671875,76.85645294189453,182.47288513183594,1.147316575050354,1174.7606201171875,42.677467346191406,168.3065185546875,1.772812843322754,18101.31640625,1.1922873258590698,1.618105411529541,0.6721650958061218,8.836141586303711,1819573.997292486
1000,1.892214298248291,1.9967560768127441,7.312170028686523,1.0586817264556885,78.24806213378906,182.43348693847656,1.142096996307373,2260.1474609375,76.69164276123047,182.46141052246094,1.1509000062942505,878.7747192382812,43.995723724365234,165.2762451171875,1.9086977243423462,1335.524169921875,1.2320597171783447,1.7097389698028564,0.7396548390388489,7.338191509246826,2171066.3915856793
1500,1.8922618627548218,1.9967591762542725,7.313189506530762,1.058653473854065,74.24215698242188,182.2472381591797,1.1748825311660767,41158.38671875,76.6342544555664,182.4559326171875,1.1533033847808838,555.6793823242188,44.611324310302734,163.34396362304688,2.014202833175659,7826.91748046875,1.243495225906372,1.7378649711608887,0.7995935082435608,6.850100040435791,2553508.3669971353
1999,1.8924469947814941,1.9967708587646484,7.313328266143799,1.0585436820983887,72.42244720458984,182.18226623535156,1.1902234554290771,38095.28125,76.6269760131836,182.4578399658203,1.1536413431167603,568.4546508789062,44.696407318115234,162.93243408203125,2.0323705673217773,9125.28515625,1.2449278831481934,1.7421969175338745,0.8080848455429077,6.753901481628418,2638725.5694671185
