epochs,full_psnr,ssim,lpips,train_psnr,test_psnr
0,9.265159606933594,0.3031007945537567,,9.361082077026367,0.0
500,23.965702056884766,0.6130769848823547,,28.983455657958984,0.0
1000,24.795751571655273,0.6545419096946716,,32.97020721435547,0.0
1500,24.96393394470215,0.6530582904815674,,39.68583297729492,0.0
1999,24.907150268554688,0.6397407650947571,,42.89049530029297,0.0
