Epoch,stable_rank_layer_0,effective_rank_layer_0,spectral_norm_layer_0,condition_number_layer_0,stable_rank_layer_1,effective_rank_layer_1,spectral_norm_layer_1,condition_number_layer_1,stable_rank_layer_2,effective_rank_layer_2,spectral_norm_layer_2,condition_number_layer_2,stable_rank_layer_3,effective_rank_layer_3,spectral_norm_layer_3,condition_number_layer_3,stable_rank_layer_4,effective_rank_layer_4,spectral_norm_layer_4,condition_number_layer_4,end_to_end_bound
0,1.8629438877105713,1.9945900440216064,5.182951927185059,1.0764868259429932,76.76116943359375,182.2891387939453,0.07008381932973862,427.6697082519531,77.75752258300781,182.60076904296875,0.06961425393819809,528.9385986328125,77.79644012451172,181.5819091796875,0.0691378116607666,4174.029296875,1.0063673257827759,1.0428121089935303,0.9019408226013184,24.897323608398438,4036.702592969321
500,1.917467474937439,1.99814772605896,6.032555103302002,1.0440101623535156,57.55950927734375,159.70082092285156,0.36701175570487976,743.1451416015625,27.296783447265625,159.82119750976562,0.593537449836731,11029.3642578125,53.58357620239258,159.7617645263672,1.0249003171920776,23492.4296875,1.6266579627990723,2.4680721759796143,0.3715224266052246,2.2882492542266846,1280961.3520093118
1000,1.9180331230163574,1.9981741905212402,6.0331902503967285,1.0436882972717285,61.48280334472656,161.69046020507812,0.3521393835544586,1185.453369140625,33.060829162597656,161.1107940673828,0.5119627714157104,599.8255004882812,59.425296783447266,166.9175262451172,1.1205376386642456,13358.64453125,1.6744577884674072,2.531552791595459,0.3671371042728424,2.1279296875,1145498.9463249673
1500,1.9184727668762207,1.9981943368911743,6.035931587219238,1.0434385538101196,62.015865325927734,161.34689331054688,0.34919148683547974,1372.5799560546875,36.92430114746094,160.62469482421875,0.47275310754776,577.4489135742188,64.17903900146484,170.0979461669922,1.2278958559036255,95351.015625,1.6226054430007935,2.4859330654144287,0.36866018176078796,2.1881120204925537,1154702.4307544944
1999,1.9183380603790283,1.9981881380081177,6.036974906921387,1.0435150861740112,62.98847198486328,160.62791442871094,0.3532894551753998,2613.052978515625,37.544517517089844,159.7623748779297,0.4747123420238495,1109.7227783203125,64.1795883178711,170.41326904296875,1.2594056129455566,207431.40625,1.6204824447631836,2.488126039505005,0.37725308537483215,2.1694552898406982,1231456.1697815282
