epochs,full_psnr,ssim,lpips,train_psnr,test_psnr
0,9.207762718200684,0.3048032820224762,,9.302130699157715,0.0
500,22.66664695739746,0.5192397236824036,,26.125232696533203,0.0
1000,22.946043014526367,0.5576750636100769,,27.03551483154297,0.0
1500,23.748836517333984,0.6098313927650452,,29.455232620239258,0.0
1999,24.857303619384766,0.6426131129264832,,38.76799774169922,0.0
