Epoch,stable_rank_layer_0,effective_rank_layer_0,spectral_norm_layer_0,condition_number_layer_0,stable_rank_layer_1,effective_rank_layer_1,spectral_norm_layer_1,condition_number_layer_1,stable_rank_layer_2,effective_rank_layer_2,spectral_norm_layer_2,condition_number_layer_2,stable_rank_layer_3,effective_rank_layer_3,spectral_norm_layer_3,condition_number_layer_3,stable_rank_layer_4,effective_rank_layer_4,spectral_norm_layer_4,condition_number_layer_4,end_to_end_bound
0,1.8454177379608154,1.9929873943328857,5.205366611480713,1.087587833404541,76.49287414550781,182.09619140625,0.07018043100833893,718.5015258789062,77.22108459472656,182.4588165283203,0.06986851245164871,338.66424560546875,77.6556396484375,181.4661102294922,0.06919298321008682,6378.8046875,1.003196120262146,1.0239859819412231,0.9033270478248596,25.50893783569336,inf
500,1.824525237083435,1.9907573461532593,7.23369026184082,1.1012805700302124,73.3003158569336,178.0478057861328,0.5726358294487,1157.5396728515625,53.00318908691406,177.83474731445312,0.8139869570732117,2843.549072265625,49.50292205810547,161.0600128173828,0.97173011302948,6587.45947265625,1.0000263452529907,1.0003117322921753,0.38461458683013916,692.5223388671875,inf
1000,1.854781985282898,1.9938732385635376,12.538168907165527,1.0816141366958618,74.49089050292969,180.49868774414062,0.7755485773086548,838.0838012695312,66.20731353759766,179.63877868652344,0.9158923625946045,625.3945922851562,60.18385314941406,171.11598205566406,1.0493319034576416,5238.21630859375,1.0000159740447998,1.000196933746338,0.41874605417251587,888.3660278320312,inf
1500,1.7580158710479736,1.9810832738876343,23.407489776611328,1.1485788822174072,76.97923278808594,181.08612060546875,0.9365063905715942,2837.6669921875,72.12159729003906,180.8724365234375,1.0427734851837158,1081.31103515625,64.81660461425781,175.63137817382812,1.184801697731018,22068.201171875,1.0000107288360596,1.000135898590088,0.4357074201107025,1171.7828369140625,inf
1999,1.7388815879821777,1.9774925708770752,24.885066986083984,1.163355827331543,76.41511535644531,181.32484436035156,0.9807581305503845,1829.3931884765625,71.57598876953125,180.4764862060547,1.0848641395568848,672.5885620117188,66.21903228759766,176.3939666748047,1.21466863155365,5891.91943359375,1.0000072717666626,1.0000940561294556,0.43697935342788696,1813.7340087890625,inf
