epochs,full_psnr,ssim,lpips,train_psnr,test_psnr
0,5.937030792236328,0.103963203728199,,6.0281572341918945,0.0
500,13.116951942443848,0.31877636909484863,,13.628268241882324,0.0
1000,13.117842674255371,0.3196604549884796,,13.629058837890625,0.0
1500,13.119483947753906,0.32426178455352783,,13.631524085998535,0.0
1999,13.123502731323242,0.3346688747406006,,13.635831832885742,0.0
