epochs,full_psnr,ssim,lpips,train_psnr,test_psnr
0,4.139172077178955,0.3001512587070465,,4.215017318725586,0.0
500,20.59879493713379,0.5621204972267151,,26.681644439697266,0.0
1000,20.66217041015625,0.579919159412384,,27.68965721130371,0.0
1500,21.02899169921875,0.6003778576850891,,29.29193115234375,0.0
2000,21.4390926361084,0.6248800158500671,,32.2178840637207,0.0
2500,21.636322021484375,0.6350240111351013,,35.19147491455078,0.0
3000,21.655065536499023,0.6251060366630554,,38.24065017700195,0.0
3500,21.62070083618164,0.6020193696022034,,44.01661682128906,0.0
3999,21.59172248840332,0.5904203057289124,,46.055294036865234,0.0
