epochs,full_psnr,ssim,lpips,train_psnr,test_psnr
0,5.735726356506348,0.09776125103235245,,5.822532653808594,0.0
500,19.396263122558594,0.4767177104949951,,22.493017196655273,0.0
1000,18.237302780151367,0.40096697211265564,,20.263593673706055,0.0
1500,18.155982971191406,0.41943812370300293,,20.072235107421875,0.0
2000,13.118154525756836,0.32035890221595764,,13.629215240478516,0.0
2500,13.116950988769531,0.31772616505622864,,13.627275466918945,0.0
3000,13.118910789489746,0.3229067623615265,,13.62930679321289,0.0
3500,13.120914459228516,0.3278959393501282,,13.633622169494629,0.0
3999,13.123369216918945,0.33441901206970215,,13.634683609008789,0.0
