epochs,full_psnr,ssim,lpips,train_psnr,test_psnr
0,6.135438919067383,0.013768360018730164,,6.232287883758545,0.0
500,20.712051391601562,0.4864331781864166,,24.060144424438477,0.0
1000,21.730411529541016,0.5364489555358887,,28.03319549560547,0.0
1500,21.198833465576172,0.5195257067680359,,29.533584594726562,0.0
2000,21.861141204833984,0.5294483304023743,,35.3677978515625,0.0
2500,21.679828643798828,0.49596914649009705,,37.99788284301758,0.0
2999,21.599063873291016,0.4857480525970459,,38.32947540283203,0.0
