epochs,full_psnr,ssim,lpips,train_psnr,test_psnr
0,6.912532329559326,0.29170095920562744,,7.030061721801758,0.0
500,18.65110206604004,0.4177457392215729,,21.22379493713379,0.0
1000,19.533924102783203,0.4867948293685913,,22.64269256591797,0.0
1500,20.626277923583984,0.5716790556907654,,25.221975326538086,0.0
1999,21.17214584350586,0.5401965975761414,,35.304874420166016,0.0
