epochs,full_psnr,ssim,lpips,train_psnr,test_psnr
0,6.060962677001953,0.10725738853216171,,6.154592514038086,0.0
500,13.118223190307617,0.3217982351779938,,13.629876136779785,0.0
1000,13.119098663330078,0.3230702877044678,,13.631174087524414,0.0
1500,13.119765281677246,0.32501113414764404,,13.632169723510742,0.0
2000,13.120795249938965,0.32821646332740784,,13.632755279541016,0.0
2500,13.122194290161133,0.331168532371521,,13.634581565856934,0.0
3000,13.123344421386719,0.3342474400997162,,13.635087966918945,0.0
3500,13.123992919921875,0.3360438644886017,,13.636298179626465,0.0
3999,13.124238967895508,0.336537629365921,,13.64816665649414,0.0
