epochs,full_psnr,ssim,lpips,train_psnr,test_psnr
0,5.982858657836914,0.01566304825246334,,6.102018356323242,0.0
500,18.808120727539062,0.5149526596069336,,23.133865356445312,0.0
1000,19.273754119873047,0.5341350436210632,,23.380775451660156,0.0
1500,20.685894012451172,0.5876200795173645,,27.82184410095215,0.0
2000,21.272445678710938,0.5992149710655212,,31.630359649658203,0.0
2500,21.52065658569336,0.5940774083137512,,35.635074615478516,0.0
3000,21.391984939575195,0.5727106332778931,,38.404014587402344,0.0
3500,21.30031394958496,0.5541849732398987,,39.34443664550781,0.0
3999,21.276609420776367,0.5498133301734924,,39.491729736328125,0.0
