Epoch,stable_rank_layer_0,effective_rank_layer_0,spectral_norm_layer_0,condition_number_layer_0,stable_rank_layer_1,effective_rank_layer_1,spectral_norm_layer_1,condition_number_layer_1,stable_rank_layer_2,effective_rank_layer_2,spectral_norm_layer_2,condition_number_layer_2,stable_rank_layer_3,effective_rank_layer_3,spectral_norm_layer_3,condition_number_layer_3,stable_rank_layer_4,effective_rank_layer_4,spectral_norm_layer_4,condition_number_layer_4,end_to_end_bound
0,1.8972585201263428,1.997068166732788,7.288285732269287,1.0557016134262085,77.88338470458984,182.5533905029297,1.1332460641860962,1014.0382690429688,76.5300064086914,182.2092742919922,1.145079255104065,9624.6796875,75.45162200927734,181.2856903076172,1.1523385047912598,637.1130981445312,1.722412347793579,2.6400411128997803,0.8748616576194763,1.6736418008804321,1525543.5022921858
500,1.878962516784668,1.995851755142212,8.033665657043457,1.0666325092315674,77.21117401123047,182.29583740234375,1.132482886314392,604.9818115234375,77.56210327148438,181.9860382080078,1.0940483808517456,373.8714294433594,57.25570297241211,166.65792846679688,1.0760817527770996,1370.6737060546875,1.7911505699157715,2.6215572357177734,0.6671863794326782,1.9823415279388428,1143389.8966796705
1000,1.8790358304977417,1.9958572387695312,8.099527359008789,1.066588044166565,77.34403991699219,182.13778686523438,1.1309144496917725,1734.93994140625,76.78539276123047,182.0526885986328,1.098514437675476,523.7822265625,52.987281799316406,164.94810485839844,1.1602354049682617,3971.48388671875,1.68288254737854,2.5254623889923096,0.8274144530296326,2.1743154525756836,1545554.7649257288
1500,1.8785637617111206,1.9958226680755615,8.103080749511719,1.0668745040893555,77.03974914550781,182.08038330078125,1.1351091861724854,641.5116577148438,76.81340026855469,181.9167938232422,1.1093891859054565,1497.7081298828125,51.73555374145508,162.90921020507812,1.2944175004959106,735.4456787109375,1.552865743637085,2.4031240940093994,1.0102943181991577,2.3428027629852295,2135079.2629388724
1999,1.87852144241333,1.9958195686340332,8.102794647216797,1.0669002532958984,77.09042358398438,182.08560180664062,1.1361387968063354,528.183349609375,76.7451400756836,181.8779296875,1.114819884300232,611.0872192382812,51.64664077758789,162.1948699951172,1.3349765539169312,332.94647216796875,1.5170261859893799,2.360927104949951,1.0658153295516968,2.400459051132202,2336396.3147171782
