epochs,full_psnr,ssim,lpips,train_psnr,test_psnr
0,6.135438919067383,0.013768360018730164,,6.232287883758545,0.0
500,20.071083068847656,0.4496593475341797,,24.895479202270508,0.0
1000,21.59653091430664,0.5233308672904968,,29.912113189697266,0.0
1500,21.717639923095703,0.4993199408054352,,36.110435485839844,0.0
1999,21.538410186767578,0.4762953221797943,,37.12812805175781,0.0
