epochs,full_psnr,ssim,lpips,train_psnr,test_psnr
0,6.692741394042969,0.28251904249191284,,6.798619747161865,0.0
500,20.834426879882812,0.48980462551116943,,25.918169021606445,0.0
1000,21.264331817626953,0.518866240978241,,26.98093032836914,0.0
1500,21.028593063354492,0.5146105885505676,,27.052507400512695,0.0
2000,20.654338836669922,0.49801743030548096,,26.154983520507812,0.0
2500,21.895050048828125,0.5745641589164734,,31.528207778930664,0.0
2999,22.164392471313477,0.5734096765518188,,38.45977783203125,0.0
