epochs,full_psnr,ssim,lpips,train_psnr,test_psnr
0,10.116034507751465,0.6514373421669006,,10.179460525512695,0.0
500,22.551475524902344,0.7709464430809021,,23.79827308654785,0.0
1000,23.860340118408203,0.7789636254310608,,25.65254020690918,0.0
1500,24.60404396057129,0.7849188446998596,,26.824665069580078,0.0
2000,24.952194213867188,0.7891917824745178,,27.45344352722168,0.0
2500,25.349620819091797,0.7933822274208069,,28.181655883789062,0.0
3000,25.548494338989258,0.7960430979728699,,28.584157943725586,0.0
3500,25.63961410522461,0.7974092960357666,,28.777034759521484,0.0
3999,25.654813766479492,0.7976515889167786,,28.80924415588379,0.0
