epochs,full_psnr,ssim,lpips,train_psnr,test_psnr
0,6.770384788513184,0.4162696301937103,,6.794476509094238,0.0
500,26.714784622192383,0.7784023284912109,,29.988496780395508,0.0
1000,27.273500442504883,0.8052875399589539,,31.27405548095703,0.0
1500,26.79781723022461,0.8100308775901794,,30.459976196289062,0.0
2000,25.776498794555664,0.8062136769294739,,28.596725463867188,0.0
2500,25.756210327148438,0.8066840171813965,,28.12441635131836,0.0
3000,28.19655990600586,0.8401849269866943,,35.00893783569336,0.0
3500,29.54998779296875,0.8657438158988953,,40.18739318847656,0.0
3999,29.615184783935547,0.863718569278717,,49.85212707519531,0.0
