Epoch,stable_rank_layer_0,effective_rank_layer_0,spectral_norm_layer_0,condition_number_layer_0,stable_rank_layer_1,effective_rank_layer_1,spectral_norm_layer_1,condition_number_layer_1,stable_rank_layer_2,effective_rank_layer_2,spectral_norm_layer_2,condition_number_layer_2,stable_rank_layer_3,effective_rank_layer_3,spectral_norm_layer_3,condition_number_layer_3,stable_rank_layer_4,effective_rank_layer_4,spectral_norm_layer_4,condition_number_layer_4,end_to_end_bound
0,1.8750540018081665,1.9955613613128662,5.171485424041748,1.069011926651001,76.51575469970703,182.28758239746094,0.07020816206932068,438.4130554199219,77.59632873535156,182.56663513183594,0.06969190388917923,578.1773071289062,77.69397735595703,181.54156494140625,0.06918252259492874,554.8867797851562,1.0032005310058594,1.024014949798584,0.9032906889915466,25.521671295166016,4048.0804095492313
500,1.8182915449142456,1.9900215864181519,6.317824840545654,1.105467438697815,54.17994689941406,158.14431762695312,0.37705519795417786,72946.3828125,27.385541915893555,157.72079467773438,0.6522915363311768,2728.354736328125,49.713287353515625,156.6890411376953,1.0471606254577637,19176.755859375,1.2413268089294434,1.8468157052993774,0.36604228615760803,3.635268449783325,1524750.5019875204
1000,1.8180410861968994,1.989991307258606,6.320978164672852,1.105636715888977,61.13347244262695,161.85462951660156,0.3416736423969269,3691.9140625,32.096405029296875,159.6863555908203,0.58584064245224,5539.35498046875,56.24652862548828,165.13548278808594,1.136025309562683,11835.5751953125,1.3588836193084717,2.128701686859131,0.3505443334579468,2.624789237976074,1289870.7323505275
1500,1.8183709383010864,1.990031123161316,6.32336950302124,1.105413794517517,63.20265197753906,163.9331512451172,0.3243856430053711,777.8154907226562,34.86496353149414,160.24195861816406,0.5570278167724609,693.6849365234375,63.67490768432617,168.56866455078125,1.218213677406311,306498.375,1.364676833152771,2.1433591842651367,0.3546522855758667,2.5515360832214355,1263727.0098650262
1999,1.8185310363769531,1.9900504350662231,6.3243584632873535,1.1053059101104736,63.052738189697266,163.67039489746094,0.32788005471229553,793.8088989257812,35.61829376220703,160.22361755371094,0.5580184459686279,8982.98046875,63.694664001464844,169.26039123535156,1.2534656524658203,92448.8984375,1.3849267959594727,2.183573007583618,0.3637312948703766,2.4563372135162354,1350557.5769269608
