epochs,full_psnr,ssim,lpips,train_psnr,test_psnr
0,6.692741394042969,0.28251904249191284,,6.798619747161865,0.0
500,20.883934020996094,0.48940613865852356,,26.057138442993164,0.0
1000,21.270347595214844,0.5156826376914978,,26.996685028076172,0.0
1500,21.535837173461914,0.5491621494293213,,29.131715774536133,0.0
1999,22.13303565979004,0.567078173160553,,38.219825744628906,0.0
