epochs,full_psnr,ssim,lpips,train_psnr,test_psnr
0,9.593400955200195,0.3590959310531616,,9.871203422546387,0.0
500,14.237730026245117,0.4262668788433075,,15.1024808883667,0.0
1000,15.619962692260742,0.4410454332828522,,16.891023635864258,0.0
1500,16.517406463623047,0.456124871969223,,18.121814727783203,0.0
2000,17.071216583251953,0.4667602479457855,,18.923412322998047,0.0
2500,17.51409339904785,0.47769737243652344,,19.626785278320312,0.0
3000,17.786605834960938,0.484701544046402,,20.094430923461914,0.0
3500,17.915098190307617,0.48825421929359436,,20.319934844970703,0.0
3999,17.937156677246094,0.4888913631439209,,20.35987091064453,0.0
