epochs,full_psnr,ssim,lpips,train_psnr,test_psnr
0,8.746404647827148,0.006884885486215353,,8.883167266845703,0.0
500,19.17085838317871,0.17792671918869019,,28.173025131225586,0.0
1000,18.963176727294922,0.1676037758588791,,29.567386627197266,0.0
1500,18.53236198425293,0.1507067233324051,,31.820470809936523,0.0
2000,18.119548797607422,0.1364935040473938,,33.03771209716797,0.0
2500,18.00586700439453,0.13283872604370117,,33.1837043762207,0.0
2999,17.98697280883789,0.13223828375339508,,33.208518981933594,0.0
