epochs,full_psnr,ssim,lpips,train_psnr,test_psnr
0,13.180349349975586,0.254138320684433,,13.35710334777832,0.0
500,19.82415008544922,0.36788418889045715,,20.732080459594727,0.0
1000,21.25374984741211,0.39788857102394104,,22.570301055908203,0.0
1500,21.750566482543945,0.4119001626968384,,23.319778442382812,0.0
2000,17.88637351989746,0.32848790287971497,,18.437847137451172,0.0
2500,20.372684478759766,0.37348926067352295,,21.40697479248047,0.0
3000,21.439130783081055,0.39904773235321045,,22.81142234802246,0.0
3500,21.987764358520508,0.41493991017341614,,23.591577529907227,0.0
3999,22.2478084564209,0.42368853092193604,,23.967531204223633,0.0
