epochs,full_psnr,ssim,lpips,train_psnr,test_psnr
0,6.428483009338379,0.5438632965087891,,6.455626964569092,0.0
500,27.1235294342041,0.809952437877655,,32.60209655761719,0.0
1000,27.119035720825195,0.8239061832427979,,33.75508499145508,0.0
1500,27.193603515625,0.826021671295166,,34.387535095214844,0.0
2000,28.001296997070312,0.8372226357460022,,35.51995086669922,0.0
2500,26.02564811706543,0.8159559369087219,,31.099994659423828,0.0
3000,27.875228881835938,0.8459448218345642,,38.68061828613281,0.0
3500,28.3878116607666,0.8598780632019043,,43.85174560546875,0.0
3999,28.399808883666992,0.8592323660850525,,53.050086975097656,0.0
