epochs,full_psnr,ssim,lpips,train_psnr,test_psnr
0,6.136534214019775,0.013759627006947994,,6.233222961425781,0.0
500,21.0408878326416,0.4965340197086334,,25.718673706054688,0.0
1000,21.662811279296875,0.5336901545524597,,31.064884185791016,0.0
1500,21.767398834228516,0.5075186491012573,,36.3223876953125,0.0
1999,21.60515594482422,0.48595109581947327,,37.2989616394043,0.0
