epochs,full_psnr,ssim,lpips,train_psnr,test_psnr
0,5.9859161376953125,0.014078465290367603,,6.079689979553223,0.0
500,19.935585021972656,0.5320249199867249,,23.21182632446289,0.0
1000,20.06264877319336,0.5569366812705994,,25.42049217224121,0.0
1500,21.76767349243164,0.5910349488258362,,36.123687744140625,0.0
1999,21.539493560791016,0.564505398273468,,37.85006332397461,0.0
