Epoch,stable_rank_layer_0,effective_rank_layer_0,spectral_norm_layer_0,condition_number_layer_0,stable_rank_layer_1,effective_rank_layer_1,spectral_norm_layer_1,condition_number_layer_1,stable_rank_layer_2,effective_rank_layer_2,spectral_norm_layer_2,condition_number_layer_2,stable_rank_layer_3,effective_rank_layer_3,spectral_norm_layer_3,condition_number_layer_3,stable_rank_layer_4,effective_rank_layer_4,spectral_norm_layer_4,condition_number_layer_4,end_to_end_bound
0,1.8737945556640625,1.9954651594161987,7.33212423324585,1.0697822570800781,77.87617492675781,182.54879760742188,1.1332943439483643,990.611572265625,76.5193099975586,182.20831298828125,1.1451890468597412,4969.39111328125,75.47311401367188,181.2815399169922,1.1518698930740356,601.2208862304688,1.8424936532974243,2.731818199157715,0.9158186316490173,1.6064221858978271,10.038356695704795
500,1.79134202003479,1.9864473342895508,16.99000358581543,1.1241334676742554,69.84294891357422,175.9674530029297,1.6581531763076782,2061.47314453125,70.00830078125,173.3818817138672,1.6193403005599976,927.50927734375,62.91573715209961,171.1099395751953,1.5086262226104736,876.2216186523438,1.178745985031128,1.629228115081787,6.707206726074219,6.228129863739014,461.6146532910118
1000,1.7767093181610107,1.984226107597351,18.852603912353516,1.1346731185913086,70.25444793701172,168.80789184570312,2.176201343536377,430.8904113769531,69.0553207397461,163.79632568359375,2.1130764484405518,1520.1761474609375,50.384029388427734,151.9581756591797,1.9946273565292358,1908.6817626953125,1.1376631259918213,1.5106819868087769,8.613954544067383,7.88403844833374,1489.5324663121432
1500,1.7779947519302368,1.9844293594360352,19.398788452148438,1.1337352991104126,70.6787109375,166.385498046875,2.41788911819458,2169.907470703125,68.35004425048828,161.22314453125,2.365752696990967,550.5148315429688,48.054283142089844,143.74343872070312,2.227694272994995,2144.53955078125,1.1314146518707275,1.4901676177978516,9.867603302001953,8.402849197387695,2439.2010682339965
1999,1.7790652513504028,1.9845974445343018,19.490873336791992,1.1329561471939087,70.57559967041016,166.04690551757812,2.461799383163452,10922.5830078125,68.20130157470703,160.85057067871094,2.4125349521636963,558.5109252929688,47.723228454589844,142.26577758789062,2.274691343307495,1079.168701171875,1.128058910369873,1.4801363945007324,10.261648178100586,8.592937469482422,2702.0735564280253
