epochs,full_psnr,ssim,lpips,train_psnr,test_psnr
0,12.351273536682129,0.22060048580169678,,12.812329292297363,0.0
500,17.73823356628418,0.2873011827468872,,19.60689926147461,0.0
1000,18.7845516204834,0.3004225790500641,,21.341880798339844,0.0
1500,19.10730743408203,0.3083021938800812,,21.94802474975586,0.0
1999,19.16673469543457,0.3096536099910736,,22.065927505493164,0.0
