epochs,full_psnr,ssim,lpips,train_psnr,test_psnr
0,8.395944595336914,0.30958881974220276,,8.438287734985352,0.0
500,11.96389102935791,0.6146925091743469,,12.058568000793457,0.0
1000,11.967362403869629,0.6450179219245911,,12.063409805297852,0.0
1500,11.967768669128418,0.6501265168190002,,12.063803672790527,0.0
2000,11.969711303710938,0.6639878749847412,,12.065229415893555,0.0
2500,11.971357345581055,0.6804096698760986,,12.066794395446777,0.0
3000,11.972461700439453,0.6919045448303223,,12.06826400756836,0.0
3500,11.973791122436523,0.7038488388061523,,12.069643020629883,0.0
3999,11.973960876464844,0.7061960101127625,,12.086751937866211,0.0
