epochs,full_psnr,ssim,lpips,train_psnr,test_psnr
0,4.464629650115967,0.30270102620124817,,4.54642915725708,0.0
500,20.300683975219727,0.5593438148498535,,25.98968505859375,0.0
1000,20.841323852539062,0.5855689644813538,,28.566509246826172,0.0
1500,21.448551177978516,0.6136258840560913,,32.549930572509766,0.0
2000,21.63799285888672,0.6258142590522766,,36.867862701416016,0.0
2500,21.668453216552734,0.6092099547386169,,41.882957458496094,0.0
2999,21.645225524902344,0.6002190113067627,,43.297584533691406,0.0
