epochs,full_psnr,ssim,lpips,train_psnr,test_psnr
0,9.593360900878906,0.3590947091579437,,9.871161460876465,0.0
500,14.0376558303833,0.4258922040462494,,14.864301681518555,0.0
1000,15.626021385192871,0.439084529876709,,16.881208419799805,0.0
1500,13.39515209197998,0.4176405370235443,,14.08993911743164,0.0
2000,15.239238739013672,0.4354335367679596,,16.36101722717285,0.0
2500,16.20998764038086,0.4486151933670044,,17.67023468017578,0.0
2999,16.63884735107422,0.45644035935401917,,18.288414001464844,0.0
