Epoch,stable_rank_layer_0,effective_rank_layer_0,spectral_norm_layer_0,condition_number_layer_0,stable_rank_layer_1,effective_rank_layer_1,spectral_norm_layer_1,condition_number_layer_1,stable_rank_layer_2,effective_rank_layer_2,spectral_norm_layer_2,condition_number_layer_2,stable_rank_layer_3,effective_rank_layer_3,spectral_norm_layer_3,condition_number_layer_3,stable_rank_layer_4,effective_rank_layer_4,spectral_norm_layer_4,condition_number_layer_4,end_to_end_bound
0,1.8975046873092651,1.9970828294754028,7.2995524406433105,1.0555567741394043,77.88815307617188,182.55601501464844,1.1332226991653442,1125.7109375,76.52099609375,182.20362854003906,1.145141363143921,38209.4921875,75.47311401367188,181.2871551513672,1.1521867513656616,656.7173461914062,1.7212802171707153,2.6389472484588623,0.8755627870559692,1.6786624193191528,1528976.3038238247
500,1.944576621055603,1.9991878271102905,7.963165283203125,1.0289195775985718,77.56501007080078,182.02456665039062,1.1364052295684814,2330.7080078125,75.71250915527344,182.16383361816406,1.118292212486267,3442.12939453125,61.9421501159668,167.99700927734375,1.0783677101135254,3300.44921875,1.0264972448349,1.1344040632247925,0.6344369649887085,24.025070190429688,1107769.9777833289
1000,1.9383013248443604,1.998986840248108,8.23294448852539,1.032354474067688,77.576171875,180.85545349121094,1.141669750213623,483.6344909667969,77.00785827636719,181.3538360595703,1.0927561521530151,421.2830810546875,58.33658218383789,163.04660034179688,1.114641785621643,467.254638671875,1.0404773950576782,1.19777512550354,0.7531481385231018,13.104442596435547,1379604.6547146877
1500,1.927414894104004,1.9985820055007935,8.464361190795898,1.038395881652832,75.0681381225586,179.33621215820312,1.1834821701049805,900.95703125,75.48649597167969,179.6849365234375,1.1078400611877441,518.1494750976562,57.20022964477539,158.1482391357422,1.1587159633636475,1069.143798828125,1.0365852117538452,1.1853121519088745,0.9281429052352905,11.897830963134766,1909610.5028115958
1999,1.925620436668396,1.9985082149505615,8.506280899047852,1.0394020080566406,73.35184478759766,178.80723571777344,1.2110828161239624,3120.62548828125,74.30170440673828,179.3967742919922,1.146989345550537,2438.9638671875,54.2529411315918,162.1285400390625,1.3146131038665771,1398.0107421875,1.0139954090118408,1.083553671836853,1.5120744705200195,17.666351318359375,3758063.0875397637
