epochs,full_psnr,ssim,lpips,train_psnr,test_psnr
0,5.9859161376953125,0.014078465290367603,,6.079689979553223,0.0
500,19.723297119140625,0.5219759345054626,,22.881271362304688,0.0
1000,19.766834259033203,0.5307843685150146,,22.3011417388916,0.0
1500,19.45387077331543,0.5246155858039856,,22.249040603637695,0.0
1999,21.869733810424805,0.6068277955055237,,36.970741271972656,0.0
