Epoch,stable_rank_layer_0,effective_rank_layer_0,spectral_norm_layer_0,condition_number_layer_0,stable_rank_layer_1,effective_rank_layer_1,spectral_norm_layer_1,condition_number_layer_1,stable_rank_layer_2,effective_rank_layer_2,spectral_norm_layer_2,condition_number_layer_2,stable_rank_layer_3,effective_rank_layer_3,spectral_norm_layer_3,condition_number_layer_3,stable_rank_layer_4,effective_rank_layer_4,spectral_norm_layer_4,condition_number_layer_4,end_to_end_bound
0,1.8604724407196045,1.9943782091140747,5.159464359283447,1.0780316591262817,66.24285888671875,173.18283081054688,0.08341893553733826,11682.46484375,6.279758930206299,122.17578887939453,0.2733866274356842,2654.066650390625,5.588127136230469,113.96092224121094,0.28696051239967346,67616.109375,2.1121950149536133,2.8757622241973877,0.048218391835689545,1.3679368495941162,inf
500,1.8635358810424805,1.9946399927139282,5.152777194976807,1.076117753982544,15.513026237487793,149.0414276123047,0.3591313362121582,913.0317993164062,1.4366496801376343,8.18994140625,1.6663252115249634,11906.984375,1.7690733671188354,14.24872875213623,1.12680983543396,15018.2587890625,1.0501216650009155,1.2347869873046875,0.23707488179206848,12.039127349853516,inf
1000,1.8635263442993164,1.9946391582489014,5.152689456939697,1.0761237144470215,15.561591148376465,149.3435516357422,0.3589763939380646,2246.16796875,1.44346284866333,8.364387512207031,1.6606712341308594,19371.685546875,1.7911375761032104,14.81584644317627,1.1299970149993896,149323.21875,1.0573431253433228,1.2674307823181152,0.23749342560768127,9.636178970336914,inf
1500,1.8635308742523193,1.99463951587677,5.152635097503662,1.0761208534240723,15.589631080627441,149.4620361328125,0.3587017059326172,20915.9375,1.4447555541992188,8.400297164916992,1.6613140106201172,16562.232421875,1.8045871257781982,15.158467292785645,1.1339519023895264,15442.8818359375,1.0591964721679688,1.276258111000061,0.24065802991390228,9.053569793701172,inf
1999,1.8635318279266357,1.9946396350860596,5.152627468109131,1.076120376586914,15.594141960144043,149.4849853515625,0.3586694300174713,11392.66015625,1.4449704885482788,8.40636920928955,1.6614961624145508,14241.013671875,1.806862711906433,15.217461585998535,1.1347612142562866,11236.0146484375,1.0595306158065796,1.2778661251068115,0.24128393828868866,8.951388359069824,inf
