epochs,full_psnr,ssim,lpips,train_psnr,test_psnr
0,9.790184020996094,0.1142834946513176,,9.873796463012695,0.0
500,14.71815299987793,0.26259276270866394,,14.973838806152344,0.0
1000,14.73198413848877,0.2790158987045288,,14.987222671508789,0.0
1500,14.732439041137695,0.27989548444747925,,14.988659858703613,0.0
2000,14.733055114746094,0.28074973821640015,,14.989696502685547,0.0
2500,14.733787536621094,0.2815967798233032,,14.9902925491333,0.0
2999,14.733879089355469,0.28179749846458435,,15.013823509216309,0.0
