Epoch,stable_rank_layer_0,effective_rank_layer_0,spectral_norm_layer_0,condition_number_layer_0,stable_rank_layer_1,effective_rank_layer_1,spectral_norm_layer_1,condition_number_layer_1,stable_rank_layer_2,effective_rank_layer_2,spectral_norm_layer_2,condition_number_layer_2,stable_rank_layer_3,effective_rank_layer_3,spectral_norm_layer_3,condition_number_layer_3,stable_rank_layer_4,effective_rank_layer_4,spectral_norm_layer_4,condition_number_layer_4,end_to_end_bound
0,1.8603205680847168,1.9943650960922241,5.160989761352539,1.0781267881393433,69.05167388916016,173.14666748046875,0.08178967237472534,563.3935546875,6.162355899810791,120.84745788574219,0.2763103246688843,6242.11181640625,5.637091159820557,114.56958770751953,0.28596311807632446,2736.9560546875,2.116297721862793,2.877354145050049,0.048101186752319336,1.364821434020996,inf
500,1.8590383529663086,1.9942532777786255,5.159726142883301,1.0789310932159424,16.102855682373047,148.86541748046875,0.35911253094673157,36702.6796875,1.4832695722579956,9.299356460571289,1.6545536518096924,46543.0625,1.8776159286499023,17.132980346679688,1.1034786701202393,13055.4072265625,1.188430905342102,1.7140541076660156,0.24648040533065796,3.953139305114746,inf
1000,1.859063744544983,1.994255542755127,5.159574031829834,1.0789151191711426,16.197004318237305,149.43145751953125,0.35867783427238464,74395.1796875,1.5094270706176758,9.972352981567383,1.6252864599227905,18875.5390625,1.9421519041061401,18.94451141357422,1.0991336107254028,12711.01171875,1.2297742366790771,1.8335248231887817,0.25287485122680664,3.356900215148926,inf
1500,1.8590458631515503,1.9942538738250732,5.1595845222473145,1.07892644405365,16.21329116821289,149.5781707763672,0.3587177097797394,5968.58935546875,1.5130141973495483,10.072007179260254,1.6258203983306885,8293.908203125,1.9806355237960815,19.981975555419922,1.1081538200378418,14087.74609375,1.2371255159378052,1.8536629676818848,0.2629472613334656,3.2714664936065674,inf
1999,1.8590500354766846,1.9942543506622314,5.159574508666992,1.0789237022399902,16.214223861694336,149.5960693359375,0.3587568700313568,4047.3330078125,1.5130285024642944,10.0741548538208,1.6267610788345337,7599.0068359375,1.9865062236785889,20.14576530456543,1.1105239391326904,13286.0048828125,1.2376211881637573,1.8550349473953247,0.26517707109451294,3.265164613723755,inf
