epochs,full_psnr,ssim,lpips,train_psnr,test_psnr
0,3.8529086112976074,-0.01982312835752964,,3.911525249481201,0.0
500,21.02814483642578,0.43677249550819397,,28.677032470703125,0.0
1000,21.388568878173828,0.46441420912742615,,32.18573760986328,0.0
1500,21.354137420654297,0.450941801071167,,34.004512786865234,0.0
2000,21.221176147460938,0.4320673942565918,,37.114280700683594,0.0
2500,21.040504455566406,0.412399560213089,,38.087894439697266,0.0
2999,21.010536193847656,0.40932199358940125,,38.18448257446289,0.0
