Epoch,stable_rank_layer_0,effective_rank_layer_0,spectral_norm_layer_0,condition_number_layer_0,stable_rank_layer_1,effective_rank_layer_1,spectral_norm_layer_1,condition_number_layer_1,stable_rank_layer_2,effective_rank_layer_2,spectral_norm_layer_2,condition_number_layer_2,stable_rank_layer_3,effective_rank_layer_3,spectral_norm_layer_3,condition_number_layer_3,stable_rank_layer_4,effective_rank_layer_4,spectral_norm_layer_4,condition_number_layer_4,end_to_end_bound
0,1.8629438877105713,1.9945900440216064,5.182951927185059,1.0764868259429932,76.8743667602539,182.25367736816406,0.07006846368312836,324.97869873046875,77.70296478271484,182.61251831054688,0.0696919783949852,751.603515625,77.87336730957031,181.6548309326172,0.06908854097127914,4596.81201171875,1.0063673257827759,1.0428121089935303,0.9019408226013184,24.897323608398438,4037.444819140326
500,1.9018151760101318,1.997335433959961,6.671297073364258,1.0530312061309814,98.51972198486328,204.72268676757812,0.6144004464149475,880.170654296875,91.91187286376953,214.658447265625,0.7779015898704529,160.27833557128906,101.1932144165039,219.42327880859375,0.995307445526123,16893.310546875,1.002220869064331,1.0161243677139282,0.286520391702652,141.53533935546875,2327765.44178251
1000,1.837977647781372,1.9922341108322144,7.000278949737549,1.0924052000045776,86.10580444335938,192.51641845703125,0.7445040345191956,1434.4608154296875,90.61222076416016,202.1017303466797,0.8724493384361267,1919.2498779296875,98.55844116210938,208.73934936523438,1.0793861150741577,300366.59375,1.0018086433410645,1.013507604598999,0.2852950394153595,149.5570068359375,3584541.661446532
1500,1.8268963098526,1.9910286664962769,7.1364617347717285,1.0997005701065063,83.69532775878906,190.8351593017578,0.7673894762992859,631.1213989257812,89.5213394165039,200.301513671875,0.8966560959815979,552.8504638671875,97.31088256835938,206.92245483398438,1.1039607524871826,37784.890625,1.001681923866272,1.01264226436615,0.2831561863422394,177.99066162109375,3929563.7574299043
1999,1.8259609937667847,1.990922212600708,7.144003391265869,1.10032320022583,83.65017700195312,190.74481201171875,0.7676385641098022,657.2000732421875,89.30814361572266,200.1924591064453,0.8984077572822571,1046.2872314453125,97.44595336914062,206.84561157226562,1.103761911392212,75576.6484375,1.0025802850723267,1.0183461904525757,0.33513450622558594,135.2196502685547,4665588.634981589
