epochs,full_psnr,ssim,lpips,train_psnr,test_psnr
0,9.237525939941406,0.3035653531551361,,9.333401679992676,0.0
500,12.223562240600586,0.3582310676574707,,12.424680709838867,0.0
1000,12.225204467773438,0.3637607991695404,,12.425840377807617,0.0
1500,12.22647476196289,0.36880168318748474,,12.427216529846191,0.0
1999,12.113445281982422,0.17763011157512665,,13.811749458312988,0.0
