epochs,full_psnr,ssim,lpips,train_psnr,test_psnr
0,11.208623886108398,0.02852509915828705,,11.31919002532959,0.0
500,23.19465446472168,0.49344292283058167,,25.666980743408203,0.0
1000,23.62150001525879,0.5270769000053406,,27.269155502319336,0.0
1500,24.954071044921875,0.6012072563171387,,30.210609436035156,0.0
2000,25.70418930053711,0.6269590854644775,,33.16521453857422,0.0
2500,25.41802406311035,0.601891815662384,,34.840599060058594,0.0
2999,25.324504852294922,0.5944334864616394,,35.04296875,0.0
