epochs,full_psnr,ssim,lpips,train_psnr,test_psnr
0,5.828981399536133,0.01630781590938568,,5.859140872955322,0.0
500,26.5035400390625,0.769154965877533,,32.53505325317383,0.0
1000,26.928226470947266,0.7987987399101257,,33.55118942260742,0.0
1500,26.722414016723633,0.7952446341514587,,33.675750732421875,0.0
2000,27.902427673339844,0.8024107813835144,,38.613563537597656,0.0
2500,27.76860809326172,0.7896350026130676,,42.20271682739258,0.0
3000,27.777681350708008,0.7739641070365906,,45.330928802490234,0.0
3500,27.673255920410156,0.7592729926109314,,46.51025390625,0.0
3999,27.644596099853516,0.75538569688797,,46.71418762207031,0.0
