epochs,full_psnr,ssim,lpips,train_psnr,test_psnr
0,5.983178615570068,0.01567581295967102,,6.103267669677734,0.0
500,19.88018226623535,0.550166666507721,,23.867740631103516,0.0
1000,20.369417190551758,0.5632932186126709,,26.131746292114258,0.0
1500,20.804033279418945,0.5822773575782776,,29.91921615600586,0.0
2000,21.453014373779297,0.5840469002723694,,36.19282913208008,0.0
2500,21.361629486083984,0.5606065988540649,,38.346275329589844,0.0
2999,21.324581146240234,0.5533696413040161,,38.630489349365234,0.0
