Epoch,stable_rank_layer_0,effective_rank_layer_0,spectral_norm_layer_0,condition_number_layer_0,stable_rank_layer_1,effective_rank_layer_1,spectral_norm_layer_1,condition_number_layer_1,stable_rank_layer_2,effective_rank_layer_2,spectral_norm_layer_2,condition_number_layer_2,stable_rank_layer_3,effective_rank_layer_3,spectral_norm_layer_3,condition_number_layer_3,stable_rank_layer_4,effective_rank_layer_4,spectral_norm_layer_4,condition_number_layer_4,end_to_end_bound
0,1.8628885746002197,1.9945852756500244,5.186348915100098,1.076521396636963,76.35139465332031,182.13345336914062,0.07026922702789307,1964.65673828125,77.41253662109375,182.4052276611328,0.06981875002384186,407.88885498046875,77.70700073242188,181.2186279296875,0.06916046142578125,761.6853637695312,1.0057600736618042,1.039466142654419,0.9020448923110962,24.62012481689453,inf
500,1.919779896736145,1.9982541799545288,7.212000370025635,1.0426968336105347,83.25311279296875,187.5812225341797,0.5824640989303589,1026.418212890625,68.85749816894531,194.8188018798828,0.807083010673523,9439.4150390625,75.39215087890625,191.92156982421875,0.9327686429023743,11559.345703125,1.000108003616333,1.0011359453201294,0.28624629974365234,270.2053527832031,inf
1000,1.743774652481079,1.9784480333328247,9.979333877563477,1.1595227718353271,78.02545166015625,185.22979736328125,0.6992727518081665,522.9802856445312,73.21908569335938,190.51902770996094,0.8624235987663269,334.4740295410156,76.04488372802734,189.2891387939453,0.999025285243988,1655.1400146484375,1.0001013278961182,1.0010669231414795,0.2809200584888458,311.728759765625,inf
1500,1.6906706094741821,1.9666171073913574,10.993374824523926,1.203273892402649,79.0259017944336,184.96554565429688,0.7156385779380798,596.0523681640625,73.07547760009766,189.84033203125,0.882256031036377,648.8787231445312,77.35566711425781,188.68563842773438,1.0061674118041992,42681.40234375,1.0000619888305664,1.0006855726242065,0.2770351767539978,367.3545227050781,inf
1999,1.6903883218765259,1.9665453433990479,11.019854545593262,1.2035199403762817,78.95169830322266,184.91915893554688,0.7168512940406799,1282.5908203125,73.12025451660156,189.8409881591797,0.8828817009925842,4357.33740234375,77.43228912353516,188.64920043945312,1.0064278841018677,24293.537109375,1.0000375509262085,1.0004339218139648,0.2751917243003845,491.1347351074219,inf
