epochs,full_psnr,ssim,lpips,train_psnr,test_psnr
0,13.506340026855469,0.360432893037796,,13.93431568145752,0.0
500,20.521944046020508,0.46220993995666504,,23.309335708618164,0.0
1000,21.19295883178711,0.469830721616745,,24.671764373779297,0.0
1500,21.44048500061035,0.4740515947341919,,25.230525970458984,0.0
2000,20.393354415893555,0.46126553416252136,,23.059722900390625,0.0
2500,20.86207389831543,0.4655141532421112,,23.971717834472656,0.0
3000,21.07802391052246,0.4675147235393524,,24.430763244628906,0.0
3500,21.16252899169922,0.4684116840362549,,24.618797302246094,0.0
3999,21.17667007446289,0.46850499510765076,,24.651111602783203,0.0
