epochs,full_psnr,ssim,lpips,train_psnr,test_psnr
0,3.752708673477173,0.22777044773101807,,3.794257879257202,0.0
500,23.036348342895508,0.529571533203125,,30.863422393798828,0.0
1000,23.110309600830078,0.5382116436958313,,31.31477165222168,0.0
1500,23.141311645507812,0.5432013869285583,,31.590469360351562,0.0
2000,23.189870834350586,0.5485169887542725,,31.694984436035156,0.0
2500,23.635196685791016,0.5820035934448242,,36.16115951538086,0.0
2999,23.764041900634766,0.5834341645240784,,44.26103973388672,0.0
