epochs,full_psnr,ssim,lpips,train_psnr,test_psnr
0,5.735726356506348,0.09776125103235245,,5.822532653808594,0.0
500,19.468265533447266,0.48839858174324036,,22.757564544677734,0.0
1000,15.702463150024414,0.28072747588157654,,16.69915199279785,0.0
1500,13.114425659179688,0.31344959139823914,,13.625970840454102,0.0
2000,13.123071670532227,0.33374157547950745,,13.634992599487305,0.0
2500,13.123193740844727,0.33389735221862793,,13.636009216308594,0.0
2999,13.124009132385254,0.3360261023044586,,13.63594913482666,0.0
