epochs,full_psnr,ssim,lpips,train_psnr,test_psnr
0,14.001588821411133,0.6017622351646423,,14.124096870422363,0.0
500,17.873714447021484,0.672234833240509,,18.177520751953125,0.0
1000,19.63140869140625,0.700533390045166,,20.115726470947266,0.0
1500,15.762137413024902,0.6279847025871277,,15.947295188903809,0.0
2000,18.633333206176758,0.6815118789672852,,18.999956130981445,0.0
2500,19.871082305908203,0.7026526927947998,,20.367353439331055,0.0
2999,20.68219757080078,0.7129866480827332,,21.30184555053711,0.0
