epochs,full_psnr,ssim,lpips,train_psnr,test_psnr
0,5.937030792236328,0.103963203728199,,6.0281572341918945,0.0
500,13.116669654846191,0.31815341114997864,,13.627302169799805,0.0
1000,13.118688583374023,0.3224319517612457,,13.629724502563477,0.0
1500,13.11965560913086,0.32499751448631287,,13.63149642944336,0.0
2000,13.121155738830566,0.3276635706424713,,13.632598876953125,0.0
2500,13.121753692626953,0.33030495047569275,,13.634943008422852,0.0
3000,13.123115539550781,0.3336952030658722,,13.635541915893555,0.0
3500,13.123958587646484,0.3359038531780243,,13.636077880859375,0.0
3999,13.124183654785156,0.33645549416542053,,13.653427124023438,0.0
