epochs,full_psnr,ssim,lpips,train_psnr,test_psnr
0,9.467060089111328,0.22631137073040009,,9.505833625793457,0.0
500,14.816018104553223,0.6002375483512878,,14.963216781616211,0.0
1000,14.817474365234375,0.6065859198570251,,14.965850830078125,0.0
1500,14.819700241088867,0.6158370971679688,,14.968050003051758,0.0
1999,14.82026481628418,0.6185791492462158,,14.985533714294434,0.0
