epochs,full_psnr,ssim,lpips,train_psnr,test_psnr
0,9.48310375213623,0.024741077795624733,,9.531496047973633,0.0
500,26.759912490844727,0.7703047394752502,,28.999984741210938,0.0
1000,26.8673095703125,0.7927131056785583,,29.756383895874023,0.0
1500,25.41413116455078,0.757286548614502,,27.17581558227539,0.0
2000,27.108592987060547,0.8190503716468811,,30.951824188232422,0.0
2500,29.153812408447266,0.8453676104545593,,41.023162841796875,0.0
2999,29.24436378479004,0.8376615643501282,,46.133094787597656,0.0
