Epoch,stable_rank_layer_0,effective_rank_layer_0,spectral_norm_layer_0,condition_number_layer_0,stable_rank_layer_1,effective_rank_layer_1,spectral_norm_layer_1,condition_number_layer_1,stable_rank_layer_2,effective_rank_layer_2,spectral_norm_layer_2,condition_number_layer_2,stable_rank_layer_3,effective_rank_layer_3,spectral_norm_layer_3,condition_number_layer_3,stable_rank_layer_4,effective_rank_layer_4,spectral_norm_layer_4,condition_number_layer_4,end_to_end_bound
0,1.8454177379608154,1.9929873943328857,5.205366611480713,1.087587833404541,76.32125091552734,182.10321044921875,0.07029261440038681,453.9518127441406,77.139892578125,182.44888305664062,0.0699494481086731,487.6574401855469,77.87005615234375,181.24014282226562,0.06909296661615372,1481.4825439453125,1.003196120262146,1.0239859819412231,0.9033270478248596,25.50893783569336,inf
500,1.9248205423355103,1.9984745979309082,7.536398887634277,1.0398513078689575,81.22884368896484,187.50376892089844,0.5942367911338806,481.03839111328125,69.64332580566406,195.61264038085938,0.7993912100791931,289.2811584472656,69.05732727050781,190.86492919921875,0.9716216921806335,18021.283203125,1.0000133514404297,1.0001699924468994,0.42183005809783936,632.1265869140625,inf
1000,1.8327317237854004,1.9916760921478271,9.289009094238281,1.0958408117294312,78.79854583740234,185.01953125,0.7061986923217773,2675.834228515625,70.16773986816406,190.73426818847656,0.8893100619316101,1458.2030029296875,70.65393829345703,187.98570251464844,1.033403992652893,80016.15625,1.0000091791152954,1.0001201629638672,0.4317084550857544,757.6454467773438,inf
1500,1.7979323863983154,1.987382173538208,9.612563133239746,1.1194816827774048,79.1173324584961,184.27035522460938,0.72762131690979,1474.07861328125,71.81263732910156,189.8112030029297,0.8998376131057739,3970.783935546875,71.42801666259766,187.48080444335938,1.044610619544983,13463.5634765625,1.0000075101852417,1.0001004934310913,0.4308396279811859,836.4273071289062,inf
1999,1.7964037656784058,1.9871686697006226,9.601018905639648,1.1205554008483887,78.99600219726562,184.1821746826172,0.7293576002120972,6142.5888671875,71.56690216064453,189.79608154296875,0.9023458361625671,2583.4521484375,71.56725311279297,187.5173797607422,1.0445547103881836,127587.4453125,1.000006914138794,1.000093698501587,0.4290618896484375,866.0968017578125,inf
