epochs,full_psnr,ssim,lpips,train_psnr,test_psnr
0,6.188687801361084,0.11140879988670349,,6.285294532775879,0.0
500,13.117079734802246,0.31824374198913574,,13.628686904907227,0.0
1000,13.120454788208008,0.32663485407829285,,13.632116317749023,0.0
1500,13.123283386230469,0.33380913734436035,,13.6354398727417,0.0
1999,13.124147415161133,0.3362646996974945,,13.652701377868652,0.0
