epochs,full_psnr,ssim,lpips,train_psnr,test_psnr
0,13.50623893737793,0.3604316711425781,,13.934206008911133,0.0
500,20.52293586730957,0.4614908695220947,,23.30417251586914,0.0
1000,21.157142639160156,0.4679066836833954,,24.60940933227539,0.0
1500,21.44294548034668,0.47269976139068604,,25.271242141723633,0.0
1999,21.493606567382812,0.47382763028144836,,25.39400863647461,0.0
