Epoch,stable_rank_layer_0,effective_rank_layer_0,spectral_norm_layer_0,condition_number_layer_0,stable_rank_layer_1,effective_rank_layer_1,spectral_norm_layer_1,condition_number_layer_1,stable_rank_layer_2,effective_rank_layer_2,spectral_norm_layer_2,condition_number_layer_2,stable_rank_layer_3,effective_rank_layer_3,spectral_norm_layer_3,condition_number_layer_3,stable_rank_layer_4,effective_rank_layer_4,spectral_norm_layer_4,condition_number_layer_4,end_to_end_bound
0,1.8807226419448853,1.9959791898727417,7.314158916473389,1.0655661821365356,77.89701080322266,182.5538330078125,1.1331596374511719,978.1925659179688,76.52892303466797,182.20849609375,1.1451172828674316,4783.5009765625,75.47431182861328,181.28103637695312,1.151870608329773,610.7554321289062,1.8422205448150635,2.731600046157837,0.9159834980964661,1.6069328784942627,10.013751383510073
500,1.7285866737365723,1.9753966331481934,19.475975036621094,1.1715461015701294,68.63732147216797,172.53143310546875,1.630668044090271,944.946533203125,67.68978881835938,171.63465881347656,1.6281100511550903,409.49090576171875,60.95439529418945,170.32626342773438,1.5170187950134277,1775.6290283203125,1.1942335367202759,1.688658356666565,6.891050338745117,5.157713413238525,540.5363578802146
1000,1.770725131034851,1.9832578897476196,23.98722267150879,1.1390695571899414,68.74943542480469,162.18931579589844,2.3032476902008057,18597.685546875,62.83629608154297,157.79736328125,2.333526134490967,3212.79345703125,47.072078704833984,147.49952697753906,2.070697546005249,784.2308349609375,1.3512917757034302,2.0303871631622314,7.625298976898193,3.641493082046509,2035.667417033282
1500,1.7763125896453857,1.9841628074645996,24.448331832885742,1.1349629163742065,64.29508972167969,158.18972778320312,2.771245002746582,372.8819885253906,57.85111999511719,154.97848510742188,2.799215078353882,1374.54931640625,46.295509338378906,144.60765075683594,2.3200771808624268,2781.646484375,1.3030452728271484,1.9532617330551147,10.238771438598633,3.7375376224517822,4505.165028963403
1999,1.7695224285125732,1.983059048652649,24.66666603088379,1.1399593353271484,63.19392395019531,156.0573272705078,3.0568127632141113,2891.50341796875,56.901607513427734,152.23988342285156,3.075897693634033,1090.5194091796875,42.68244552612305,137.86753845214844,2.561600923538208,918.5697631835938,1.2146390676498413,1.7523044347763062,12.471845626831055,4.534366130828857,7409.576326090941
