epochs,full_psnr,ssim,lpips,train_psnr,test_psnr
0,14.001616477966309,0.6017627120018005,,14.124124526977539,0.0
500,17.575241088867188,0.6614977717399597,,17.87252426147461,0.0
1000,15.018146514892578,0.62074875831604,,15.173954010009766,0.0
1500,18.523826599121094,0.679739773273468,,18.884714126586914,0.0
1999,19.72974395751953,0.7016097903251648,,20.216602325439453,0.0
