epochs,full_psnr,ssim,lpips,train_psnr,test_psnr
0,6.549126625061035,0.2818171977996826,,6.65179967880249,0.0
500,17.533946990966797,0.3074740171432495,,19.700843811035156,0.0
1000,19.152557373046875,0.370473712682724,,22.320621490478516,0.0
1500,19.48512077331543,0.38520321249961853,,23.092357635498047,0.0
2000,19.70594596862793,0.38357818126678467,,24.022125244140625,0.0
2500,19.916255950927734,0.3761916160583496,,26.088115692138672,0.0
3000,19.736759185791016,0.3389451503753662,,29.541481018066406,0.0
3500,19.306819915771484,0.30189040303230286,,31.862117767333984,0.0
3999,19.195735931396484,0.2920920252799988,,36.0111083984375,0.0
