epochs,full_psnr,ssim,lpips,train_psnr,test_psnr
0,9.265159606933594,0.3031007945537567,,9.361082077026367,0.0
500,23.555553436279297,0.5980484485626221,,28.131977081298828,0.0
1000,23.760330200195312,0.617899477481842,,28.160743713378906,0.0
1500,23.78277587890625,0.619739294052124,,28.080976486206055,0.0
2000,23.554485321044922,0.6159530282020569,,27.46002197265625,0.0
2500,25.02210807800293,0.6762377619743347,,32.77402114868164,0.0
2999,25.066234588623047,0.6654963493347168,,43.02326965332031,0.0
