Epoch,stable_rank_layer_0,effective_rank_layer_0,spectral_norm_layer_0,condition_number_layer_0,stable_rank_layer_1,effective_rank_layer_1,spectral_norm_layer_1,condition_number_layer_1,stable_rank_layer_2,effective_rank_layer_2,spectral_norm_layer_2,condition_number_layer_2,stable_rank_layer_3,effective_rank_layer_3,spectral_norm_layer_3,condition_number_layer_3,stable_rank_layer_4,effective_rank_layer_4,spectral_norm_layer_4,condition_number_layer_4,end_to_end_bound
0,1.8972585201263428,1.997068166732788,7.288285732269287,1.0557016134262085,77.8808364868164,182.55775451660156,1.133277416229248,1039.4722900390625,76.52571868896484,182.2091064453125,1.145105242729187,9439.6494140625,75.45269775390625,181.2901153564453,1.1524102687835693,661.21240234375,1.722412347793579,2.6400411128997803,0.8748616576194763,1.6736418008804321,1525715.3415560045
500,1.9109420776367188,1.997828483581543,7.927237033843994,1.0477427244186401,78.99552154541016,182.06259155273438,1.1256881952285767,446.2083740234375,76.71321105957031,182.16835021972656,1.103091835975647,577.0155029296875,60.6378288269043,166.30523681640625,1.043065071105957,7273.0029296875,2.229578733444214,2.7323694229125977,0.6328346133232117,1.7609609365463257,1039616.675102467
1000,1.9096753597259521,1.9977632761001587,7.990776062011719,1.0484719276428223,78.63844299316406,181.80441284179688,1.129689335823059,1232.3848876953125,75.7482681274414,181.8904266357422,1.112301230430603,6945.46875,57.97948455810547,164.0249481201172,1.1145464181900024,811.3770751953125,2.0904929637908936,2.704913377761841,0.7932597398757935,1.8520934581756592,1420378.085173427
1500,1.9097864627838135,1.9977689981460571,7.990264892578125,1.048407793045044,78.26566314697266,181.72398376464844,1.134852647781372,4800.896484375,76.44747924804688,181.69903564453125,1.1190071105957031,20476.888671875,56.70122528076172,162.5044403076172,1.2356297969818115,6953.5654296875,1.8973054885864258,2.655397653579712,0.9628918766975403,1.9592751264572144,1931609.69679929
1999,1.9097484350204468,1.9977669715881348,7.989747524261475,1.0484297275543213,78.1621322631836,181.76332092285156,1.1371545791625977,4154.5234375,76.60210418701172,181.63075256347656,1.1229145526885986,2225.447509765625,56.62456130981445,161.82081604003906,1.2726447582244873,621.1900024414062,1.8402010202407837,2.6287431716918945,1.0157966613769531,2.007023572921753,2110246.688481872
