epochs,full_psnr,ssim,lpips,train_psnr,test_psnr
0,6.136534214019775,0.013759627006947994,,6.233222961425781,0.0
500,20.79840850830078,0.4903947412967682,,25.96036720275879,0.0
1000,22.034374237060547,0.5465729236602783,,30.298059463500977,0.0
1500,21.771648406982422,0.5076916813850403,,36.15227508544922,0.0
1999,21.603269577026367,0.4859168231487274,,37.106109619140625,0.0
