Epoch,stable_rank_layer_0,effective_rank_layer_0,spectral_norm_layer_0,condition_number_layer_0,stable_rank_layer_1,effective_rank_layer_1,spectral_norm_layer_1,condition_number_layer_1,stable_rank_layer_2,effective_rank_layer_2,spectral_norm_layer_2,condition_number_layer_2,stable_rank_layer_3,effective_rank_layer_3,spectral_norm_layer_3,condition_number_layer_3,stable_rank_layer_4,effective_rank_layer_4,spectral_norm_layer_4,condition_number_layer_4,end_to_end_bound
0,1.8468440771102905,1.9931268692016602,5.186951160430908,1.0866714715957642,76.2350845336914,182.04261779785156,0.0703301802277565,781.2188720703125,77.10299682617188,182.4622039794922,0.06995725631713867,434.12347412109375,77.81267547607422,181.2764434814453,0.06912688165903091,543.6618041992188,1.0061826705932617,1.0418294668197632,0.9019312262535095,24.631633758544922,inf
500,1.8217875957489014,1.9904382228851318,8.324408531188965,1.1031135320663452,80.84510803222656,184.83656311035156,0.6018445491790771,5347.7734375,68.2264404296875,193.56448364257812,0.8002067804336548,462.0967712402344,75.13731384277344,191.32518005371094,0.9313771724700928,5716.22265625,1.0000520944595337,1.0005937814712524,0.3878408670425415,289.2218933105469,inf
1000,1.7799334526062012,1.9847332239151,18.38760757446289,1.1323254108428955,78.57744598388672,181.89492797851562,0.8146081566810608,355.42755126953125,74.22476959228516,186.91726684570312,0.9477689266204834,13897.40234375,78.46173858642578,186.07957458496094,1.0678210258483887,18190.224609375,1.000066876411438,1.000728726387024,0.38525232672691345,430.090087890625,inf
1500,1.8261909484863281,1.9909483194351196,28.103174209594727,1.1001698970794678,77.88782501220703,182.41470336914062,0.9793446063995361,2545.160888671875,76.82803344726562,184.23855590820312,1.0823966264724731,381.6136169433594,79.60971069335938,184.26235961914062,1.2017021179199219,20446.73046875,1.0000660419464111,1.000710368156433,0.39208030700683594,706.0086059570312,inf
1999,1.84264075756073,1.9927115440368652,29.08817481994629,1.0893784761428833,77.23454284667969,182.13856506347656,1.0236353874206543,1938.6287841796875,76.75733947753906,184.26983642578125,1.1202284097671509,2623.158935546875,80.54762268066406,183.7630157470703,1.2306753396987915,8772.7001953125,1.0000145435333252,1.0001800060272217,0.39695292711257935,1073.5379638671875,inf
