epochs,full_psnr,ssim,lpips,train_psnr,test_psnr
0,7.692242622375488,0.20193566381931305,,7.870312213897705,0.0
500,10.425652503967285,0.3565721809864044,,10.764354705810547,0.0
1000,10.425711631774902,0.3557598292827606,,10.762542724609375,0.0
1500,10.4266357421875,0.36166366934776306,,10.765032768249512,0.0
1999,10.429163932800293,0.37828803062438965,,10.767497062683105,0.0
