epochs,full_psnr,ssim,lpips,train_psnr,test_psnr
0,5.54193115234375,0.16519230604171753,,5.632529258728027,0.0
500,21.08085823059082,0.4389127194881439,,27.634506225585938,0.0
1000,21.25926971435547,0.4447268545627594,,28.135608673095703,0.0
1500,21.142358779907227,0.4438469409942627,,28.072982788085938,0.0
2000,21.022367477416992,0.4411444664001465,,27.526756286621094,0.0
2500,21.865854263305664,0.4974468946456909,,32.403907775878906,0.0
2999,21.945173263549805,0.4967295825481415,,39.751407623291016,0.0
