Epoch,stable_rank_layer_0,effective_rank_layer_0,spectral_norm_layer_0,condition_number_layer_0,stable_rank_layer_1,effective_rank_layer_1,spectral_norm_layer_1,condition_number_layer_1,stable_rank_layer_2,effective_rank_layer_2,spectral_norm_layer_2,condition_number_layer_2,stable_rank_layer_3,effective_rank_layer_3,spectral_norm_layer_3,condition_number_layer_3,stable_rank_layer_4,effective_rank_layer_4,spectral_norm_layer_4,condition_number_layer_4,end_to_end_bound
0,1.8423250913619995,1.9926795959472656,5.235074043273926,1.0895825624465942,76.60454559326172,182.15646362304688,0.07011989504098892,1000.2501220703125,77.40269470214844,182.4281005859375,0.06977172940969467,532.3507080078125,77.6687240600586,181.46524047851562,0.06916888803243637,983.3989868164062,1.011890172958374,1.073778510093689,0.8993347883224487,16.441452026367188,inf
500,1.8624358177185059,1.99454665184021,7.214734077453613,1.0768039226531982,73.84452819824219,178.1295928955078,0.5450928211212158,4105.22998046875,50.48680114746094,179.85047912597656,0.7899922728538513,971.7314453125,50.9461555480957,160.9213104248047,0.9349418878555298,5960.4326171875,1.0002418756484985,1.0023194551467896,0.4188869595527649,242.51695251464844,inf
1000,1.7662330865859985,1.9825079441070557,8.216630935668945,1.1424036026000977,73.4941635131836,179.77886962890625,0.646100640296936,1297.4825439453125,57.714298248291016,180.2069854736328,0.8330028653144836,8942.6328125,54.14619827270508,166.89547729492188,0.9859879016876221,9793.2666015625,1.0001980066299438,1.0019384622573853,0.43902596831321716,266.1033020019531,inf
1500,1.7838122844696045,1.9853298664093018,8.566890716552734,1.129520058631897,73.33561706542969,179.70208740234375,0.6711776256561279,4829.94580078125,59.57920837402344,180.68960571289062,0.8438036441802979,622.429931640625,54.78330993652344,168.3473663330078,1.0018740892410278,9309.6904296875,1.0001355409622192,1.0013686418533325,0.44612938165664673,406.15069580078125,inf
1999,1.7941151857376099,1.9868454933166504,8.538610458374023,1.1221688985824585,73.56132507324219,179.78350830078125,0.6712749600410461,409.5184020996094,59.85301971435547,180.7313995361328,0.8431639075279236,3901.660400390625,54.81705093383789,168.43112182617188,1.002760648727417,9368.392578125,1.0001152753829956,1.001174807548523,0.4446636140346527,579.6895751953125,inf
