epochs,full_psnr,ssim,lpips,train_psnr,test_psnr
0,6.22044038772583,0.09836431592702866,,6.26893949508667,0.0
500,12.222898483276367,0.35533249378204346,,12.423709869384766,0.0
1000,12.224641799926758,0.3620605766773224,,12.425307273864746,0.0
1500,12.226324081420898,0.36840710043907166,,12.427764892578125,0.0
1999,12.22681999206543,0.3699639141559601,,12.455060958862305,0.0
