epochs,full_psnr,ssim,lpips,train_psnr,test_psnr
0,5.828653335571289,0.0162868183106184,,5.859535217285156,0.0
500,26.45398712158203,0.7664543986320496,,29.644372940063477,0.0
1000,26.522884368896484,0.7876636981964111,,30.105377197265625,0.0
1500,27.974597930908203,0.8374814391136169,,34.7047119140625,0.0
1999,27.924163818359375,0.8021228909492493,,45.15409851074219,0.0
