epochs,full_psnr,ssim,lpips,train_psnr,test_psnr
0,13.667267799377441,0.4598259925842285,,13.969931602478027,0.0
500,17.788227081298828,0.5122347474098206,,18.624000549316406,0.0
1000,19.776182174682617,0.5345891714096069,,21.166934967041016,0.0
1500,20.785045623779297,0.5536810159683228,,22.658872604370117,0.0
2000,17.289073944091797,0.505274772644043,,18.02065658569336,0.0
2500,19.43413543701172,0.5312924981117249,,20.713117599487305,0.0
3000,20.57776641845703,0.5461949110031128,,22.342002868652344,0.0
3500,21.337196350097656,0.5592517852783203,,23.533004760742188,0.0
3999,21.71962547302246,0.5654187798500061,,24.194473266601562,0.0
