Epoch,stable_rank_layer_0,effective_rank_layer_0,spectral_norm_layer_0,condition_number_layer_0,stable_rank_layer_1,effective_rank_layer_1,spectral_norm_layer_1,condition_number_layer_1,stable_rank_layer_2,effective_rank_layer_2,spectral_norm_layer_2,condition_number_layer_2,stable_rank_layer_3,effective_rank_layer_3,spectral_norm_layer_3,condition_number_layer_3,stable_rank_layer_4,effective_rank_layer_4,spectral_norm_layer_4,condition_number_layer_4,end_to_end_bound
0,1.8614530563354492,1.9944628477096558,5.172408580780029,1.0774178504943848,76.6615219116211,182.29843139648438,0.07017100602388382,393.74298095703125,77.53168487548828,182.6173095703125,0.06976984441280365,750.607666015625,77.56165313720703,181.36195373535156,0.06923289597034454,1738.2257080078125,1.006194829940796,1.0418444871902466,0.9019402265548706,25.006359100341797,4048.0745452757033
500,1.870218276977539,1.995186448097229,6.435393333435059,1.0719780921936035,81.45169830322266,190.96287536621094,0.42428117990493774,1120.671630859375,53.994102478027344,184.537841796875,0.849951982498169,744.0242309570312,68.11182403564453,192.20225524902344,1.0200639963150024,7811.517578125,1.0401737689971924,1.1778496503829956,0.5157150030136108,236.26519775390625,3125362.564419686
1000,1.8698687553405762,1.9951586723327637,6.439599990844727,1.0721933841705322,79.12671661376953,186.40069580078125,0.4323453903198242,936.9462890625,65.36375427246094,179.6937713623047,0.9251158237457275,7549.19140625,77.18040466308594,186.99957275390625,1.1145962476730347,19441.17578125,1.2282077074050903,1.6284074783325195,0.5313414335250854,25.47787857055664,3904964.2163133495
1500,1.8693959712982178,1.9951210021972656,6.444375038146973,1.0724849700927734,75.74059295654297,182.79965209960938,0.44766610860824585,592.8294677734375,70.9720458984375,177.92245483398438,1.0135831832885742,6468.24560546875,76.78153991699219,185.0856170654297,1.257816195487976,15785.8642578125,1.1688189506530762,1.5236481428146362,0.5697193741798401,24.184017181396484,5364293.800100707
1999,1.8693922758102417,1.9951205253601074,6.445674896240234,1.0724871158599854,76.6430435180664,182.59954833984375,0.44247275590896606,241.7233123779297,71.1625747680664,177.47726440429688,1.0229390859603882,6251.27783203125,75.99822998046875,184.7128448486328,1.2970679998397827,46799.30078125,1.1923837661743164,1.5707676410675049,0.5987491011619568,21.869844436645508,5800324.489219927
