epochs,full_psnr,ssim,lpips,train_psnr,test_psnr
0,5.472500801086426,0.16500221192836761,,5.561900615692139,0.0
500,18.24533462524414,0.3053005635738373,,20.75761604309082,0.0
1000,19.732934951782227,0.3433340787887573,,23.525272369384766,0.0
1500,20.554725646972656,0.38053759932518005,,25.728260040283203,0.0
1999,20.576313018798828,0.3409516513347626,,33.29043960571289,0.0
