Epoch,stable_rank_layer_0,effective_rank_layer_0,spectral_norm_layer_0,condition_number_layer_0,stable_rank_layer_1,effective_rank_layer_1,spectral_norm_layer_1,condition_number_layer_1,stable_rank_layer_2,effective_rank_layer_2,spectral_norm_layer_2,condition_number_layer_2,stable_rank_layer_3,effective_rank_layer_3,spectral_norm_layer_3,condition_number_layer_3,stable_rank_layer_4,effective_rank_layer_4,spectral_norm_layer_4,condition_number_layer_4,end_to_end_bound
0,1.9067625999450684,1.9976093769073486,7.304179668426514,1.050154447555542,77.8796615600586,182.55279541015625,1.1332725286483765,1033.17822265625,76.53065490722656,182.20762634277344,1.1450674533843994,20562.974609375,75.4578628540039,181.28431701660156,1.1522287130355835,656.9552612304688,1.719454288482666,2.616194725036621,0.7717801332473755,1.8593641519546509,1348618.6169838673
500,1.908877968788147,1.997721791267395,8.137674331665039,1.0489317178726196,78.08712005615234,182.16835021972656,1.1218349933624268,652.8821411132812,75.85173034667969,181.78048706054688,1.0995780229568481,3605.133544921875,61.7547492980957,168.22451782226562,1.1017093658447266,1068.8365478515625,1.6189030408859253,2.4680917263031006,0.6357621550559998,2.2638559341430664,1124959.8836356902
1000,1.9045389890670776,1.997488260269165,8.198467254638672,1.051444411277771,77.50514221191406,181.82452392578125,1.1261677742004395,406.1786193847656,75.04627227783203,181.3980255126953,1.0984995365142822,809.2201538085938,62.29311752319336,166.69044494628906,1.1400948762893677,1441.8162841796875,1.498572826385498,2.317003011703491,0.7442148923873901,2.5708699226379395,1376876.4536796857
1500,1.9045970439910889,1.9974913597106934,8.196268081665039,1.0514107942581177,77.288330078125,181.77015686035156,1.1294167041778564,1337.8814697265625,74.5152359008789,181.19244384765625,1.105804443359375,1932.1500244140625,62.518802642822266,164.6105499267578,1.2109521627426147,4695.236328125,1.449486494064331,2.2377569675445557,0.8194178938865662,2.7772364616394043,1625178.6394935022
1999,1.9046337604522705,1.9974935054779053,8.195528030395508,1.051389455795288,77.20269012451172,181.72952270507812,1.1311311721801758,834.75244140625,74.27394104003906,181.09190368652344,1.1099790334701538,1123.45654296875,61.9721794128418,164.0338592529297,1.2396866083145142,431.903564453125,1.4370428323745728,2.2167956829071045,0.8397156596183777,2.8335866928100586,1713834.3031246788
