epochs,full_psnr,ssim,lpips,train_psnr,test_psnr
0,9.48310375213623,0.024741077795624733,,9.531496047973633,0.0
500,26.261198043823242,0.7718310952186584,,30.175931930541992,0.0
1000,28.22145652770996,0.8106935620307922,,35.76397705078125,0.0
1500,28.983531951904297,0.8075809478759766,,42.622127532958984,0.0
1999,28.929567337036133,0.8001408576965332,,43.497276306152344,0.0
