epochs,full_psnr,ssim,lpips,train_psnr,test_psnr
0,9.26761245727539,0.3039255142211914,,9.363924026489258,0.0
500,18.559478759765625,0.3084261119365692,,19.88163185119629,0.0
1000,20.754840850830078,0.397079735994339,,22.9100341796875,0.0
1500,21.42440414428711,0.4520321786403656,,23.809383392333984,0.0
2000,21.63188934326172,0.4795890748500824,,24.12970733642578,0.0
2500,22.178993225097656,0.5109692215919495,,24.99056625366211,0.0
3000,22.53076934814453,0.5429701209068298,,26.230390548706055,0.0
3500,23.68940544128418,0.5658587217330933,,30.249698638916016,0.0
3999,23.606945037841797,0.5134976506233215,,34.987403869628906,0.0
