epochs,full_psnr,ssim,lpips,train_psnr,test_psnr
0,6.727158546447754,0.11677300184965134,,6.8401641845703125,0.0
500,18.115100860595703,0.32967451214790344,,20.64185333251953,0.0
1000,19.86921501159668,0.4160861074924469,,23.44827651977539,0.0
1500,19.754823684692383,0.4131450653076172,,23.017047882080078,0.0
2000,12.84720230102539,0.31952810287475586,,13.330830574035645,0.0
2500,12.850677490234375,0.3287599980831146,,13.335298538208008,0.0
2999,12.854242324829102,0.3390643894672394,,13.339215278625488,0.0
