Epoch,stable_rank_layer_0,effective_rank_layer_0,spectral_norm_layer_0,condition_number_layer_0,stable_rank_layer_1,effective_rank_layer_1,spectral_norm_layer_1,condition_number_layer_1,stable_rank_layer_2,effective_rank_layer_2,spectral_norm_layer_2,condition_number_layer_2,stable_rank_layer_3,effective_rank_layer_3,spectral_norm_layer_3,condition_number_layer_3,stable_rank_layer_4,effective_rank_layer_4,spectral_norm_layer_4,condition_number_layer_4,end_to_end_bound
0,1.89066481590271,1.9966566562652588,7.295135974884033,1.05960214138031,77.90495300292969,182.55697631835938,1.133101463317871,1010.3243408203125,76.52079772949219,182.2098846435547,1.1451356410980225,8584.1982421875,75.46026611328125,181.28933715820312,1.15245521068573,668.114990234375,1.7423408031463623,2.6547062397003174,0.7575603723526001,1.7055134773254395,1322270.8101363122
500,1.9634244441986084,1.9996531009674072,7.7353386878967285,1.0188052654266357,77.66548156738281,182.36703491210938,1.154860019683838,934.5198364257812,76.8470458984375,180.67738342285156,1.129012107849121,1051.48095703125,68.48475646972656,173.97866821289062,1.1895360946655273,1425.503173828125,1.4505913257598877,2.14609432220459,0.7230948209762573,3.561070442199707,1388034.108202474
1000,1.9594825506210327,1.9995722770690918,7.949871063232422,1.0208958387374878,78.01289367675781,181.2965850830078,1.1627150774002075,841.0401611328125,73.61824035644531,179.85020446777344,1.1559220552444458,603.308349609375,66.80223083496094,168.9940948486328,1.3354779481887817,269.17010498046875,1.3470443487167358,1.9789751768112183,0.8940731287002563,4.283195972442627,2041228.79278112
1500,1.954585313796997,1.9994601011276245,8.106803894042969,1.0235111713409424,71.51253509521484,179.77561950683594,1.2409307956695557,4760.46630859375,72.10702514648438,178.46116638183594,1.1848583221435547,373.3356628417969,63.40242385864258,164.4781036376953,1.4968478679656982,2399.888916015625,1.2710803747177124,1.830183982849121,1.097877860069275,5.142821788787842,3134117.87227304
1999,1.9533754587173462,1.9994302988052368,8.12259578704834,1.0241605043411255,68.8617172241211,179.09420776367188,1.2800040245056152,861.8876342773438,72.16928100585938,177.90489196777344,1.2174042463302612,953.6133422851562,62.0267448425293,164.67933654785156,1.6811261177062988,60702.453125,1.167043924331665,1.5826005935668945,1.666808843612671,7.507210731506348,5674754.304307199
