epochs,full_psnr,ssim,lpips,train_psnr,test_psnr
0,9.200697898864746,0.021255267783999443,,9.410354614257812,0.0
500,20.802600860595703,0.41175171732902527,,25.20795440673828,0.0
1000,21.069454193115234,0.42813006043434143,,26.769901275634766,0.0
1500,20.929088592529297,0.4207615852355957,,27.08316421508789,0.0
1999,21.690326690673828,0.4741241931915283,,35.08987808227539,0.0
