Epoch,stable_rank_layer_0,effective_rank_layer_0,spectral_norm_layer_0,condition_number_layer_0,stable_rank_layer_1,effective_rank_layer_1,spectral_norm_layer_1,condition_number_layer_1,stable_rank_layer_2,effective_rank_layer_2,spectral_norm_layer_2,condition_number_layer_2,stable_rank_layer_3,effective_rank_layer_3,spectral_norm_layer_3,condition_number_layer_3,stable_rank_layer_4,effective_rank_layer_4,spectral_norm_layer_4,condition_number_layer_4,end_to_end_bound
0,1.8899614810943604,1.9966111183166504,7.3163161277771,1.0600208044052124,77.87545013427734,182.55226135253906,1.1333147287368774,979.83203125,76.53154754638672,182.2064971923828,1.1450892686843872,3463.422119140625,75.49586486816406,181.2825927734375,1.1516950130462646,600.5144653320312,1.8419264554977417,2.731421947479248,0.9162188768386841,1.6069846153259277,10.018877387552726
500,1.8184181451797485,1.9900368452072144,20.172531127929688,1.105381965637207,69.20590209960938,175.20680236816406,1.651548147201538,1059.165283203125,69.20052337646484,172.44483947753906,1.6118195056915283,884.0906982421875,61.30376052856445,171.49058532714844,1.4983491897583008,500.2130126953125,1.0722522735595703,1.3222382068634033,9.17422866821289,8.593884468078613,738.1602226995568
1000,1.8268210887908936,1.9910200834274292,21.658489227294922,1.0997506380081177,67.16205596923828,166.19439697265625,2.179473638534546,504.0281677246094,65.8465805053711,163.51499938964844,2.1455423831939697,696.4927368164062,48.485923767089844,154.00401306152344,1.9735181331634521,987.4263305664062,1.0667119026184082,1.3044350147247314,11.205609321594238,8.515059471130371,2239.718699702272
1500,1.8282421827316284,1.9911805391311646,22.125282287597656,1.0988067388534546,65.73721313476562,162.89468383789062,2.4450066089630127,1860.0194091796875,65.7012710571289,160.41383361816406,2.394137382507324,1207.844970703125,45.633419036865234,145.78562927246094,2.2111430168151855,1704.693359375,1.0599522590637207,1.2798278331756592,12.819787979125977,8.839953422546387,3671.263883865743
1999,1.828007459640503,1.9911539554595947,22.21046257019043,1.098962426185608,65.42710876464844,162.38540649414062,2.4933502674102783,1013.1619262695312,65.63291931152344,159.91160583496094,2.4401535987854004,882.55029296875,45.196258544921875,144.2991485595703,2.2596628665924072,1356.746337890625,1.061204433441162,1.2836647033691406,13.271082878112793,8.943451881408691,4052.36047664359
