epochs,full_psnr,ssim,lpips,train_psnr,test_psnr
0,10.116195678710938,0.6514425277709961,,10.179624557495117,0.0
500,22.554140090942383,0.7714363932609558,,23.80112648010254,0.0
1000,23.907878875732422,0.7791380286216736,,25.722026824951172,0.0
1500,24.65760040283203,0.7860307693481445,,26.908401489257812,0.0
2000,25.067293167114258,0.7906813025474548,,27.631444931030273,0.0
2500,25.399293899536133,0.7946746945381165,,28.258113861083984,0.0
3000,25.602306365966797,0.797413170337677,,28.679969787597656,0.0
3500,25.691259384155273,0.7987575531005859,,28.876188278198242,0.0
3999,25.70754623413086,0.7990160584449768,,28.90998077392578,0.0
