epochs,full_psnr,ssim,lpips,train_psnr,test_psnr
0,8.327791213989258,0.3044130802154541,,8.369157791137695,0.0
500,11.955571174621582,0.5615507364273071,,12.052946090698242,0.0
1000,11.965779304504395,0.6304848790168762,,12.061384201049805,0.0
1500,11.965499877929688,0.6288249492645264,,12.060104370117188,0.0
2000,11.96689510345459,0.6401166319847107,,12.061910629272461,0.0
2500,11.965898513793945,0.6326637864112854,,12.06186294555664,0.0
3000,11.968131065368652,0.6499624848365784,,12.064676284790039,0.0
3500,11.97060775756836,0.6731829047203064,,12.066484451293945,0.0
3999,11.973185539245605,0.6979359984397888,,12.069397926330566,0.0
