epochs,full_psnr,ssim,lpips,train_psnr,test_psnr
0,9.593400955200195,0.3590959310531616,,9.871203422546387,0.0
500,14.209238052368164,0.4292862117290497,,15.068197250366211,0.0
1000,15.643449783325195,0.4414251744747162,,16.913320541381836,0.0
1500,16.51798439025879,0.45573440194129944,,18.130617141723633,0.0
2000,13.821170806884766,0.420261949300766,,14.596110343933105,0.0
2500,15.558228492736816,0.436924010515213,,16.77812957763672,0.0
2999,16.1831111907959,0.4459211826324463,,17.63218879699707,0.0
