epochs,full_psnr,ssim,lpips,train_psnr,test_psnr
0,8.276649475097656,0.08442395180463791,,8.452445030212402,0.0
500,18.616050720214844,0.2918405532836914,,21.6518611907959,0.0
1000,18.890052795410156,0.3018995225429535,,21.86264419555664,0.0
1500,19.852081298828125,0.33318236470222473,,23.61423110961914,0.0
2000,12.534276962280273,0.21475191414356232,,13.016671180725098,0.0
2500,12.534477233886719,0.21523906290531158,,13.017135620117188,0.0
3000,12.534740447998047,0.21554239094257355,,13.016317367553711,0.0
3500,12.535530090332031,0.21708352863788605,,13.018243789672852,0.0
3999,12.537208557128906,0.21964840590953827,,13.01994800567627,0.0
