Epoch,stable_rank_layer_0,effective_rank_layer_0,spectral_norm_layer_0,condition_number_layer_0,stable_rank_layer_1,effective_rank_layer_1,spectral_norm_layer_1,condition_number_layer_1,stable_rank_layer_2,effective_rank_layer_2,spectral_norm_layer_2,condition_number_layer_2,stable_rank_layer_3,effective_rank_layer_3,spectral_norm_layer_3,condition_number_layer_3,stable_rank_layer_4,effective_rank_layer_4,spectral_norm_layer_4,condition_number_layer_4,end_to_end_bound
0,1.8750540018081665,1.9955613613128662,5.171485424041748,1.069011926651001,76.51575469970703,182.28758239746094,0.07020816206932068,438.4130554199219,77.59632873535156,182.56663513183594,0.06969190388917923,578.1773071289062,77.69397735595703,181.54156494140625,0.06918252259492874,554.8867797851562,1.0032005310058594,1.024014949798584,0.9032906889915466,25.521671295166016,4048.0804095492313
500,1.8325799703598022,1.9916595220565796,6.282690525054932,1.0959407091140747,53.17075729370117,158.55953979492188,0.3759124279022217,55182.54296875,26.285938262939453,157.78758239746094,0.6687660813331604,3587.132568359375,48.44594955444336,155.2611846923828,1.0214802026748657,28040.07421875,1.2221720218658447,1.7974023818969727,0.382968008518219,3.8226473331451416,1581754.2339956085
1000,1.832722783088684,1.9916751384735107,6.283148288726807,1.0958466529846191,58.035518646240234,161.1243133544922,0.35136228799819946,693.071044921875,28.420583724975586,158.572021484375,0.6427925825119019,2825.6298828125,51.827388763427734,160.64193725585938,1.0532222986221313,23721.771484375,1.3152323961257935,2.0309011936187744,0.39223092794418335,2.9332263469696045,1500738.965293851
1500,1.8327572345733643,1.9916789531707764,6.283303260803223,1.0958240032196045,58.97902297973633,161.88951110839844,0.34594497084617615,1273.55810546875,28.717933654785156,158.59417724609375,0.6416471600532532,1578.5252685546875,52.58350372314453,161.330810546875,1.04819655418396,97003.3125,1.3330669403076172,2.0692150592803955,0.40165555477142334,2.838167190551758,1503238.1521056076
1999,1.8327722549438477,1.99168062210083,6.283281326293945,1.0958141088485718,59.03054428100586,161.96316528320312,0.3454231023788452,952.6965942382812,28.693086624145508,158.5792694091797,0.6420508623123169,1082.95849609375,52.94639205932617,161.47488403320312,1.048264980316162,15263.1611328125,1.3380498886108398,2.079951763153076,0.40307560563087463,2.809093475341797,1507317.9712363232
