epochs,full_psnr,ssim,lpips,train_psnr,test_psnr
0,6.692741394042969,0.28251904249191284,,6.798619747161865,0.0
500,21.1177978515625,0.5040512681007385,,26.948577880859375,0.0
1000,21.737594604492188,0.5397120118141174,,30.43515396118164,0.0
1500,21.883058547973633,0.5245375633239746,,35.906280517578125,0.0
1999,21.772159576416016,0.4988119304180145,,42.364349365234375,0.0
