epochs,full_psnr,ssim,lpips,train_psnr,test_psnr
0,6.756554126739502,0.015894075855612755,,6.807634353637695,0.0
500,22.538055419921875,0.5492022037506104,,23.895221710205078,0.0
1000,22.962331771850586,0.5678359270095825,,26.45160484313965,0.0
1500,22.55490493774414,0.5573988556861877,,26.546171188354492,0.0
2000,23.655227661132812,0.5998583436012268,,26.22893524169922,0.0
2500,23.402408599853516,0.5925447344779968,,27.87510108947754,0.0
3000,24.396970748901367,0.6358343958854675,,28.691551208496094,0.0
3500,25.001731872558594,0.6481130719184875,,34.67913818359375,0.0
3999,24.614730834960938,0.6108157634735107,,39.29907989501953,0.0
