epochs,full_psnr,ssim,lpips,train_psnr,test_psnr
0,3.3005175590515137,0.22092147171497345,,3.337719678878784,0.0
500,19.06865692138672,0.29499709606170654,,21.066871643066406,0.0
1000,21.282203674316406,0.37419572472572327,,25.323169708251953,0.0
1500,21.665361404418945,0.4041268825531006,,26.62571144104004,0.0
2000,21.863998413085938,0.40979936718940735,,27.786357879638672,0.0
2500,22.063005447387695,0.40550780296325684,,30.282909393310547,0.0
3000,21.85286521911621,0.367661714553833,,33.46276092529297,0.0
3500,21.605432510375977,0.34093499183654785,,35.132904052734375,0.0
3999,21.5082950592041,0.3263895809650421,,38.83987045288086,0.0
