epochs,full_psnr,ssim,lpips,train_psnr,test_psnr
0,5.588298797607422,0.16552075743675232,,5.680087089538574,0.0
500,18.534629821777344,0.28674808144569397,,21.776609420776367,0.0
1000,19.413375854492188,0.29852038621902466,,25.3721981048584,0.0
1500,19.242462158203125,0.2727658748626709,,30.901525497436523,0.0
1999,18.971378326416016,0.24919266998767853,,36.35103225708008,0.0
