epochs,full_psnr,ssim,lpips,train_psnr,test_psnr
0,6.873763084411621,0.29124900698661804,,6.989993095397949,0.0
500,21.120779037475586,0.6186915040016174,,26.228830337524414,0.0
1000,21.000394821166992,0.6126859784126282,,26.118688583374023,0.0
1500,19.041030883789062,0.5393626093864441,,21.84435272216797,0.0
2000,19.349225997924805,0.5344522595405579,,21.798017501831055,0.0
2500,21.84697151184082,0.6709132194519043,,30.133007049560547,0.0
2999,22.39992332458496,0.6758761405944824,,39.507652282714844,0.0
