Epoch,stable_rank_layer_0,effective_rank_layer_0,spectral_norm_layer_0,condition_number_layer_0,stable_rank_layer_1,effective_rank_layer_1,spectral_norm_layer_1,condition_number_layer_1,stable_rank_layer_2,effective_rank_layer_2,spectral_norm_layer_2,condition_number_layer_2,stable_rank_layer_3,effective_rank_layer_3,spectral_norm_layer_3,condition_number_layer_3,stable_rank_layer_4,effective_rank_layer_4,spectral_norm_layer_4,condition_number_layer_4,end_to_end_bound
0,1.8625924587249756,1.9945602416992188,5.195930004119873,1.0767061710357666,76.59061431884766,182.28965759277344,0.07016339153051376,405.2799987792969,77.510986328125,182.57481384277344,0.06972088664770126,565.2139282226562,77.6730728149414,181.56564331054688,0.06919337064027786,633.8610229492188,1.0032005310058594,1.0240147113800049,0.9032908082008362,25.521854400634766,4066.949786072039
500,1.8789565563201904,1.9958512783050537,6.108344554901123,1.066636085510254,55.265480041503906,158.45787048339844,0.353195458650589,3387.047119140625,28.151718139648438,161.88156127929688,0.6350941061973572,3479.5546875,52.16288757324219,154.20742797851562,0.9619946479797363,10525.6552734375,1.1089063882827759,1.3890811204910278,0.35936784744262695,25.026315689086914,1212630.7003582877
1000,1.8788187503814697,1.995841383934021,6.108938217163086,1.0667197704315186,57.54340362548828,159.0480194091797,0.3465375304222107,843.6657104492188,30.434736251831055,163.0785675048828,0.6128383874893188,1492.887939453125,55.209381103515625,159.39157104492188,0.9999021291732788,67993.9140625,1.1119006872177124,1.4053022861480713,0.35803651809692383,17.09081268310547,1189013.412453827
1500,1.8788501024246216,1.9958436489105225,6.109134197235107,1.0667006969451904,58.195743560791016,159.2510223388672,0.3451537787914276,785.8045654296875,30.899023056030273,162.9360809326172,0.6110332608222961,30423.041015625,56.36883544921875,160.13731384277344,0.9976267218589783,8392.46484375,1.119293451309204,1.4295731782913208,0.3614906072616577,14.384514808654785,1189493.8608109753
1999,1.8788435459136963,1.9958431720733643,6.109134674072266,1.0667048692703247,58.28134536743164,159.31179809570312,0.344865083694458,879.43212890625,30.94824981689453,162.93856811523438,0.6106553077697754,125794.46875,56.343605041503906,160.23509216308594,1.0020986795425415,211358.03125,1.122671365737915,1.4438289403915405,0.36227840185165405,12.52534294128418,1195688.2452672538
