epochs,full_psnr,ssim,lpips,train_psnr,test_psnr
0,4.139172077178955,0.3001512587070465,,4.215017318725586,0.0
500,20.78153419494629,0.5675369501113892,,27.624221801757812,0.0
1000,21.462507247924805,0.6136461496353149,,31.824113845825195,0.0
1500,21.638452529907227,0.6020522713661194,,38.081607818603516,0.0
1999,21.587875366210938,0.5760154724121094,,43.60320281982422,0.0
