epochs,full_psnr,ssim,lpips,train_psnr,test_psnr
0,8.427739143371582,0.31100401282310486,,8.470366477966309,0.0
500,11.963061332702637,0.6064414381980896,,12.056756019592285,0.0
1000,11.970314979553223,0.6688016057014465,,12.066690444946289,0.0
1500,11.972858428955078,0.695911705493927,,12.068782806396484,0.0
1999,11.973997116088867,0.7061266899108887,,12.08013916015625,0.0
