Epoch,stable_rank_layer_0,effective_rank_layer_0,spectral_norm_layer_0,condition_number_layer_0,stable_rank_layer_1,effective_rank_layer_1,spectral_norm_layer_1,condition_number_layer_1,stable_rank_layer_2,effective_rank_layer_2,spectral_norm_layer_2,condition_number_layer_2,stable_rank_layer_3,effective_rank_layer_3,spectral_norm_layer_3,condition_number_layer_3,stable_rank_layer_4,effective_rank_layer_4,spectral_norm_layer_4,condition_number_layer_4,end_to_end_bound
0,1.8759571313858032,1.9956294298171997,7.388733386993408,1.0684608221054077,77.90276336669922,182.55044555664062,1.1331145763397217,1044.4595947265625,76.53007507324219,182.2119598388672,1.1450681686401367,15655.4716796875,75.4630355834961,181.2874298095703,1.152267336845398,659.0721435546875,1.8564822673797607,2.735804796218872,0.6378897428512573,1.6319704055786133,1127441.5004676008
500,1.8316423892974854,1.9915573596954346,8.315122604370117,1.0965582132339478,78.37733459472656,182.1983184814453,1.1304997205734253,3793.9990234375,77.40028381347656,181.014892578125,1.0992658138275146,795.5789184570312,69.31526184082031,175.3620147705078,1.1180095672607422,4284.634765625,1.3286184072494507,2.048215866088867,0.6357661485671997,3.0176758766174316,1175180.9459495514
1000,1.834153652191162,1.991829514503479,8.532471656799316,1.0949064493179321,76.46845245361328,181.12498474121094,1.1440309286117554,1218.0653076171875,77.83956146240234,180.49920654296875,1.0853842496871948,1794.1588134765625,63.902584075927734,172.5768585205078,1.2501521110534668,654.6294555664062,1.3219505548477173,2.0134501457214355,0.734276294708252,3.322558641433716,1556103.5162284982
1500,1.836643934249878,1.9920945167541504,8.691703796386719,1.093275547027588,75.0754165649414,180.14193725585938,1.1738648414611816,685.87255859375,75.42217254638672,179.47532653808594,1.1130796670913696,2211.1591796875,62.6082878112793,168.16844177246094,1.3954641819000244,283.50921630859375,1.2842066287994385,1.9145883321762085,0.8979692459106445,3.8608062267303467,2276928.544683983
1999,1.8362568616867065,1.992053508758545,8.703726768493652,1.0935287475585938,74.82064056396484,179.9230499267578,1.1901981830596924,2598.8876953125,73.72027587890625,179.22381591796875,1.1564017534255981,1484.802978515625,62.11866760253906,168.2457733154297,1.5724318027496338,2092.8466796875,1.238508701324463,1.7728750705718994,1.3151636123657227,5.221134662628174,3963737.262541759
