Epoch,stable_rank_layer_0,effective_rank_layer_0,spectral_norm_layer_0,condition_number_layer_0,stable_rank_layer_1,effective_rank_layer_1,spectral_norm_layer_1,condition_number_layer_1,stable_rank_layer_2,effective_rank_layer_2,spectral_norm_layer_2,condition_number_layer_2,stable_rank_layer_3,effective_rank_layer_3,spectral_norm_layer_3,condition_number_layer_3,stable_rank_layer_4,effective_rank_layer_4,spectral_norm_layer_4,condition_number_layer_4,end_to_end_bound
0,1.8618746995925903,1.9944988489151,5.199634075164795,1.077154278755188,76.55160522460938,182.32669067382812,0.07015886157751083,280.77435302734375,77.67973327636719,182.57298278808594,0.06957483291625977,440.9970397949219,77.93925476074219,181.73532104492188,0.06907164305448532,5122.67529296875,1.0032005310058594,1.0240147113800049,0.9032909274101257,25.52186393737793,4053.9173218323954
500,1.8836842775344849,1.9961881637573242,6.2296037673950195,1.0637791156768799,29.41611099243164,150.0241241455078,0.3383575975894928,3278.37890625,12.829035758972168,137.78578186035156,0.5129650831222534,1926.4381103515625,12.05479621887207,87.87894439697266,0.755061686038971,9424.4755859375,1.2563153505325317,1.8508538007736206,0.2363872230052948,4.129650115966797,494049.6077743625
1000,1.882657766342163,1.9961166381835938,6.23305082321167,1.0643974542617798,30.32642364501953,150.5311737060547,0.3392792344093323,8784.5283203125,17.058109283447266,148.00228881835938,0.43537795543670654,1067.9439697265625,12.551656723022461,93.00801849365234,0.7450610399246216,14023.4638671875,1.2701729536056519,1.88565993309021,0.23214703798294067,3.9424641132354736,407679.9465861035
1500,1.8827624320983887,1.9961236715316772,6.2329607009887695,1.0643342733383179,30.597597122192383,150.57589721679688,0.3403576612472534,632.5010375976562,17.592823028564453,148.7235870361328,0.4291211664676666,1180.5989990234375,12.934067726135254,96.52023315429688,0.749379575252533,23481.802734375,1.2797472476959229,1.9069744348526,0.23231641948223114,3.8615803718566895,405724.8226059381
1999,1.8827576637268066,1.9961235523223877,6.232924461364746,1.064337134361267,30.636871337890625,150.6674041748047,0.3405062258243561,1052.1636962890625,17.550241470336914,148.59783935546875,0.4304487705230713,15304.685546875,13.075881958007812,97.24617767333984,0.7576670050621033,10882.2529296875,1.2810719013214111,1.9088060855865479,0.23350374400615692,3.86875581741333,413761.979545089
