epochs,full_psnr,ssim,lpips,train_psnr,test_psnr
0,6.770384788513184,0.4162696301937103,,6.794476509094238,0.0
500,27.274612426757812,0.7853127121925354,,30.823074340820312,0.0
1000,28.712940216064453,0.8290818333625793,,35.7338981628418,0.0
1500,29.416200637817383,0.8413695693016052,,43.45317459106445,0.0
1999,29.450666427612305,0.8343669772148132,,47.85845947265625,0.0
