epochs,full_psnr,ssim,lpips,train_psnr,test_psnr
0,6.912532329559326,0.29170095920562744,,7.030061721801758,0.0
500,18.54181671142578,0.4060117304325104,,21.20823860168457,0.0
1000,19.522106170654297,0.4729192554950714,,23.17569351196289,0.0
1500,20.132932662963867,0.49249231815338135,,25.8535213470459,0.0
2000,20.480281829833984,0.4815957844257355,,31.740375518798828,0.0
2500,20.26339340209961,0.451905757188797,,35.58366775512695,0.0
2999,20.201499938964844,0.4438100755214691,,39.927894592285156,0.0
