epochs,full_psnr,ssim,lpips,train_psnr,test_psnr
0,10.116034507751465,0.6514373421669006,,10.179460525512695,0.0
500,22.41961669921875,0.7699427008628845,,23.637588500976562,0.0
1000,23.868270874023438,0.7787505984306335,,25.65863800048828,0.0
1500,8.098852157592773,0.502568781375885,,8.131317138671875,0.0
2000,22.803926467895508,0.7712781429290771,,24.140913009643555,0.0
2500,24.031946182250977,0.7786837220191956,,25.919897079467773,0.0
2999,24.511232376098633,0.7815842628479004,,26.69329071044922,0.0
