Epoch,stable_rank_layer_0,effective_rank_layer_0,spectral_norm_layer_0,condition_number_layer_0,stable_rank_layer_1,effective_rank_layer_1,spectral_norm_layer_1,condition_number_layer_1,stable_rank_layer_2,effective_rank_layer_2,spectral_norm_layer_2,condition_number_layer_2,stable_rank_layer_3,effective_rank_layer_3,spectral_norm_layer_3,condition_number_layer_3,stable_rank_layer_4,effective_rank_layer_4,spectral_norm_layer_4,condition_number_layer_4,end_to_end_bound
0,1.857252597808838,1.9940954446792603,5.174139499664307,1.0800542831420898,76.41275024414062,182.28530883789062,0.07030098885297775,279.6508483886719,77.69329071044922,182.61705017089844,0.06970879435539246,506.5682373046875,77.76815032958984,181.38037109375,0.06916976720094681,747.7964477539062,1.0032005310058594,1.0240147113800049,0.9032908082008362,25.521875381469727,4055.7484333321536
500,1.878588080406189,1.9958245754241943,6.501327991485596,1.0668598413467407,87.8612060546875,194.43264770507812,0.4343070685863495,334.61767578125,49.76342010498047,184.75442504882812,0.8165677189826965,1361.2476806640625,72.24507141113281,193.26547241210938,1.0129441022872925,9253.197265625,1.006287932395935,1.0389575958251953,0.29171591997146606,146.2074737548828,1744121.5890835566
1000,1.878190517425537,1.9957953691482544,6.5043511390686035,1.0671013593673706,86.04019165039062,192.48098754882812,0.42521142959594727,1321.9599609375,51.43502426147461,180.11627197265625,0.7599360942840576,1343.9400634765625,73.51579284667969,190.84262084960938,1.0677199363708496,11039.9931640625,1.169269323348999,1.5126525163650513,0.3810555934906006,151.5940704345703,2189130.436122972
1500,1.8779571056365967,1.995778203010559,6.50567102432251,1.067242980003357,85.57617950439453,191.74603271484375,0.42389199137687683,1399.816162109375,52.41078186035156,180.0395965576172,0.7491986751556396,10390.73046875,74.08893585205078,190.26039123535156,1.0804448127746582,651774.3125,1.1889032125473022,1.5525329113006592,0.43917354941368103,54.65168380737305,2509707.1046826895
1999,1.8779833316802979,1.9957802295684814,6.505741596221924,1.0672271251678467,85.61746215820312,191.81105041503906,0.4240429997444153,450.7759704589844,52.6088981628418,180.02774047851562,0.7496420741081238,1400.6541748046875,74.1892318725586,190.21311950683594,1.0791981220245361,16672.09765625,1.1807209253311157,1.5376307964324951,0.44981417059898376,51.8599739074707,2570010.752433783
