epochs,full_psnr,ssim,lpips,train_psnr,test_psnr
0,3.3005175590515137,0.22092147171497345,,3.337719678878784,0.0
500,18.782243728637695,0.269821435213089,,20.73509407043457,0.0
1000,19.368499755859375,0.2575470507144928,,22.298084259033203,0.0
1500,19.563434600830078,0.21934570372104645,,28.602407455444336,0.0
1999,18.88517951965332,0.17663030326366425,,34.416778564453125,0.0
