epochs,full_psnr,ssim,lpips,train_psnr,test_psnr
0,5.825725078582764,0.016336532309651375,,5.855271339416504,0.0
500,26.345491409301758,0.7685883045196533,,31.623912811279297,0.0
1000,26.60799789428711,0.7863263487815857,,29.926956176757812,0.0
1500,26.581823348999023,0.8055019974708557,,31.972854614257812,0.0
2000,25.998613357543945,0.8010518550872803,,30.420196533203125,0.0
2500,26.928903579711914,0.8177776336669922,,30.804330825805664,0.0
3000,27.89995002746582,0.8374668955802917,,35.60358810424805,0.0
3500,27.98418426513672,0.835199773311615,,42.29816436767578,0.0
3999,28.079421997070312,0.822474479675293,,48.204994201660156,0.0
