Epoch,stable_rank_layer_0,effective_rank_layer_0,spectral_norm_layer_0,condition_number_layer_0,stable_rank_layer_1,effective_rank_layer_1,spectral_norm_layer_1,condition_number_layer_1,stable_rank_layer_2,effective_rank_layer_2,spectral_norm_layer_2,condition_number_layer_2,stable_rank_layer_3,effective_rank_layer_3,spectral_norm_layer_3,condition_number_layer_3,stable_rank_layer_4,effective_rank_layer_4,spectral_norm_layer_4,condition_number_layer_4,end_to_end_bound
0,1.8975046873092651,1.9970828294754028,7.2995524406433105,1.0555567741394043,77.90155029296875,182.5568084716797,1.1331151723861694,1073.3970947265625,76.51676940917969,182.2077178955078,1.145174503326416,8785.619140625,75.4579086303711,181.28604125976562,1.1522135734558105,622.5086669921875,1.7212802171707153,2.6389472484588623,0.8755627870559692,1.6786624193191528,1528911.0608679294
500,1.8907872438430786,1.9966646432876587,7.9088826179504395,1.059529423713684,76.04837036132812,181.97335815429688,1.1438813209533691,1145.7760009765625,77.08329772949219,181.95497131347656,1.1106524467468262,6765.033203125,68.42214965820312,171.77171325683594,1.0450782775878906,3637.35205078125,1.030382752418518,1.1491625308990479,0.6884783506393433,25.00893783569336,1156733.64459045
1000,1.88076651096344,1.9959824085235596,8.16500473022461,1.0655395984649658,74.7975845336914,180.92938232421875,1.1546772718429565,1302.9085693359375,76.46170043945312,181.5843505859375,1.0999832153320312,791.6741333007812,62.728511810302734,168.6201171875,1.0866574048995972,988.7110595703125,1.0314821004867554,1.1582229137420654,0.8157762289047241,17.286792755126953,1470912.3318374117
1500,1.872706413269043,1.995381474494934,8.40392017364502,1.0704487562179565,74.17780303955078,179.69873046875,1.1792086362838745,1220.9793701171875,73.62117004394531,180.41067504882812,1.127167820930481,1448.688232421875,60.77470016479492,164.5567169189453,1.128475308418274,1417.879638671875,1.0289133787155151,1.151004433631897,0.9885694980621338,14.505003929138184,1993794.535855955
1999,1.871193528175354,1.9952634572982788,8.435033798217773,1.0713777542114258,73.27567291259766,179.4613800048828,1.2004830837249756,2463.786865234375,73.70047760009766,180.3869171142578,1.1539294719696045,225.80960083007812,57.55335998535156,166.95046997070312,1.286561369895935,816.181884765625,1.0132168531417847,1.0789225101470947,1.5521007776260376,19.799959182739258,3733297.020950561
