epochs,full_psnr,ssim,lpips,train_psnr,test_psnr
0,5.9831719398498535,0.014099025167524815,,6.077077388763428,0.0
500,19.070947647094727,0.48835811018943787,,21.41785430908203,0.0
1000,18.563146591186523,0.46793127059936523,,21.109888076782227,0.0
1500,20.332775115966797,0.5744485259056091,,22.19550895690918,0.0
1999,21.91726303100586,0.6157230734825134,,36.336036682128906,0.0
