epochs,full_psnr,ssim,lpips,train_psnr,test_psnr
0,4.36135196685791,0.16086429357528687,,4.386353015899658,0.0
500,23.932647705078125,0.5552894473075867,,27.089128494262695,0.0
1000,24.231647491455078,0.569100558757782,,27.568172454833984,0.0
1500,24.185958862304688,0.5739960670471191,,27.489910125732422,0.0
2000,24.298011779785156,0.5814781188964844,,27.71880340576172,0.0
2500,25.698631286621094,0.6522652506828308,,31.854467391967773,0.0
2999,26.130489349365234,0.657708466053009,,37.56868362426758,0.0
