Epoch,stable_rank_layer_0,effective_rank_layer_0,spectral_norm_layer_0,condition_number_layer_0,stable_rank_layer_1,effective_rank_layer_1,spectral_norm_layer_1,condition_number_layer_1,stable_rank_layer_2,effective_rank_layer_2,spectral_norm_layer_2,condition_number_layer_2,stable_rank_layer_3,effective_rank_layer_3,spectral_norm_layer_3,condition_number_layer_3,stable_rank_layer_4,effective_rank_layer_4,spectral_norm_layer_4,condition_number_layer_4,end_to_end_bound
0,1.8780766725540161,1.9957871437072754,7.332607269287109,1.0671703815460205,77.86697387695312,182.5493927001953,1.1333624124526978,1046.23779296875,76.52740478515625,182.2093505859375,1.1451127529144287,5145.455078125,75.47350311279297,181.2840576171875,1.1518570184707642,589.6665649414062,1.8425712585449219,2.7318153381347656,0.9160671830177307,1.6068366765975952,10.041564447747449
500,1.703310251235962,1.969735860824585,15.220795631408691,1.1924124956130981,65.0460205078125,172.19117736816406,1.6446726322174072,1196.164794921875,60.69118118286133,170.7000274658203,1.6890047788619995,477.4503479003906,55.75371170043945,169.31414794921875,1.6135098934173584,1826.8720703125,1.0704036951065063,1.3127299547195435,7.315502166748047,9.25546646118164,499.0723102059827
1000,1.6769804954528809,1.9630111455917358,16.755125045776367,1.2153794765472412,65.17923736572266,158.46377563476562,2.3987083435058594,1295.8966064453125,61.68063735961914,153.78152465820312,2.4048876762390137,996.7676391601562,42.46586227416992,141.17601013183594,2.342055559158325,6327.3525390625,1.0480786561965942,1.2325336933135986,8.068517684936523,10.223099708557129,1826.4629401144296
1500,1.6656503677368164,1.9598400592803955,17.670324325561523,1.2256795167922974,62.72284698486328,149.74851989746094,3.131693124771118,619.9092407226562,59.169960021972656,143.33364868164062,3.0981178283691406,3411.82080078125,36.93138885498047,123.25880432128906,2.978018283843994,1551.3985595703125,1.040309190750122,1.2016626596450806,8.85948371887207,10.945219993591309,4523.321165922665
1999,1.6592267751693726,1.9579652547836304,18.055349349975586,1.2316365242004395,61.58677673339844,146.8644561767578,3.5232160091400146,807.0809326171875,58.25377655029297,140.17239379882812,3.4733290672302246,1545.1080322265625,35.40348815917969,115.67845916748047,3.3438215255737305,5448.7060546875,1.0361846685409546,1.1843321323394775,9.534528732299805,11.60340690612793,7044.228229715968
