epochs,full_psnr,ssim,lpips,train_psnr,test_psnr
0,10.116231918334961,0.6514436602592468,,10.179658889770508,0.0
500,22.59095001220703,0.7714698314666748,,23.853092193603516,0.0
1000,24.01131820678711,0.7798448204994202,,25.87603759765625,0.0
1500,24.77676010131836,0.7867047786712646,,27.096729278564453,0.0
1999,25.26078224182129,0.7922784686088562,,28.016822814941406,0.0
