epochs,full_psnr,ssim,lpips,train_psnr,test_psnr
0,5.826852321624756,0.016337038949131966,,5.857013702392578,0.0
500,26.289033889770508,0.7617691159248352,,31.80097770690918,0.0
1000,26.635478973388672,0.8012986779212952,,32.23933792114258,0.0
1500,26.389589309692383,0.8040669560432434,,31.731910705566406,0.0
2000,25.578079223632812,0.7922713756561279,,28.5329532623291,0.0
2500,25.90204429626465,0.8022543787956238,,29.76294708251953,0.0
3000,26.825172424316406,0.81349116563797,,31.025312423706055,0.0
3500,27.043502807617188,0.8187044262886047,,32.866004943847656,0.0
3999,27.396915435791016,0.82282954454422,,34.129913330078125,0.0
