epochs,full_psnr,ssim,lpips,train_psnr,test_psnr
0,5.826852321624756,0.016337038949131966,,5.857013702392578,0.0
500,27.152603149414062,0.7673821449279785,,32.04051971435547,0.0
1000,27.685747146606445,0.774385929107666,,34.12322235107422,0.0
1500,27.370393753051758,0.7232301235198975,,42.204593658447266,0.0
1999,27.18706512451172,0.7012680172920227,,43.45728302001953,0.0
