epochs,full_psnr,ssim,lpips,train_psnr,test_psnr
0,9.59344482421875,0.3590971529483795,,9.87125015258789,0.0
500,14.135059356689453,0.42550554871559143,,14.981744766235352,0.0
1000,15.607447624206543,0.4399958848953247,,16.844926834106445,0.0
1500,16.732288360595703,0.4606896936893463,,18.39784812927246,0.0
1999,17.404285430908203,0.47451210021972656,,19.462696075439453,0.0
