epochs,full_psnr,ssim,lpips,train_psnr,test_psnr
0,6.1330742835998535,0.013728980906307697,,6.230442047119141,0.0
500,20.233352661132812,0.4579389989376068,,24.605262756347656,0.0
1000,20.240070343017578,0.46660614013671875,,24.29944610595703,0.0
1500,21.084468841552734,0.5111629366874695,,25.210926055908203,0.0
2000,21.17288589477539,0.51444011926651,,25.291522979736328,0.0
2500,20.716506958007812,0.5032415986061096,,25.473979949951172,0.0
3000,20.636886596679688,0.5086840987205505,,27.23505401611328,0.0
3500,22.104202270507812,0.5699677467346191,,33.30200958251953,0.0
3999,21.934066772460938,0.5362825393676758,,38.45951843261719,0.0
