epochs,full_psnr,ssim,lpips,train_psnr,test_psnr
0,9.593360900878906,0.3590947091579437,,9.871161460876465,0.0
500,14.134574890136719,0.4275852143764496,,14.979472160339355,0.0
1000,15.699256896972656,0.4423963129520416,,16.958511352539062,0.0
1500,16.42823028564453,0.45489656925201416,,17.987606048583984,0.0
2000,16.940876007080078,0.4602631628513336,,18.717838287353516,0.0
2500,14.803186416625977,0.4291606843471527,,15.802021026611328,0.0
3000,15.839285850524902,0.44113287329673767,,17.15450668334961,0.0
3500,16.486106872558594,0.45110106468200684,,18.058902740478516,0.0
3999,16.807979583740234,0.4571060240268707,,18.53901481628418,0.0
