Epoch,stable_rank_layer_0,effective_rank_layer_0,spectral_norm_layer_0,condition_number_layer_0,stable_rank_layer_1,effective_rank_layer_1,spectral_norm_layer_1,condition_number_layer_1,stable_rank_layer_2,effective_rank_layer_2,spectral_norm_layer_2,condition_number_layer_2,stable_rank_layer_3,effective_rank_layer_3,spectral_norm_layer_3,condition_number_layer_3,stable_rank_layer_4,effective_rank_layer_4,spectral_norm_layer_4,condition_number_layer_4,end_to_end_bound
0,1.8513197898864746,1.993553638458252,5.207705497741699,1.0838111639022827,76.3629150390625,182.12979125976562,0.07031220197677612,2161.297607421875,77.16963958740234,182.4559326171875,0.06996163725852966,315.4429931640625,77.56034851074219,181.47769165039062,0.0692407563328743,1681.092529296875,1.0086669921875,1.0563889741897583,0.9006854295730591,18.799667358398438,inf
500,1.8708969354629517,1.9952402114868164,7.585968971252441,1.0715603828430176,95.0610122680664,201.02162170410156,0.6448630690574646,492.4501647949219,104.3675308227539,221.56813049316406,0.7571119070053101,311.90264892578125,102.23724365234375,219.33395385742188,1.0248972177505493,11751.337890625,1.0008351802825928,1.0068260431289673,0.27354952692985535,317.6810607910156,inf
1000,1.8920745849609375,1.9967472553253174,9.445042610168457,1.0587645769119263,87.36357879638672,191.92869567871094,0.7746692299842834,2289.52197265625,94.84455871582031,206.4566650390625,0.8764447569847107,665.5814819335938,99.04093170166016,209.5498504638672,1.109644889831543,4361.2001953125,1.0005735158920288,1.004911184310913,0.270002156496048,326.9224548339844,inf
1500,1.9438252449035645,1.9991650581359863,10.08184814453125,1.0293290615081787,86.85173797607422,190.49795532226562,0.7969119548797607,1781.8106689453125,93.1009750366211,203.9319305419922,0.9042280316352844,644.7357177734375,97.45838928222656,208.1118621826172,1.1342843770980835,8114.15087890625,1.0004812479019165,1.0041875839233398,0.2675729990005493,495.62396240234375,inf
1999,1.9299650192260742,1.998683214187622,10.169154167175293,1.0369712114334106,86.95428466796875,190.4984130859375,0.7969942092895508,635.5794677734375,93.00711822509766,203.79835510253906,0.9052956104278564,1782.4818115234375,97.6452865600586,207.9964599609375,1.1342519521713257,23574.380859375,1.0004605054855347,1.004010796546936,0.2665325105190277,1100.4561767578125,inf
