epochs,full_psnr,ssim,lpips,train_psnr,test_psnr
0,7.013458728790283,0.2838958501815796,,7.12825345993042,0.0
500,21.288402557373047,0.5260366797447205,,27.238079071044922,0.0
1000,21.256256103515625,0.5327393412590027,,27.5832576751709,0.0
1500,21.38953971862793,0.5384700894355774,,27.729114532470703,0.0
2000,20.936315536499023,0.5196471214294434,,26.491844177246094,0.0
2500,20.73807716369629,0.5073171257972717,,25.750673294067383,0.0
3000,21.73711585998535,0.5678660273551941,,28.280323028564453,0.0
3500,22.358673095703125,0.6046361327171326,,32.9945068359375,0.0
3999,22.293691635131836,0.5822557806968689,,42.08837127685547,0.0
