epochs,full_psnr,ssim,lpips,train_psnr,test_psnr
0,9.59344482421875,0.3590971529483795,,9.87125015258789,0.0
500,14.126901626586914,0.4257928431034088,,14.966268539428711,0.0
1000,15.642643928527832,0.4422016441822052,,16.916431427001953,0.0
1500,16.523035049438477,0.4570625126361847,,18.116304397583008,0.0
2000,17.072969436645508,0.46875643730163574,,18.938034057617188,0.0
2500,17.508922576904297,0.4787839353084564,,19.619487762451172,0.0
3000,17.779403686523438,0.4842102527618408,,20.08449935913086,0.0
3500,17.911178588867188,0.48770079016685486,,20.31133460998535,0.0
3999,17.933673858642578,0.488295316696167,,20.351154327392578,0.0
