epochs,full_psnr,ssim,lpips,train_psnr,test_psnr
0,6.135438919067383,0.013768360018730164,,6.232287883758545,0.0
500,21.01082992553711,0.49085602164268494,,24.962129592895508,0.0
1000,20.329992294311523,0.47787296772003174,,25.094568252563477,0.0
1500,20.84648323059082,0.5033119320869446,,23.839733123779297,0.0
2000,21.053503036499023,0.5142623782157898,,25.57936668395996,0.0
2500,20.76474380493164,0.5013256072998047,,25.933467864990234,0.0
3000,21.94797134399414,0.5640266537666321,,27.905122756958008,0.0
3500,22.17186164855957,0.5698772072792053,,33.520565032958984,0.0
3999,21.889188766479492,0.5257850885391235,,38.89938735961914,0.0
