Epoch,stable_rank_layer_0,effective_rank_layer_0,spectral_norm_layer_0,condition_number_layer_0,stable_rank_layer_1,effective_rank_layer_1,spectral_norm_layer_1,condition_number_layer_1,stable_rank_layer_2,effective_rank_layer_2,spectral_norm_layer_2,condition_number_layer_2,stable_rank_layer_3,effective_rank_layer_3,spectral_norm_layer_3,condition_number_layer_3,stable_rank_layer_4,effective_rank_layer_4,spectral_norm_layer_4,condition_number_layer_4,end_to_end_bound
0,1.8625924587249756,1.9945602416992188,5.195930004119873,1.0767061710357666,76.59061431884766,182.28965759277344,0.07016339153051376,405.2799987792969,77.510986328125,182.57481384277344,0.06972088664770126,565.2139282226562,77.6730728149414,181.56564331054688,0.06919337064027786,633.8610229492188,1.0032005310058594,1.0240147113800049,0.9032908082008362,25.521854400634766,4066.949786072039
500,1.890438437461853,1.996641993522644,6.077385425567627,1.059736967086792,58.350460052490234,159.51535034179688,0.3555923104286194,701.4324951171875,29.774913787841797,162.0557861328125,0.6365671157836914,838.9717407226562,51.36698532104492,159.44105529785156,1.0400893688201904,8715.4052734375,1.1345157623291016,1.4507237672805786,0.35899630188941956,24.319759368896484,1314964.226856439
1000,1.8901021480560303,1.9966202974319458,6.083288192749023,1.0599371194839478,59.7593994140625,161.99081420898438,0.3423857092857361,12131.46484375,37.10908126831055,165.33285522460938,0.5513745546340942,5245.1181640625,59.4434700012207,166.2516326904297,1.113879680633545,10742.4833984375,1.1645828485488892,1.524890422821045,0.34533578157424927,16.88983917236328,1130890.5304308252
1500,1.889467477798462,1.9965788125991821,6.094622611999512,1.0603152513504028,60.404075622558594,160.7570343017578,0.33470839262008667,956.606201171875,43.568450927734375,166.4895477294922,0.5005237460136414,1534.350830078125,63.32944869995117,169.5199737548828,1.2204034328460693,17651.48046875,1.1537206172943115,1.5065770149230957,0.3451233208179474,15.058023452758789,1100920.0966141755
1999,1.889612078666687,1.9965882301330566,6.094788074493408,1.0602288246154785,60.34130859375,159.62599182128906,0.34370550513267517,825.3920288085938,43.78852462768555,165.9959259033203,0.5106169581413269,701.6096801757812,64.67853546142578,170.01214599609375,1.2474303245544434,23112.166015625,1.162846565246582,1.547879934310913,0.3533303737640381,10.102890014648438,1206917.4513702898
