epochs,full_psnr,ssim,lpips,train_psnr,test_psnr
0,4.139172077178955,0.3001512587070465,,4.215017318725586,0.0
500,20.141077041625977,0.5464066863059998,,25.845720291137695,0.0
1000,20.348642349243164,0.561017632484436,,26.090612411499023,0.0
1500,21.14158821105957,0.6036021113395691,,28.634323120117188,0.0
1999,21.75118637084961,0.6341456174850464,,39.52290725708008,0.0
