Epoch,stable_rank_layer_0,effective_rank_layer_0,spectral_norm_layer_0,condition_number_layer_0,stable_rank_layer_1,effective_rank_layer_1,spectral_norm_layer_1,condition_number_layer_1,stable_rank_layer_2,effective_rank_layer_2,spectral_norm_layer_2,condition_number_layer_2,stable_rank_layer_3,effective_rank_layer_3,spectral_norm_layer_3,condition_number_layer_3,stable_rank_layer_4,effective_rank_layer_4,spectral_norm_layer_4,condition_number_layer_4,end_to_end_bound
0,1.8654447793960571,1.9947994947433472,5.194754123687744,1.0749303102493286,76.64292907714844,182.2366485595703,0.07018312811851501,241.2064666748047,77.76519012451172,182.58151245117188,0.06968056410551071,1530.6170654296875,77.7973403930664,181.39048767089844,0.06913591176271439,1351.6580810546875,1.0032005310058594,1.0240147113800049,0.9032905697822571,25.521852493286133,4061.4443961690927
500,1.8803609609603882,1.9959532022476196,6.4764556884765625,1.0657850503921509,83.9023208618164,191.6691436767578,0.41416797041893005,524.1714477539062,48.09454345703125,182.6736602783203,0.8191410899162292,2002.4388427734375,69.6132583618164,190.38671875,0.994499921798706,10792.8896484375,1.0065478086471558,1.0401164293289185,0.47193679213523865,275.9730529785156,2639983.2702495595
1000,1.8805712461471558,1.9959683418273926,6.477964878082275,1.0656577348709106,82.2281265258789,190.11500549316406,0.408924400806427,1082.56494140625,48.58118438720703,178.578369140625,0.7798141837120056,727.3945922851562,71.79603576660156,188.02566528320312,1.0488972663879395,4789.65234375,1.0088478326797485,1.0518198013305664,0.4704726040363312,159.14859008789062,2609636.411013349
1500,1.8806829452514648,1.995976209640503,6.478000164031982,1.0655901432037354,82.58292388916016,189.8812713623047,0.4074237644672394,1141.08935546875,48.65441131591797,178.39443969726562,0.7819640040397644,4255.67138671875,73.13143157958984,187.41563415527344,1.057344913482666,5091.7275390625,1.0099596977233887,1.0571306943893433,0.4827786087989807,186.83938598632812,2696986.286820839
1999,1.880691647529602,1.9959769248962402,6.477986812591553,1.0655848979949951,82.52970123291016,189.9001922607422,0.4075796902179718,1930.0421142578125,48.673667907714844,178.39317321777344,0.7819123864173889,5205.466796875,73.43224334716797,187.16844177246094,1.0537559986114502,7504.32177734375,1.0139552354812622,1.0765148401260376,0.48461854457855225,68.98130798339844,2698924.536361975
