epochs,full_psnr,ssim,lpips,train_psnr,test_psnr
0,13.180349349975586,0.254138320684433,,13.35710334777832,0.0
500,19.899906158447266,0.37215980887413025,,20.82331657409668,0.0
1000,21.31879997253418,0.3982912600040436,,22.66445541381836,0.0
1500,21.896854400634766,0.4138786494731903,,23.457740783691406,0.0
1999,21.99739646911621,0.4169541895389557,,23.60233497619629,0.0
