epochs,full_psnr,ssim,lpips,train_psnr,test_psnr
0,5.54193115234375,0.16519230604171753,,5.632529258728027,0.0
500,21.15501594543457,0.4397921562194824,,27.904035568237305,0.0
1000,21.506969451904297,0.46556052565574646,,29.810623168945312,0.0
1500,21.719833374023438,0.4794861972332001,,32.2674674987793,0.0
2000,21.81665802001953,0.4813304841518402,,35.48760986328125,0.0
2500,21.79962158203125,0.4691866934299469,,41.42577362060547,0.0
2999,21.74749183654785,0.4590398371219635,,45.57394027709961,0.0
