epochs,full_psnr,ssim,lpips,train_psnr,test_psnr
0,9.59344482421875,0.3590971529483795,,9.87125015258789,0.0
500,14.087665557861328,0.425329327583313,,14.912160873413086,0.0
1000,15.538138389587402,0.44133177399635315,,16.747962951660156,0.0
1500,16.43061637878418,0.4552946090698242,,17.978439331054688,0.0
2000,16.973834991455078,0.4652898609638214,,18.787799835205078,0.0
2500,17.224315643310547,0.47037532925605774,,19.177568435668945,0.0
2999,17.268863677978516,0.4713103771209717,,19.248241424560547,0.0
