Epoch,stable_rank_layer_0,effective_rank_layer_0,spectral_norm_layer_0,condition_number_layer_0,stable_rank_layer_1,effective_rank_layer_1,spectral_norm_layer_1,condition_number_layer_1,stable_rank_layer_2,effective_rank_layer_2,spectral_norm_layer_2,condition_number_layer_2,stable_rank_layer_3,effective_rank_layer_3,spectral_norm_layer_3,condition_number_layer_3,stable_rank_layer_4,effective_rank_layer_4,spectral_norm_layer_4,condition_number_layer_4,end_to_end_bound
0,1.8654447793960571,1.9947994947433472,5.194754123687744,1.0749303102493286,76.64292907714844,182.2366485595703,0.07018312811851501,241.2064666748047,77.76519012451172,182.58151245117188,0.06968056410551071,1530.6170654296875,77.7973403930664,181.39048767089844,0.06913591176271439,1351.6580810546875,1.0032005310058594,1.0240147113800049,0.9032905697822571,25.521852493286133,4061.4443961690927
500,1.8791487216949463,1.9958652257919312,6.4818596839904785,1.0665196180343628,85.87594604492188,191.8838653564453,0.41131147742271423,1305.85546875,46.3323860168457,183.54373168945312,0.8300808668136597,2620.0771484375,70.02328491210938,189.96331787109375,0.989541232585907,82240.5859375,1.0041979551315308,1.0275453329086304,0.4778783619403839,251.6625518798828,2679057.805297875
1000,1.879455804824829,1.9958876371383667,6.48319149017334,1.066333293914795,83.53780364990234,190.27870178222656,0.4069124162197113,2104.92724609375,47.001338958740234,179.9446563720703,0.78777015209198,1184.1390380859375,71.67160034179688,188.04827880859375,1.0434446334838867,11730.8203125,1.0038821697235107,1.025838851928711,0.5012208223342896,187.01345825195312,2782452.714751155
1500,1.8793528079986572,1.9958802461624146,6.483736038208008,1.0663957595825195,83.39568328857422,190.04847717285156,0.4065636098384857,526.0750122070312,47.49538803100586,179.7342987060547,0.7866306900978088,2655.60302734375,72.67622375488281,187.45701599121094,1.0502972602844238,8134.626953125,1.0061590671539307,1.0382713079452515,0.5157350301742554,150.5220184326172,2875434.933659261
1999,1.8793567419052124,1.9958806037902832,6.483721733093262,1.0663933753967285,83.45037078857422,190.04803466796875,0.4064553380012512,575.0599365234375,47.51980209350586,179.74014282226562,0.7865510582923889,34021.73828125,72.84046936035156,187.39027404785156,1.048323631286621,47925.54296875,1.0097737312316895,1.0571703910827637,0.5174921154975891,66.12777709960938,2878745.003874445
