epochs,full_psnr,ssim,lpips,train_psnr,test_psnr
0,6.912532329559326,0.29170095920562744,,7.030061721801758,0.0
500,18.43101692199707,0.39515331387519836,,21.147558212280273,0.0
1000,19.636913299560547,0.44349727034568787,,25.67544174194336,0.0
1500,19.699039459228516,0.4107346832752228,,34.10437774658203,0.0
1999,19.597578048706055,0.4004347324371338,,38.95912551879883,0.0
