epochs,full_psnr,ssim,lpips,train_psnr,test_psnr
0,6.354061126708984,0.10282274335622787,,6.40407657623291,0.0
500,12.222780227661133,0.3551037013530731,,12.423564910888672,0.0
1000,12.222524642944336,0.3545932471752167,,12.423042297363281,0.0
1500,12.222612380981445,0.3553338944911957,,12.422270774841309,0.0
2000,12.221923828125,0.35300302505493164,,12.422585487365723,0.0
2500,12.224326133728027,0.3613322079181671,,12.425506591796875,0.0
2999,12.22655200958252,0.36894798278808594,,12.427502632141113,0.0
