epochs,full_psnr,ssim,lpips,train_psnr,test_psnr
0,10.234748840332031,0.28681787848472595,,10.491302490234375,0.0
500,15.86182975769043,0.34877288341522217,,16.87964630126953,0.0
1000,16.223905563354492,0.3533029556274414,,17.34279441833496,0.0
1500,15.820717811584473,0.3497007191181183,,16.8270320892334,0.0
2000,16.213590621948242,0.3551082909107208,,17.327831268310547,0.0
2500,16.657588958740234,0.36172235012054443,,17.912960052490234,0.0
2999,16.92101287841797,0.36564239859580994,,18.27203369140625,0.0
