epochs,full_psnr,ssim,lpips,train_psnr,test_psnr
0,12.351362228393555,0.22060127556324005,,12.812429428100586,0.0
500,17.778959274291992,0.2919726073741913,,19.657005310058594,0.0
1000,18.66585922241211,0.30084407329559326,,21.098230361938477,0.0
1500,17.80369758605957,0.28875383734703064,,19.70046615600586,0.0
2000,18.503021240234375,0.2950423061847687,,20.85606575012207,0.0
2500,18.86376953125,0.302089661359787,,21.461341857910156,0.0
3000,19.154756546020508,0.3089919984340668,,22.015625,0.0
3500,19.36771583557129,0.31481000781059265,,22.468585968017578,0.0
3999,19.50935935974121,0.3198655843734741,,22.770557403564453,0.0
