Epoch,stable_rank_layer_0,effective_rank_layer_0,spectral_norm_layer_0,condition_number_layer_0,stable_rank_layer_1,effective_rank_layer_1,spectral_norm_layer_1,condition_number_layer_1,stable_rank_layer_2,effective_rank_layer_2,spectral_norm_layer_2,condition_number_layer_2,stable_rank_layer_3,effective_rank_layer_3,spectral_norm_layer_3,condition_number_layer_3,stable_rank_layer_4,effective_rank_layer_4,spectral_norm_layer_4,condition_number_layer_4,end_to_end_bound
0,1.8654447793960571,1.9947994947433472,5.194754123687744,1.0749303102493286,76.4395523071289,182.3426971435547,0.0702189952135086,274.968505859375,77.45552825927734,182.54905700683594,0.06968113780021667,401.4131164550781,77.7576904296875,181.775634765625,0.06917253136634827,789.4981689453125,1.0032005310058594,1.0240147113800049,0.9032905697822571,25.521852493286133,4065.7058185683504
500,1.8872824907302856,1.9964340925216675,6.078102111816406,1.0616199970245361,32.30326843261719,153.3649139404297,0.3108706772327423,1457.9940185546875,17.400577545166016,145.01934814453125,0.46887463331222534,4090.931396484375,11.656205177307129,90.86952209472656,0.7229752540588379,10873.4189453125,1.004575252532959,1.0304824113845825,0.41690197587013245,64.99706268310547,683599.6631421804
1000,1.8872300386428833,1.996430516242981,6.0797014236450195,1.0616512298583984,34.03218460083008,153.8759307861328,0.3072461783885956,2997.4765625,20.53525161743164,150.9196319580078,0.42963743209838867,1233.6927490234375,12.349689483642578,97.27864837646484,0.7071078419685364,4341.95166015625,1.0062474012374878,1.0409151315689087,0.41198691725730896,35.545494079589844,598521.6953902681
1500,1.8870649337768555,1.9964196681976318,6.079772472381592,1.0617501735687256,34.30332565307617,153.9435272216797,0.30832019448280334,1687.5341796875,21.058256149291992,151.50048828125,0.4243296682834625,1024.109375,12.877859115600586,100.98192596435547,0.7041488885879517,31118.66796875,1.007694125175476,1.0497517585754395,0.41433578729629517,26.07556915283203,594086.3929086822
1999,1.8870575428009033,1.9964191913604736,6.079757213592529,1.061754584312439,34.4042854309082,154.115234375,0.3083065450191498,3997.6962890625,20.973957061767578,151.39166259765625,0.4262262284755707,820.9297485351562,13.058202743530273,101.76409149169922,0.7138451933860779,7780.80126953125,1.0085445642471313,1.0546932220458984,0.41790881752967834,23.41416358947754,610147.2970339854
