epochs,full_psnr,ssim,lpips,train_psnr,test_psnr
0,7.231322288513184,0.2920287251472473,,7.357730388641357,0.0
500,21.381263732910156,0.6111288666725159,,27.262231826782227,0.0
1000,22.229446411132812,0.661048948764801,,31.06206512451172,0.0
1500,22.467742919921875,0.6773521304130554,,38.17750930786133,0.0
1999,22.462617874145508,0.6669812798500061,,41.78848648071289,0.0
