epochs,full_psnr,ssim,lpips,train_psnr,test_psnr
0,4.36135196685791,0.16086429357528687,,4.386353015899658,0.0
500,24.20597267150879,0.5669227242469788,,27.704940795898438,0.0
1000,25.148218154907227,0.6072759628295898,,30.690593719482422,0.0
1500,25.315839767456055,0.5900188088417053,,35.55380630493164,0.0
1999,25.06112289428711,0.5587440133094788,,41.7579231262207,0.0
