epochs,full_psnr,ssim,lpips,train_psnr,test_psnr
0,6.354061126708984,0.10282274335622787,,6.40407657623291,0.0
500,12.222066879272461,0.3537813723087311,,12.422407150268555,0.0
1000,12.222819328308105,0.355031281709671,,12.42382526397705,0.0
1500,12.223403930664062,0.35848724842071533,,12.4244384765625,0.0
1999,12.226539611816406,0.3691236674785614,,12.427236557006836,0.0
