epochs,full_psnr,ssim,lpips,train_psnr,test_psnr
0,5.987829208374023,0.014076215215027332,,6.081929683685303,0.0
500,19.657190322875977,0.5082440376281738,,22.027042388916016,0.0
1000,18.711254119873047,0.4888496696949005,,21.659286499023438,0.0
1500,20.794567108154297,0.5951775908470154,,23.141557693481445,0.0
1999,21.837528228759766,0.6063652038574219,,36.648223876953125,0.0
