epochs,full_psnr,ssim,lpips,train_psnr,test_psnr
0,7.678800582885742,0.19618256390094757,,7.856433868408203,0.0
500,19.357606887817383,0.42760708928108215,,23.524303436279297,0.0
1000,19.987009048461914,0.4624194800853729,,25.18533706665039,0.0
1500,20.47510528564453,0.4903871715068817,,27.211902618408203,0.0
2000,20.628997802734375,0.47611141204833984,,30.406885147094727,0.0
2500,20.421653747558594,0.41715192794799805,,37.1301383972168,0.0
2999,20.343826293945312,0.40219029784202576,,41.588863372802734,0.0
