Epoch,stable_rank_layer_0,effective_rank_layer_0,spectral_norm_layer_0,condition_number_layer_0,stable_rank_layer_1,effective_rank_layer_1,spectral_norm_layer_1,condition_number_layer_1,stable_rank_layer_2,effective_rank_layer_2,spectral_norm_layer_2,condition_number_layer_2,stable_rank_layer_3,effective_rank_layer_3,spectral_norm_layer_3,condition_number_layer_3,stable_rank_layer_4,effective_rank_layer_4,spectral_norm_layer_4,condition_number_layer_4,end_to_end_bound
0,1.8614530563354492,1.9944628477096558,5.172408580780029,1.0774178504943848,76.66914367675781,182.3046112060547,0.07016395032405853,367.5367126464844,77.6846923828125,182.5663604736328,0.06967031955718994,496.8272399902344,77.744140625,181.6664581298828,0.06914840638637543,1750.337646484375,1.006194829940796,1.0418444871902466,0.9019402265548706,25.006359100341797,4036.9610233288945
500,1.8989583253860474,1.9971693754196167,6.305972576141357,1.0547031164169312,85.14583587646484,197.12025451660156,0.36847731471061707,406.21514892578125,57.33986282348633,173.72996520996094,0.6548641324043274,800.043701171875,76.17510223388672,201.2216796875,0.8874818086624146,16507.533203125,1.1396368741989136,1.4587334394454956,0.5339372158050537,30.147693634033203,1845880.8122329882
1000,1.8984599113464355,1.9971401691436768,6.310064792633057,1.0549955368041992,82.7547378540039,194.18304443359375,0.36345016956329346,19394.279296875,59.131290435791016,164.36380004882812,0.6209827661514282,3048.606201171875,75.91896057128906,201.163818359375,0.8898511528968811,100534.2734375,1.223530650138855,1.6925122737884521,0.567333459854126,7.495643138885498,1840576.9234619553
1500,1.898842215538025,1.9971625804901123,6.3120622634887695,1.0547711849212646,80.88369750976562,191.71156311035156,0.36401650309562683,880.928466796875,57.87186050415039,156.93234252929688,0.6132840514183044,765.7489624023438,76.17744445800781,201.14443969726562,0.8888577818870544,47230.12109375,1.23949134349823,1.7483811378479004,0.5986415147781372,6.100494861602783,1919521.9993550708
1999,1.8988951444625854,1.9971656799316406,6.31276273727417,1.0547401905059814,80.36815643310547,191.52151489257812,0.36508628726005554,820.9611206054688,57.02214431762695,157.02171325683594,0.6216220259666443,1253.4410400390625,76.19251251220703,201.1412811279297,0.8887080550193787,26294.8828125,1.239397644996643,1.7637126445770264,0.6251135468482971,5.550759792327881,2037508.244681979
