epochs,full_psnr,ssim,lpips,train_psnr,test_psnr
0,5.588298797607422,0.16552075743675232,,5.680087089538574,0.0
500,18.854494094848633,0.28762364387512207,,22.02892303466797,0.0
1000,19.726978302001953,0.3311285078525543,,23.71057891845703,0.0
1500,20.661317825317383,0.3831963837146759,,27.046573638916016,0.0
1999,20.75745391845703,0.358385294675827,,35.47428894042969,0.0
