Epoch,stable_rank_layer_0,effective_rank_layer_0,spectral_norm_layer_0,condition_number_layer_0,stable_rank_layer_1,effective_rank_layer_1,spectral_norm_layer_1,condition_number_layer_1,stable_rank_layer_2,effective_rank_layer_2,spectral_norm_layer_2,condition_number_layer_2,stable_rank_layer_3,effective_rank_layer_3,spectral_norm_layer_3,condition_number_layer_3,stable_rank_layer_4,effective_rank_layer_4,spectral_norm_layer_4,condition_number_layer_4,end_to_end_bound
0,1.8489974737167358,1.993334174156189,5.168964385986328,1.0852925777435303,76.41490173339844,182.09141540527344,0.0702376440167427,3283.6083984375,77.14282989501953,182.46157836914062,0.06993309408426285,296.4432373046875,77.55045318603516,181.4892120361328,0.06923587620258331,2268.326171875,1.0031960010528564,1.0239851474761963,0.9033970832824707,25.514663696289062,inf
500,1.8403394222259521,1.9924781322479248,7.6438775062561035,1.0908690690994263,87.0714111328125,191.90481567382812,0.5450138449668884,775.0878295898438,81.65238189697266,197.59446716308594,0.6618135571479797,403.20428466796875,77.67058563232422,196.18113708496094,0.9562298059463501,5716.98095703125,1.000201940536499,1.0019488334655762,0.4844661355018616,399.5544738769531,inf
1000,1.8403024673461914,1.9924743175506592,10.089875221252441,1.090893030166626,84.24494171142578,187.22279357910156,0.6427547931671143,623.157958984375,82.5726089477539,191.9622039794922,0.7343827486038208,1337.2620849609375,80.80025482177734,192.38665771484375,1.009804129600525,9457.8388671875,1.0001598596572876,1.0015802383422852,0.49097588658332825,457.7204895019531,inf
1500,1.7665727138519287,1.9825654029846191,11.10214614868164,1.1421505212783813,81.76705169677734,186.585205078125,0.6715136170387268,2009.7396240234375,82.78105163574219,190.8955078125,0.7512553930282593,18259.28515625,81.22217559814453,191.77154541015625,1.024039626121521,47744.27734375,1.000145673751831,1.0014503002166748,0.49033084511756897,532.61865234375,inf
1999,1.7742412090301514,1.9838310480117798,11.039806365966797,1.1364802122116089,81.54332733154297,186.53335571289062,0.6731880307197571,713.9003295898438,82.68017578125,190.77183532714844,0.7523552179336548,1412.773193359375,81.2303237915039,191.7662353515625,1.0248042345046997,16181.328125,1.000144600868225,1.0014392137527466,0.4885495901107788,560.75341796875,inf
