epochs,full_psnr,ssim,lpips,train_psnr,test_psnr
0,8.432327270507812,0.3099333345890045,,8.474710464477539,0.0
500,11.967348098754883,0.6421540379524231,,12.062220573425293,0.0
1000,11.97034740447998,0.6706185340881348,,12.067729949951172,0.0
1500,11.973072052001953,0.6955330967903137,,12.06936264038086,0.0
1999,11.97386360168457,0.7053222060203552,,12.084263801574707,0.0
