epochs,full_psnr,ssim,lpips,train_psnr,test_psnr
0,13.667317390441895,0.45982658863067627,,13.969985008239746,0.0
500,17.723365783691406,0.5122010111808777,,18.54599380493164,0.0
1000,19.766876220703125,0.535789430141449,,21.14940643310547,0.0
1500,21.127988815307617,0.5582656264305115,,23.18425941467285,0.0
1999,21.916418075561523,0.5717859864234924,,24.55520248413086,0.0
