epochs,full_psnr,ssim,lpips,train_psnr,test_psnr
0,11.019577026367188,0.35316410660743713,,11.171584129333496,0.0
500,16.746522903442383,0.4192938804626465,,17.347814559936523,0.0
1000,18.431724548339844,0.4358406364917755,,19.396024703979492,0.0
1500,19.273096084594727,0.4536598026752472,,20.353490829467773,0.0
2000,16.46343421936035,0.4157903492450714,,17.02001190185547,0.0
2500,18.268672943115234,0.4283798635005951,,19.15862464904785,0.0
3000,19.248821258544922,0.4493462145328522,,20.422992706298828,0.0
3500,19.92413902282715,0.46226587891578674,,21.326210021972656,0.0
3999,20.338077545166016,0.4718802273273468,,21.900548934936523,0.0
