Epoch,stable_rank_layer_0,effective_rank_layer_0,spectral_norm_layer_0,condition_number_layer_0,stable_rank_layer_1,effective_rank_layer_1,spectral_norm_layer_1,condition_number_layer_1,stable_rank_layer_2,effective_rank_layer_2,spectral_norm_layer_2,condition_number_layer_2,stable_rank_layer_3,effective_rank_layer_3,spectral_norm_layer_3,condition_number_layer_3,stable_rank_layer_4,effective_rank_layer_4,spectral_norm_layer_4,condition_number_layer_4,end_to_end_bound
0,1.8737945556640625,1.9954651594161987,7.33212423324585,1.0697822570800781,77.88703918457031,182.55392456054688,1.1332237720489502,1078.6221923828125,76.51815795898438,182.20970153808594,1.1451901197433472,8338.3935546875,75.47135925292969,181.283447265625,1.1518820524215698,618.5589599609375,1.8424936532974243,2.731818199157715,0.9158186316490173,1.6064221858978271,10.037846956703858
500,1.887690544128418,1.9964613914489746,16.771577835083008,1.0613757371902466,55.66948318481445,166.7548370361328,1.549399733543396,2543.132568359375,54.08211135864258,165.52406311035156,1.569982647895813,2569.9912109375,53.95876693725586,169.85633850097656,1.4920693635940552,14514.1171875,1.1237435340881348,1.4872862100601196,7.1287150382995605,6.895624160766602,433.9428323026688
1000,1.844980239868164,1.992944359779358,18.94949722290039,1.0878692865371704,41.453617095947266,146.92686462402344,2.0599663257598877,3073.735107421875,39.549198150634766,145.5462646484375,2.1179981231689453,1492.6126708984375,39.96596145629883,150.16790771484375,1.9223783016204834,2319.4501953125,1.1073689460754395,1.4283415079116821,8.952414512634277,8.34188175201416,1422.8608237532478
1500,1.8377171754837036,1.9922069311141968,19.533939361572266,1.0925750732421875,37.6136474609375,139.5922393798828,2.301912307739258,19796.26953125,36.95428466796875,138.06207275390625,2.3592023849487305,1028.74169921875,35.237884521484375,140.5277557373047,2.174182415008545,1905.8526611328125,1.1210204362869263,1.4667092561721802,10.034052848815918,8.110808372497559,2314.2814361370533
1999,1.836671233177185,1.99209725856781,19.633455276489258,1.0932577848434448,37.39317321777344,138.47625732421875,2.3443567752838135,1523.3443603515625,36.839759826660156,137.1498260498047,2.404128074645996,2480.390625,34.68145751953125,138.74400329589844,2.22444224357605,6720.49560546875,1.1326663494110107,1.4991692304611206,10.330623626708984,7.817698001861572,2542.879122369887
