epochs,full_psnr,ssim,lpips,train_psnr,test_psnr
0,8.481378555297852,0.3130326271057129,,8.524531364440918,0.0
500,11.968225479125977,0.6536242961883545,,12.064486503601074,0.0
1000,11.969661712646484,0.6666685938835144,,12.064992904663086,0.0
1500,11.970287322998047,0.6721704602241516,,12.06594467163086,0.0
2000,11.972284317016602,0.6900654435157776,,12.068346977233887,0.0
2500,11.973691940307617,0.7030353546142578,,12.070001602172852,0.0
2999,11.973982810974121,0.7065480351448059,,12.080860137939453,0.0
