epochs,full_psnr,ssim,lpips,train_psnr,test_psnr
0,9.27351188659668,0.18417046964168549,,9.431356430053711,0.0
500,14.72801399230957,0.37093615531921387,,15.305866241455078,0.0
1000,14.729389190673828,0.374478816986084,,15.308155059814453,0.0
1500,14.730053901672363,0.3756486475467682,,15.308274269104004,0.0
2000,14.730683326721191,0.37724947929382324,,15.308805465698242,0.0
2500,14.731369018554688,0.3786844313144684,,15.30984115600586,0.0
2999,14.731460571289062,0.37909039855003357,,15.320816993713379,0.0
