Epoch,stable_rank_layer_0,effective_rank_layer_0,spectral_norm_layer_0,condition_number_layer_0,stable_rank_layer_1,effective_rank_layer_1,spectral_norm_layer_1,condition_number_layer_1,stable_rank_layer_2,effective_rank_layer_2,spectral_norm_layer_2,condition_number_layer_2,stable_rank_layer_3,effective_rank_layer_3,spectral_norm_layer_3,condition_number_layer_3,stable_rank_layer_4,effective_rank_layer_4,spectral_norm_layer_4,condition_number_layer_4,end_to_end_bound
0,1.8816859722137451,1.996047854423523,7.323938369750977,1.0649839639663696,77.87637329101562,182.54974365234375,1.1332883834838867,1073.229736328125,76.53279113769531,182.20840454101562,1.145071029663086,3684.0595703125,75.47393035888672,181.28292846679688,1.151865005493164,605.034912109375,1.843206763267517,2.7322332859039307,0.916016161441803,1.606420636177063,10.028183349732696
500,1.8313024044036865,1.9915201663970947,17.806386947631836,1.0967824459075928,67.46220397949219,171.9434051513672,1.5656777620315552,513.4193115234375,64.4472427368164,171.19467163085938,1.5983707904815674,473.2334899902344,61.108497619628906,171.5897979736328,1.5135704278945923,371.7303771972656,1.1033231019973755,1.4089093208312988,8.649297714233398,9.496854782104492,583.3634350356581
1000,1.7757554054260254,1.9840741157531738,21.959943771362305,1.1353703737258911,64.71784973144531,160.5265350341797,2.1033706665039062,652.6806030273438,59.76251220703125,158.22088623046875,2.1723737716674805,1705.0419921875,49.64012145996094,151.3888397216797,2.0198206901550293,485.13641357421875,1.096319317817688,1.3779919147491455,10.644372940063477,11.883340835571289,2157.3195853374123
1500,1.7759122848510742,1.9840991497039795,23.08524513244629,1.1352556943893433,65.59619140625,158.35531616210938,2.3445613384246826,9567.6982421875,59.489505767822266,154.80374145507812,2.4427835941314697,815.0126342773438,46.51350402832031,143.10479736328125,2.289987802505493,1625.2813720703125,1.0918065309524536,1.3619319200515747,11.979743957519531,12.926746368408203,3627.118875559981
1999,1.7774995565414429,1.9843511581420898,23.286075592041016,1.1340962648391724,65.44511413574219,158.19296264648438,2.3929498195648193,2634.485107421875,59.43643569946289,154.32569885253906,2.492889404296875,719.453369140625,46.126129150390625,141.7412567138672,2.341050863265991,1463.2978515625,1.109419345855713,1.4101190567016602,12.471441268920898,12.64074420928955,4055.649374022203
