epochs,full_psnr,ssim,lpips,train_psnr,test_psnr
0,9.59344482421875,0.3590971529483795,,9.87125015258789,0.0
500,14.029449462890625,0.427341490983963,,14.851062774658203,0.0
1000,15.525406837463379,0.44083404541015625,,16.742733001708984,0.0
1500,16.158355712890625,0.4510834515094757,,17.59809112548828,0.0
1999,16.279233932495117,0.45309388637542725,,17.769811630249023,0.0
