Epoch,stable_rank_layer_0,effective_rank_layer_0,spectral_norm_layer_0,condition_number_layer_0,stable_rank_layer_1,effective_rank_layer_1,spectral_norm_layer_1,condition_number_layer_1,stable_rank_layer_2,effective_rank_layer_2,spectral_norm_layer_2,condition_number_layer_2,stable_rank_layer_3,effective_rank_layer_3,spectral_norm_layer_3,condition_number_layer_3,stable_rank_layer_4,effective_rank_layer_4,spectral_norm_layer_4,condition_number_layer_4,end_to_end_bound
0,1.8816859722137451,1.996047854423523,7.323938369750977,1.0649839639663696,77.87264251708984,182.5536651611328,1.1333177089691162,1058.1805419921875,76.52269744873047,182.2103271484375,1.1451481580734253,3773.480224609375,75.472412109375,181.2826690673828,1.1518776416778564,613.2140502929688,1.843206763267517,2.7322332859039307,0.916016161441803,1.606420636177063,10.029228349561706
500,1.7048994302749634,1.97011399269104,18.860668182373047,1.1910676956176758,61.76762771606445,169.53453063964844,1.5469706058502197,902.2606201171875,62.70011901855469,169.6141815185547,1.5259863138198853,507.87384033203125,60.62855529785156,171.44642639160156,1.4822185039520264,1987.8433837890625,1.0596767663955688,1.2621641159057617,10.86214542388916,14.201763153076172,716.8323862558485
1000,1.6530858278274536,1.9561188220977783,22.51367950439453,1.2374135255813599,57.098045349121094,154.3025360107422,2.0695018768310547,8256.1806640625,56.65057373046875,152.84307861328125,2.056905508041382,2056.57177734375,46.54766082763672,151.78988647460938,2.020573377609253,2004.4947509765625,1.0525373220443726,1.2326960563659668,13.98404312133789,18.244272232055664,2707.908753620038
1500,1.654706597328186,1.9566113948822021,23.53340721130371,1.235880970954895,57.053924560546875,151.7911834716797,2.3384270668029785,15378.51953125,56.01206588745117,149.86117553710938,2.3373830318450928,1144.093505859375,42.731651306152344,142.91024780273438,2.310523748397827,11247.2705078125,1.0470811128616333,1.2123603820800781,15.368204116821289,20.257261276245117,4567.4319204182975
1999,1.6560736894607544,1.9570238590240479,23.723506927490234,1.2345925569534302,57.235076904296875,151.67208862304688,2.384114980697632,1817.3846435546875,56.06092834472656,149.6328887939453,2.387120246887207,2728.56689453125,42.36735534667969,141.4539794921875,2.3607654571533203,2754.582763671875,1.0457168817520142,1.2072468996047974,15.648679733276367,20.79030418395996,4987.821768582862
