epochs,full_psnr,ssim,lpips,train_psnr,test_psnr
0,9.593360900878906,0.3590947091579437,,9.871161460876465,0.0
500,14.04335880279541,0.42629769444465637,,14.87088680267334,0.0
1000,15.517834663391113,0.4405724108219147,,16.72612953186035,0.0
1500,16.1627254486084,0.45024773478507996,,17.605667114257812,0.0
1999,16.27939224243164,0.45261940360069275,,17.770002365112305,0.0
