epochs,full_psnr,ssim,lpips,train_psnr,test_psnr
0,9.200332641601562,0.02132348157465458,,9.409581184387207,0.0
500,20.431140899658203,0.39142441749572754,,25.397247314453125,0.0
1000,21.33869171142578,0.4436955153942108,,27.061311721801758,0.0
1500,21.410724639892578,0.4568310081958771,,29.003419876098633,0.0
2000,21.439321517944336,0.459227591753006,,30.04060935974121,0.0
2500,21.761066436767578,0.47677353024482727,,33.05231475830078,0.0
3000,21.65269660949707,0.46715378761291504,,35.988162994384766,0.0
3500,21.533517837524414,0.4544602930545807,,37.01490783691406,0.0
3999,21.506059646606445,0.4515899121761322,,37.155029296875,0.0
