Epoch,stable_rank_layer_0,effective_rank_layer_0,spectral_norm_layer_0,condition_number_layer_0,stable_rank_layer_1,effective_rank_layer_1,spectral_norm_layer_1,condition_number_layer_1,stable_rank_layer_2,effective_rank_layer_2,spectral_norm_layer_2,condition_number_layer_2,stable_rank_layer_3,effective_rank_layer_3,spectral_norm_layer_3,condition_number_layer_3,stable_rank_layer_4,effective_rank_layer_4,spectral_norm_layer_4,condition_number_layer_4,end_to_end_bound
0,1.8629438877105713,1.9945900440216064,5.182951927185059,1.0764868259429932,76.81948852539062,182.2707061767578,0.07008643448352814,299.8497619628906,77.83460998535156,182.60023498535156,0.06964866816997528,1587.83642578125,77.77967834472656,181.425537109375,0.06914513558149338,6165.1982421875,1.0063673257827759,1.0428121089935303,0.9019408226013184,24.897323608398438,4039.276708362701
500,1.9501914978027344,1.9993476867675781,6.241889476776123,1.0258749723434448,84.77678680419922,192.54441833496094,0.4163828492164612,1296.5467529296875,49.25471115112305,182.13499450683594,0.7986690402030945,880.9694213867188,65.57392120361328,192.27394104003906,1.0106163024902344,57336.46484375,1.3140405416488647,1.7358708381652832,0.4458863437175751,62.104915618896484,2394562.5887776003
1000,1.9501532316207886,1.9993467330932617,6.2442121505737305,1.025895595550537,82.39447784423828,189.7834930419922,0.4095236659049988,1856.0535888671875,54.66757583618164,177.6993865966797,0.7615264058113098,1913.571533203125,68.82109069824219,189.48301696777344,1.053091049194336,224193.203125,1.5007126331329346,2.180997610092163,0.5058302283287048,3.6069936752319336,2655536.5738995178
1500,1.9501498937606812,1.9993467330932617,6.244801998138428,1.02589750289917,82.13997650146484,189.28587341308594,0.40818503499031067,2102.85888671875,54.144535064697266,177.42379760742188,0.7654725313186646,897.3082275390625,70.59834289550781,188.8900604248047,1.0541656017303467,3244.055419921875,1.604649543762207,2.369900941848755,0.5365975499153137,2.718097448348999,2825549.0678918497
1999,1.95018470287323,1.9993475675582886,6.244726181030273,1.0258785486221313,82.32568359375,189.32424926757812,0.40781542658805847,1378.12158203125,54.411773681640625,177.4062042236328,0.765348494052887,7689.19384765625,70.64195251464844,188.76473999023438,1.051784873008728,3913.78369140625,1.6357561349868774,2.4041330814361572,0.5403743982315063,2.621811628341675,2835945.8412293466
