epochs,full_psnr,ssim,lpips,train_psnr,test_psnr
0,10.9753999710083,0.03047206439077854,,11.203093528747559,0.0
500,22.887928009033203,0.5232620239257812,,29.488826751708984,0.0
1000,22.712276458740234,0.5192671418190002,,29.302047729492188,0.0
1500,23.06807518005371,0.5398473143577576,,31.288043975830078,0.0
2000,23.493942260742188,0.5625268816947937,,34.62391662597656,0.0
2500,23.620811462402344,0.5691959857940674,,36.8484001159668,0.0
3000,23.60366439819336,0.5653870701789856,,39.327003479003906,0.0
3500,23.569839477539062,0.5592071413993835,,40.17478561401367,0.0
3999,23.560440063476562,0.5577189326286316,,40.29747772216797,0.0
