Epoch,stable_rank_layer_0,effective_rank_layer_0,spectral_norm_layer_0,condition_number_layer_0,stable_rank_layer_1,effective_rank_layer_1,spectral_norm_layer_1,condition_number_layer_1,stable_rank_layer_2,effective_rank_layer_2,spectral_norm_layer_2,condition_number_layer_2,stable_rank_layer_3,effective_rank_layer_3,spectral_norm_layer_3,condition_number_layer_3,stable_rank_layer_4,effective_rank_layer_4,spectral_norm_layer_4,condition_number_layer_4,end_to_end_bound
0,1.8579224348068237,1.994154930114746,5.217366695404053,1.0796326398849487,76.6353530883789,182.30670166015625,0.07019113749265671,295.83917236328125,77.68403625488281,182.54852294921875,0.06967781484127045,577.263916015625,77.69259643554688,181.66229248046875,0.06918556243181229,1012.621826171875,1.0032005310058594,1.0240147113800049,0.9032908082008362,25.52188491821289,4082.3590265700304
500,1.832902431488037,1.9916945695877075,6.442905902862549,1.0957285165786743,89.9161376953125,198.667236328125,0.364568829536438,652.6612548828125,62.14997100830078,177.64694213867188,0.6230685710906982,860.6009521484375,78.0069808959961,202.3925018310547,0.851442813873291,4397.4140625,1.0340389013290405,1.1558759212493896,0.4996259808540344,274.0782775878906,1593813.977546888
1000,1.8329018354415894,1.9916945695877075,6.444531440734863,1.095728874206543,89.69363403320312,197.516845703125,0.3585941791534424,428.43402099609375,62.518978118896484,176.81106567382812,0.6096488237380981,994.7969970703125,77.89114379882812,202.36151123046875,0.8523130416870117,15343.6845703125,1.0581060647964478,1.2390687465667725,0.49791160225868225,60.991668701171875,1530613.9532268697
1500,1.8328908681869507,1.991693377494812,6.444637775421143,1.095736026763916,89.8083267211914,197.20477294921875,0.3573814332485199,465.0492248535156,62.33675003051758,176.762939453125,0.6137490272521973,670.517822265625,78.07298278808594,202.3932647705078,0.851222813129425,13322.9521484375,1.0740211009979248,1.2904982566833496,0.5042521953582764,34.94161605834961,1553289.2370747433
1999,1.8328723907470703,1.9916912317276,6.444664478302002,1.0957483053207397,89.83475494384766,197.2037353515625,0.35733509063720703,448.5643310546875,62.30817794799805,176.7467498779297,0.6142087578773499,580.470947265625,77.92464447021484,202.3540802001953,0.8537008166313171,13968.4970703125,1.0779480934143066,1.306684136390686,0.5063846111297607,23.622610092163086,1565374.1020297657
