epochs,full_psnr,ssim,lpips,train_psnr,test_psnr
0,6.385751724243164,0.5421789288520813,,6.4125657081604,0.0
500,21.67955207824707,0.35120758414268494,,24.18023681640625,0.0
1000,22.740257263183594,0.37150606513023376,,27.685964584350586,0.0
1500,22.344703674316406,0.30172765254974365,,34.02241516113281,0.0
1999,22.050159454345703,0.2724032402038574,,40.06781005859375,0.0
