epochs,full_psnr,ssim,lpips,train_psnr,test_psnr
0,6.757224082946777,0.015937194228172302,,6.807490348815918,0.0
500,22.07561492919922,0.539623498916626,,25.96384048461914,0.0
1000,23.182344436645508,0.5867516398429871,,25.380279541015625,0.0
1500,23.457496643066406,0.5964228510856628,,26.061477661132812,0.0
2000,22.250091552734375,0.5647940635681152,,25.094423294067383,0.0
2500,24.943653106689453,0.6483662724494934,,32.572792053222656,0.0
2999,24.649547576904297,0.6119956970214844,,38.978172302246094,0.0
