epochs,full_psnr,ssim,lpips,train_psnr,test_psnr
0,6.042646408081055,0.09028316289186478,,6.089341163635254,0.0
500,19.02121925354004,0.32498490810394287,,20.502269744873047,0.0
1000,20.69206428527832,0.4131474196910858,,22.574420928955078,0.0
1500,20.54828643798828,0.4367019236087799,,22.185504913330078,0.0
2000,12.222536087036133,0.3546900749206543,,12.423154830932617,0.0
2500,12.22443675994873,0.36090087890625,,12.425224304199219,0.0
2999,12.226529121398926,0.368979811668396,,12.42733097076416,0.0
