Epoch,stable_rank_layer_0,effective_rank_layer_0,spectral_norm_layer_0,condition_number_layer_0,stable_rank_layer_1,effective_rank_layer_1,spectral_norm_layer_1,condition_number_layer_1,stable_rank_layer_2,effective_rank_layer_2,spectral_norm_layer_2,condition_number_layer_2,stable_rank_layer_3,effective_rank_layer_3,spectral_norm_layer_3,condition_number_layer_3,stable_rank_layer_4,effective_rank_layer_4,spectral_norm_layer_4,condition_number_layer_4,end_to_end_bound
0,1.8625924587249756,1.9945602416992188,5.195930004119873,1.0767061710357666,76.56369018554688,182.33921813964844,0.07015971094369888,360.70489501953125,77.59408569335938,182.54920959472656,0.06961187720298767,358.8946228027344,77.68437957763672,181.77406311035156,0.06920914351940155,1902.1922607421875,1.0032005310058594,1.0240147113800049,0.9032908082008362,25.521854400634766,4061.3036311206024
500,1.8514410257339478,1.9935652017593384,6.1708502769470215,1.0837340354919434,46.56089782714844,155.5935821533203,0.26288509368896484,3470.872314453125,18.739768981933594,150.2143096923828,0.4415452778339386,5441.62890625,12.019083976745605,93.88555908203125,0.7082323431968689,44486.203125,1.0948971509933472,1.35409414768219,0.3300802707672119,23.186140060424805,428668.4327161339
1000,1.8554083108901978,1.9939301013946533,6.1786394119262695,1.081217885017395,52.50370788574219,152.29127502441406,0.28871309757232666,2117.869140625,31.18194007873535,161.91683959960938,0.36680009961128235,4091.10400390625,23.118988037109375,139.6824493408203,0.6961906552314758,6099.84423828125,1.1089798212051392,1.4004443883895874,0.3284296691417694,15.7688570022583,383000.4808535081
1500,1.8610633611679077,1.9944292306900024,6.185699462890625,1.0776617527008057,53.00546646118164,147.2798309326172,0.33410918712615967,9679.9775390625,37.46583938598633,163.59298706054688,0.35263752937316895,1824.6043701171875,43.717018127441406,157.56361389160156,0.7581050395965576,6504.95458984375,1.1133674383163452,1.4202243089675903,0.3354470729827881,12.6419038772583,474459.46980339935
1999,1.8602709770202637,1.9943608045578003,6.188652515411377,1.078157901763916,53.906951904296875,145.8653106689453,0.3425213694572449,3313.516845703125,37.8162841796875,163.00494384765625,0.3615758717060089,4301.0625,47.87428283691406,159.03695678710938,0.7720076441764832,17691.349609375,1.1274033784866333,1.4713664054870605,0.34592950344085693,9.490387916564941,524001.3203841268
