epochs,full_psnr,ssim,lpips,train_psnr,test_psnr
0,4.464629650115967,0.30270102620124817,,4.54642915725708,0.0
500,20.18283462524414,0.5457391142845154,,25.33214569091797,0.0
1000,20.03549575805664,0.5701989531517029,,25.36132049560547,0.0
1500,20.349998474121094,0.5953019261360168,,26.522762298583984,0.0
1999,21.772327423095703,0.6338229775428772,,41.37327194213867,0.0
