Epoch,stable_rank_layer_0,effective_rank_layer_0,spectral_norm_layer_0,condition_number_layer_0,stable_rank_layer_1,effective_rank_layer_1,spectral_norm_layer_1,condition_number_layer_1,stable_rank_layer_2,effective_rank_layer_2,spectral_norm_layer_2,condition_number_layer_2,stable_rank_layer_3,effective_rank_layer_3,spectral_norm_layer_3,condition_number_layer_3,stable_rank_layer_4,effective_rank_layer_4,spectral_norm_layer_4,condition_number_layer_4,end_to_end_bound
0,1.8978840112686157,1.9971058368682861,7.27543306350708,1.0553338527679443,77.87140655517578,182.55279541015625,1.1333316564559937,982.7838745117188,76.50712585449219,182.2017059326172,1.145245909690857,83721.2578125,75.46319580078125,181.28793334960938,1.1523330211639404,680.4506225585938,1.72993803024292,2.645928144454956,0.8674289584159851,1.690550446510315,1510241.9341699919
500,1.9144405126571655,1.9980028867721558,7.693525314331055,1.04573655128479,75.47483825683594,181.82296752929688,1.170485496520996,514.88916015625,74.27879333496094,180.9306640625,1.1473896503448486,602.0133056640625,54.00877380371094,168.8515167236328,1.2108582258224487,12053.8115234375,1.228562355041504,1.7648375034332275,0.6187607645988464,4.93356990814209,1238620.8848127148
1000,1.913826584815979,1.997972846031189,7.723066806793213,1.0460877418518066,75.5484848022461,181.6673126220703,1.1733336448669434,396.7044677734375,74.19819641113281,180.4702911376953,1.1487854719161987,1660.3167724609375,55.31247329711914,166.360107421875,1.2575762271881104,581.4541015625,1.2164127826690674,1.754744052886963,0.682376503944397,4.565884590148926,1429317.1887347717
1500,1.9135152101516724,1.997957468032837,7.724803447723389,1.0462660789489746,75.79389190673828,181.6122283935547,1.1735596656799316,444.5476379394531,73.77169036865234,180.41403198242188,1.159563660621643,2352.736328125,57.03461456298828,165.0251922607422,1.3128161430358887,1618.4443359375,1.1802664995193481,1.6652699708938599,0.7809197306632996,4.899557113647461,1724318.5333423151
1999,1.9134637117385864,1.9979552030563354,7.724727630615234,1.0462955236434937,75.75945281982422,181.63803100585938,1.1750596761703491,1024.5792236328125,73.84329223632812,180.396484375,1.1620644330978394,2831.435546875,57.27467727661133,164.6290740966797,1.330405592918396,5494.6220703125,1.1740095615386963,1.6484545469284058,0.8020493984222412,4.980330944061279,1800853.853883013
