epochs,full_psnr,ssim,lpips,train_psnr,test_psnr
0,13.506399154663086,0.3604339063167572,,13.934383392333984,0.0
500,20.466318130493164,0.4593604505062103,,23.18842315673828,0.0
1000,21.115402221679688,0.4666895866394043,,24.53250503540039,0.0
1500,21.43067169189453,0.47173476219177246,,25.269309997558594,0.0
2000,21.642942428588867,0.4772845208644867,,25.770809173583984,0.0
2500,21.858562469482422,0.4813077449798584,,26.355457305908203,0.0
3000,21.98629379272461,0.48423707485198975,,26.722867965698242,0.0
3500,22.044010162353516,0.48561468720436096,,26.900657653808594,0.0
3999,22.053638458251953,0.4858659505844116,,26.9306583404541,0.0
