epochs,full_psnr,ssim,lpips,train_psnr,test_psnr
0,5.472500801086426,0.16500221192836761,,5.561900615692139,0.0
500,18.442752838134766,0.310733824968338,,21.100296020507812,0.0
1000,19.890750885009766,0.3523707389831543,,23.88912010192871,0.0
1500,20.065753936767578,0.3623199462890625,,24.19232940673828,0.0
2000,19.945947647094727,0.3464667499065399,,23.815095901489258,0.0
2500,12.518925666809082,0.20452409982681274,,13.001481056213379,0.0
3000,12.534455299377441,0.21548688411712646,,13.0174560546875,0.0
3500,12.535703659057617,0.21716070175170898,,13.017900466918945,0.0
3999,12.537388801574707,0.21998094022274017,,13.019674301147461,0.0
