epochs,full_psnr,ssim,lpips,train_psnr,test_psnr
0,6.912532329559326,0.29170095920562744,,7.030061721801758,0.0
500,19.154874801635742,0.4456263482570648,,22.150623321533203,0.0
1000,19.917098999023438,0.5151951909065247,,23.377790451049805,0.0
1500,20.211103439331055,0.543866753578186,,23.787841796875,0.0
2000,19.829715728759766,0.546334981918335,,23.286540985107422,0.0
2500,14.022787094116211,0.2748328745365143,,14.661483764648438,0.0
3000,13.12173843383789,0.3301386833190918,,13.633135795593262,0.0
3500,13.12215805053711,0.33138513565063477,,13.635156631469727,0.0
3999,13.123675346374512,0.3351996839046478,,13.635948181152344,0.0
