epochs,full_psnr,ssim,lpips,train_psnr,test_psnr
0,10.599578857421875,0.3067880868911743,,10.882514953613281,0.0
500,16.25057029724121,0.3623194694519043,,17.385028839111328,0.0
1000,17.461181640625,0.3723038136959076,,19.04207992553711,0.0
1500,18.21040916442871,0.3841785490512848,,20.164535522460938,0.0
2000,18.66258430480957,0.3934144079685211,,20.95260238647461,0.0
2500,18.881818771362305,0.3994150161743164,,21.327621459960938,0.0
2999,18.919124603271484,0.40056267380714417,,21.395858764648438,0.0
