Epoch,stable_rank_layer_0,effective_rank_layer_0,spectral_norm_layer_0,condition_number_layer_0,stable_rank_layer_1,effective_rank_layer_1,spectral_norm_layer_1,condition_number_layer_1,stable_rank_layer_2,effective_rank_layer_2,spectral_norm_layer_2,condition_number_layer_2,stable_rank_layer_3,effective_rank_layer_3,spectral_norm_layer_3,condition_number_layer_3,stable_rank_layer_4,effective_rank_layer_4,spectral_norm_layer_4,condition_number_layer_4,end_to_end_bound
0,1.8423250913619995,1.9926795959472656,5.235074043273926,1.0895825624465942,76.52470397949219,182.12379455566406,0.07017678767442703,1962.0499267578125,77.45137023925781,182.45419311523438,0.06980232149362564,297.1983642578125,77.65900421142578,181.48219299316406,0.06915847212076187,4807.30517578125,1.011890172958374,1.073778510093689,0.8993347883224487,16.441452026367188,inf
500,1.8341337442398071,1.9918274879455566,7.723208427429199,1.0949194431304932,90.35301971435547,193.29811096191406,0.5448678135871887,275.3948669433594,83.15320587158203,193.08355712890625,0.6749565005302429,3126.2880859375,85.93263244628906,195.3173828125,0.9409010410308838,9666.79296875,1.0017070770263672,1.0126981735229492,0.522724986076355,346.1296081542969,inf
1000,1.8276361227035522,1.991112232208252,8.90711784362793,1.0992090702056885,82.068603515625,188.59829711914062,0.6593427062034607,33370.09765625,80.69275665283203,188.4204864501953,0.7618653774261475,1819.0460205078125,85.77933502197266,192.3485107421875,1.0112828016281128,17706.69921875,1.001238226890564,1.0096110105514526,0.542881190776825,350.7590026855469,inf
1500,1.881347417831421,1.9960237741470337,9.2598295211792,1.0651884078979492,80.67024993896484,188.01698303222656,0.6837683916091919,726.7080688476562,80.2664566040039,187.89329528808594,0.7816464304924011,1102.5377197265625,86.06060028076172,191.9911346435547,1.0249055624008179,8333.6416015625,1.0010933876037598,1.0086007118225098,0.5434424877166748,525.1710815429688,inf
1999,1.8821924924850464,1.9960837364196777,9.223386764526367,1.0646780729293823,80.84429168701172,187.9805908203125,0.683731734752655,970.2990112304688,80.23115539550781,187.92510986328125,0.7825955748558044,710.833740234375,85.78826141357422,191.9750213623047,1.0271989107131958,36984.0,1.0010720491409302,1.008434772491455,0.5418211817741394,1230.829345703125,inf
