epochs,full_psnr,ssim,lpips,train_psnr,test_psnr
0,6.2624592781066895,0.09910454601049423,,6.311362266540527,0.0
500,12.221899032592773,0.35323822498321533,,12.422483444213867,0.0
1000,12.224382400512695,0.36179646849632263,,12.42548942565918,0.0
1500,12.226191520690918,0.36783310770988464,,12.427223205566406,0.0
1999,12.22695541381836,0.3704414367675781,,12.440901756286621,0.0
