epochs,full_psnr,ssim,lpips,train_psnr,test_psnr
0,7.176262855529785,0.12817955017089844,,7.302083969116211,0.0
500,12.848376274108887,0.32274964451789856,,13.334257125854492,0.0
1000,12.85107707977295,0.33010610938072205,,13.336621284484863,0.0
1500,12.854018211364746,0.3385040760040283,,13.339181900024414,0.0
1999,12.85478401184082,0.34084007143974304,,13.356585502624512,0.0
