Epoch,stable_rank_layer_0,effective_rank_layer_0,spectral_norm_layer_0,condition_number_layer_0,stable_rank_layer_1,effective_rank_layer_1,spectral_norm_layer_1,condition_number_layer_1,stable_rank_layer_2,effective_rank_layer_2,spectral_norm_layer_2,condition_number_layer_2,stable_rank_layer_3,effective_rank_layer_3,spectral_norm_layer_3,condition_number_layer_3,stable_rank_layer_4,effective_rank_layer_4,spectral_norm_layer_4,condition_number_layer_4,end_to_end_bound
0,1.8816859722137451,1.996047854423523,7.323938369750977,1.0649839639663696,77.87106323242188,182.54974365234375,1.1333277225494385,1077.3768310546875,76.52973937988281,182.20762634277344,1.1450952291488647,3779.78125,75.47566986083984,181.2826690673828,1.1518532037734985,605.0733642578125,1.843206763267517,2.7322332859039307,0.916016161441803,1.606420636177063,10.028640638307655
500,1.704057216644287,1.9699139595031738,19.895977020263672,1.1917798519134521,72.53633117675781,175.3819122314453,1.6002411842346191,206732.0625,64.734375,172.992431640625,1.6434326171875,1155.007080078125,59.36705017089844,171.71250915527344,1.5712599754333496,532.1631469726562,1.1984305381774902,1.6125656366348267,9.552474021911621,10.91018295288086,785.3559336604301
1000,1.6783336400985718,1.9633783102035522,23.62690544128418,1.2141667604446411,71.01557159423828,164.27235412597656,2.3870725631713867,4080.21923828125,63.589481353759766,158.9110565185547,2.4110679626464844,799.98388671875,47.73061752319336,144.16600036621094,2.287900924682617,2018.5302734375,1.0978360176086426,1.3685250282287598,14.710512161254883,17.321815490722656,4576.641810277572
1500,1.6854345798492432,1.965266466140747,25.2049560546875,1.2078611850738525,69.4596176147461,155.27000427246094,3.0717127323150635,2328.2900390625,63.848609924316406,151.84425354003906,3.0707688331604004,33434.30078125,42.8973503112793,128.28700256347656,2.9279747009277344,3880.287109375,1.078576683998108,1.3122977018356323,15.96413516998291,19.32996940612793,11112.87380840424
1999,1.6922279596328735,1.9670120477676392,25.788829803466797,1.2019195556640625,68.25304412841797,152.7403564453125,3.438724994659424,664.0657348632812,63.446109771728516,149.5001678466797,3.4250714778900146,1578.5306396484375,41.56629943847656,122.33709716796875,3.2864387035369873,3870.94287109375,1.073564052581787,1.2980318069458008,17.672229766845703,18.93807029724121,17640.691557110924
