epochs,full_psnr,ssim,lpips,train_psnr,test_psnr
0,9.593400955200195,0.3590959310531616,,9.871203422546387,0.0
500,14.208749771118164,0.4293123185634613,,15.067853927612305,0.0
1000,15.767760276794434,0.4450467824935913,,17.0358829498291,0.0
1500,16.671846389770508,0.4600285291671753,,18.331445693969727,0.0
1999,17.320388793945312,0.4735518991947174,,19.329105377197266,0.0
