Epoch,stable_rank_layer_0,effective_rank_layer_0,spectral_norm_layer_0,condition_number_layer_0,stable_rank_layer_1,effective_rank_layer_1,spectral_norm_layer_1,condition_number_layer_1,stable_rank_layer_2,effective_rank_layer_2,spectral_norm_layer_2,condition_number_layer_2,stable_rank_layer_3,effective_rank_layer_3,spectral_norm_layer_3,condition_number_layer_3,stable_rank_layer_4,effective_rank_layer_4,spectral_norm_layer_4,condition_number_layer_4,end_to_end_bound
0,1.8892008066177368,1.9965612888336182,7.316578388214111,1.060474157333374,77.8848876953125,182.5554962158203,1.1332424879074097,1030.33740234375,76.53714752197266,182.2119598388672,1.1450291872024536,10579.6728515625,75.4675064086914,181.28465270996094,1.1521220207214355,679.9959716796875,1.71743905544281,2.6333725452423096,0.8549273014068604,1.7252064943313599,1496218.7131784149
500,1.9228721857070923,1.9983912706375122,7.737898826599121,1.0409483909606934,78.18414306640625,182.4696807861328,1.1214619874954224,2529.9150390625,74.99647521972656,181.65370178222656,1.111104965209961,3846.70703125,52.03645706176758,166.66294860839844,1.1611158847808838,1349.9681396484375,1.7960225343704224,2.580031394958496,0.7726646065711975,2.1334121227264404,1384041.9734209976
1000,1.9239513874053955,1.9984378814697266,7.78564977645874,1.0403403043746948,78.21684265136719,182.35208129882812,1.121564507484436,1861.88916015625,75.74807739257812,181.46212768554688,1.1016095876693726,731.6265869140625,51.851646423339844,166.0059051513672,1.2040331363677979,2188.841796875,1.963715672492981,2.658365249633789,0.8283146023750305,1.971604347229004,1534972.3893767714
1500,1.9238709211349487,1.99843430519104,7.784669399261475,1.0403856039047241,78.40736389160156,182.39122009277344,1.1227909326553345,2633.18603515625,75.4974136352539,181.30203247070312,1.1162140369415283,1198.4322509765625,50.6796875,165.10107421875,1.3299514055252075,1638.1876220703125,2.191098928451538,2.7172698974609375,0.8964800834655762,1.8044443130493164,1861156.746846759
1999,1.923824667930603,1.9984325170516968,7.7843146324157715,1.0404115915298462,78.4699935913086,182.3447723388672,1.1242945194244385,1305.1162109375,75.49667358398438,181.23081970214844,1.1219977140426636,512.6388549804688,50.60777282714844,164.68112182617188,1.3691531419754028,1748.834716796875,2.1518046855926514,2.7155089378356934,0.9345875382423401,1.8174506425857544,2010409.1068464133
