epochs,full_psnr,ssim,lpips,train_psnr,test_psnr
0,6.756554126739502,0.015894075855612755,,6.807634353637695,0.0
500,23.474231719970703,0.5809239745140076,,25.785781860351562,0.0
1000,24.26454734802246,0.6007172465324402,,30.226593017578125,0.0
1500,24.29336929321289,0.575089156627655,,35.93767547607422,0.0
1999,24.12126350402832,0.5539771914482117,,36.811058044433594,0.0
