epochs,full_psnr,ssim,lpips,train_psnr,test_psnr
0,12.351283073425293,0.22060070931911469,,12.812341690063477,0.0
500,17.725032806396484,0.2900772988796234,,19.593219757080078,0.0
1000,18.760879516601562,0.29880934953689575,,21.285503387451172,0.0
1500,17.824337005615234,0.285465806722641,,19.7358341217041,0.0
2000,18.580652236938477,0.2985621988773346,,20.991413116455078,0.0
2500,19.03426170349121,0.3057248890399933,,21.818485260009766,0.0
2999,19.25920295715332,0.3116215765476227,,22.251598358154297,0.0
