Epoch,stable_rank_layer_0,effective_rank_layer_0,spectral_norm_layer_0,condition_number_layer_0,stable_rank_layer_1,effective_rank_layer_1,spectral_norm_layer_1,condition_number_layer_1,stable_rank_layer_2,effective_rank_layer_2,spectral_norm_layer_2,condition_number_layer_2,stable_rank_layer_3,effective_rank_layer_3,spectral_norm_layer_3,condition_number_layer_3,stable_rank_layer_4,effective_rank_layer_4,spectral_norm_layer_4,condition_number_layer_4,end_to_end_bound
0,1.8654447793960571,1.9947994947433472,5.194754123687744,1.0749303102493286,76.4395523071289,182.3426971435547,0.0702189952135086,274.968505859375,77.45552825927734,182.54905700683594,0.06968113780021667,401.4131164550781,77.7576904296875,181.775634765625,0.06917253136634827,789.4981689453125,1.0032005310058594,1.0240147113800049,0.9032905697822571,25.521852493286133,4065.7058185683504
500,1.8878798484802246,1.9964739084243774,6.074690341949463,1.0612627267837524,32.007667541503906,153.35841369628906,0.320661723613739,1015.22216796875,19.384897232055664,148.71487426757812,0.44968464970588684,46515.81640625,12.046464920043945,92.30557250976562,0.7287583351135254,1476.848876953125,1.004698634147644,1.031166911125183,0.40666553378105164,64.9772720336914,664569.1799415831
1000,1.8884326219558716,1.9965107440948486,6.078914165496826,1.0609325170516968,41.51634979248047,152.58261108398438,0.31470856070518494,1017.8221435546875,29.487327575683594,162.75616455078125,0.367892861366272,9150.8310546875,15.433136940002441,112.15860748291016,0.6842003464698792,3732.001708984375,1.0075271129608154,1.0476291179656982,0.4000343084335327,35.63044357299805,493147.03176604037
1500,1.889474630355835,1.9965792894363403,6.08797550201416,1.0603108406066895,48.55752182006836,151.93789672851562,0.31937891244888306,761.4237060546875,37.7059211730957,169.47100830078125,0.3363807201385498,11989.38671875,28.508455276489258,140.6470184326172,0.7210829257965088,236706.65625,1.009731650352478,1.0598376989364624,0.4023574888706207,27.757572174072266,485788.7984541846
1999,1.8876603841781616,1.9964592456817627,6.089093208312988,1.0613937377929688,49.570987701416016,151.9226837158203,0.31961962580680847,1838.3863525390625,38.84434127807617,169.7027587890625,0.3360143303871155,8848.24609375,31.163589477539062,143.16513061523438,0.7224822044372559,511129.6875,1.0119372606277466,1.07197904586792,0.41112542152404785,22.106765747070312,497262.04520796955
