epochs,full_psnr,ssim,lpips,train_psnr,test_psnr
0,7.231322288513184,0.2920287251472473,,7.357730388641357,0.0
500,20.822647094726562,0.5801334977149963,,25.186002731323242,0.0
1000,20.43509292602539,0.570486843585968,,24.532203674316406,0.0
1500,20.933658599853516,0.6138531565666199,,24.644550323486328,0.0
1999,22.565534591674805,0.6851837038993835,,39.89369201660156,0.0
