epochs,full_psnr,ssim,lpips,train_psnr,test_psnr
0,6.354061126708984,0.10282274335622787,,6.40407657623291,0.0
500,12.222739219665527,0.355895072221756,,12.423974990844727,0.0
1000,12.224698066711426,0.3620854616165161,,12.425827026367188,0.0
1500,12.226320266723633,0.3681508004665375,,12.426788330078125,0.0
1999,12.226963996887207,0.3705163896083832,,12.440719604492188,0.0
