epochs,full_psnr,ssim,lpips,train_psnr,test_psnr
0,5.829403400421143,0.016284162178635597,,5.860172271728516,0.0
500,26.081527709960938,0.7480667233467102,,31.592445373535156,0.0
1000,27.23859405517578,0.7632587552070618,,37.02077102661133,0.0
1500,27.443172454833984,0.7224268913269043,,43.217567443847656,0.0
1999,27.322568893432617,0.7049255967140198,,44.18338394165039,0.0
