epochs,full_psnr,ssim,lpips,train_psnr,test_psnr
0,6.354061126708984,0.10282274335622787,,6.40407657623291,0.0
500,12.222833633422852,0.3558175563812256,,12.423585891723633,0.0
1000,12.223235130310059,0.3574254512786865,,12.424629211425781,0.0
1500,12.224956512451172,0.3626641035079956,,12.425397872924805,0.0
2000,12.225914001464844,0.3665482997894287,,12.42692756652832,0.0
2500,12.226799964904785,0.36997655034065247,,12.427631378173828,0.0
2999,12.227005958557129,0.37075361609458923,,12.438570022583008,0.0
