epochs,full_psnr,ssim,lpips,train_psnr,test_psnr
0,8.395944595336914,0.30958881974220276,,8.438287734985352,0.0
500,11.961982727050781,0.6039838194847107,,12.059213638305664,0.0
1000,11.965829849243164,0.6295973062515259,,12.060956001281738,0.0
1500,11.967317581176758,0.6459932923316956,,12.063775062561035,0.0
2000,11.966665267944336,0.6379868388175964,,12.062372207641602,0.0
2500,11.969913482666016,0.6649540066719055,,12.065281867980957,0.0
2999,11.973114013671875,0.6985887885093689,,12.069035530090332,0.0
