Epoch,stable_rank_layer_0,effective_rank_layer_0,spectral_norm_layer_0,condition_number_layer_0,stable_rank_layer_1,effective_rank_layer_1,spectral_norm_layer_1,condition_number_layer_1,stable_rank_layer_2,effective_rank_layer_2,spectral_norm_layer_2,condition_number_layer_2,stable_rank_layer_3,effective_rank_layer_3,spectral_norm_layer_3,condition_number_layer_3,stable_rank_layer_4,effective_rank_layer_4,spectral_norm_layer_4,condition_number_layer_4,end_to_end_bound
0,1.8823206424713135,1.9960929155349731,7.337747573852539,1.0646008253097534,77.8857421875,182.54920959472656,1.133237361907959,998.9500732421875,76.52564239501953,182.20779418945312,1.1451382637023926,3872.3740234375,75.48593139648438,181.2827606201172,1.1517798900604248,587.3936157226562,1.8435791730880737,2.732426404953003,0.916138231754303,1.6066216230392456,10.04782533910817
500,1.8657798767089844,1.9948272705078125,17.750347137451172,1.0747222900390625,67.99666595458984,171.93600463867188,1.6223684549331665,1309.769775390625,68.08345794677734,170.9647674560547,1.591596245765686,616.4614868164062,62.337921142578125,171.3240966796875,1.5019001960754395,658.7083129882812,1.6549816131591797,2.2037734985351562,9.009982109069824,4.139308452606201,620.2321193665784
1000,1.8912429809570312,1.9966939687728882,20.003707885742188,1.0592584609985352,68.9964599609375,162.61087036132812,2.3896496295928955,859.0411376953125,64.42759704589844,158.17855834960938,2.374817132949829,2324.439208984375,46.818111419677734,147.4140167236328,2.2010316848754883,2778.03125,1.651900291442871,2.2711172103881836,11.00000286102295,3.488433599472046,2748.4889755997638
1500,1.9013038873672485,1.997305989265442,21.004392623901367,1.0533298254013062,67.22178649902344,156.132568359375,3.1445982456207275,15825.7255859375,62.23530578613281,150.44943237304688,3.093322992324829,1145.2413330078125,42.67171859741211,131.51393127441406,2.7813220024108887,1553.5501708984375,1.5753134489059448,2.2543139457702637,11.919500350952148,3.3665525913238525,6773.449345723304
1999,1.9028960466384888,1.997396469116211,21.436952590942383,1.0524007081985474,66.78559875488281,153.6416015625,3.510521650314331,869.911865234375,61.55282211303711,147.734130859375,3.46415376663208,13287.494140625,41.719459533691406,124.86406707763672,3.1046814918518066,1267.0928955078125,1.5243091583251953,2.239522695541382,13.150078773498535,3.246675729751587,10643.323720467655
