Epoch,stable_rank_layer_0,effective_rank_layer_0,spectral_norm_layer_0,condition_number_layer_0,stable_rank_layer_1,effective_rank_layer_1,spectral_norm_layer_1,condition_number_layer_1,stable_rank_layer_2,effective_rank_layer_2,spectral_norm_layer_2,condition_number_layer_2,stable_rank_layer_3,effective_rank_layer_3,spectral_norm_layer_3,condition_number_layer_3,stable_rank_layer_4,effective_rank_layer_4,spectral_norm_layer_4,condition_number_layer_4,end_to_end_bound
0,1.8766460418701172,1.9956809282302856,7.329784393310547,1.0680408477783203,77.89412689208984,182.55810546875,1.1331720352172852,950.0609130859375,76.52029418945312,182.2058868408203,1.1451467275619507,146391.078125,75.47417449951172,181.28656005859375,1.152275562286377,711.455810546875,1.7404346466064453,2.656052589416504,0.8530828356742859,1.6533056497573853,1495945.3308858646
500,1.8915696144104004,1.9967149496078491,8.066496849060059,1.0590643882751465,77.22659301757812,182.01832580566406,1.1574535369873047,840.917236328125,78.14891052246094,181.70457458496094,1.127793550491333,627.6453247070312,56.54652786254883,168.91030883789062,1.1704577207565308,1319.6708984375,1.32955801486969,1.8281850814819336,0.6686946153640747,8.480388641357422,1318626.1406978671
1000,1.8889232873916626,1.996543049812317,8.145160675048828,1.0606396198272705,77.23352813720703,181.8208770751953,1.1650484800338745,976.2384033203125,78.22246551513672,181.36697387695312,1.1403796672821045,2428.683837890625,55.29519271850586,166.959716796875,1.2747206687927246,37624.8671875,1.2911595106124878,1.9555199146270752,0.9362525939941406,3.409492015838623,2066432.211851498
1500,1.8890262842178345,1.9965498447418213,8.143603324890137,1.0605782270431519,77.38530731201172,181.74131774902344,1.168306589126587,1187.731689453125,78.11064910888672,181.0106658935547,1.1521931886672974,1166.67333984375,56.6240119934082,165.6203155517578,1.3782380819320679,1123.407958984375,1.2291700839996338,1.8214818239212036,1.1668047904968262,3.6200850009918213,2820597.8625097866
1999,1.8890131711959839,1.9965490102767944,8.143149375915527,1.0605860948562622,77.27761840820312,181.74078369140625,1.1707366704940796,1796.7008056640625,78.12652587890625,180.9214324951172,1.1559215784072876,632.701171875,56.57644271850586,165.22093200683594,1.4101577997207642,3622.6015625,1.219250202178955,1.7968801259994507,1.2143058776855469,3.6782546043395996,3019227.1490120385
