epochs,full_psnr,ssim,lpips,train_psnr,test_psnr
0,5.982858657836914,0.01566304825246334,,6.102018356323242,0.0
500,20.12537956237793,0.5544784069061279,,24.698348999023438,0.0
1000,21.53362464904785,0.5983249545097351,,30.98270606994629,0.0
1500,21.338109970092773,0.5617879629135132,,37.33699417114258,0.0
1999,21.266157150268555,0.5470719337463379,,38.22972106933594,0.0
