epochs,full_psnr,ssim,lpips,train_psnr,test_psnr
0,6.383853912353516,0.412371963262558,,6.405793190002441,0.0
500,18.042333602905273,0.23947922885417938,,19.056344985961914,0.0
1000,20.201358795166016,0.3066108226776123,,21.61093521118164,0.0
1500,21.0756893157959,0.3193270266056061,,23.39641761779785,0.0
2000,21.326900482177734,0.2956719696521759,,26.385162353515625,0.0
2500,20.265310287475586,0.2219933420419693,,29.297893524169922,0.0
2999,20.025537490844727,0.2067079097032547,,32.966331481933594,0.0
