Epoch,stable_rank_layer_0,effective_rank_layer_0,spectral_norm_layer_0,condition_number_layer_0,stable_rank_layer_1,effective_rank_layer_1,spectral_norm_layer_1,condition_number_layer_1,stable_rank_layer_2,effective_rank_layer_2,spectral_norm_layer_2,condition_number_layer_2,stable_rank_layer_3,effective_rank_layer_3,spectral_norm_layer_3,condition_number_layer_3,stable_rank_layer_4,effective_rank_layer_4,spectral_norm_layer_4,condition_number_layer_4,end_to_end_bound
0,1.8766460418701172,1.9956809282302856,7.329784393310547,1.0680408477783203,77.89412689208984,182.55810546875,1.1331720352172852,950.0609130859375,76.52029418945312,182.2058868408203,1.1451467275619507,146391.078125,75.47417449951172,181.28656005859375,1.152275562286377,711.455810546875,1.7404346466064453,2.656052589416504,0.8530828356742859,1.6533056497573853,1495945.3308858646
500,1.899933099746704,1.9972268342971802,8.054045677185059,1.0541317462921143,75.52821350097656,181.74441528320312,1.1680697202682495,1648.6744384765625,77.67276000976562,181.24351501464844,1.128379464149475,963.9474487304688,55.93175506591797,168.89999389648438,1.1966919898986816,2042.08056640625,1.3549529314041138,1.8458433151245117,0.6363648176193237,9.264867782592773,1293440.7985225383
1000,1.8959686756134033,1.9969902038574219,8.285222053527832,1.0564613342285156,75.13387298583984,180.73312377929688,1.1909127235412598,5627.2333984375,77.6500015258789,180.416259765625,1.133844256401062,1186.2724609375,55.342750549316406,164.56675720214844,1.266880989074707,1859.0303955078125,1.4554693698883057,2.2173917293548584,0.7445012927055359,2.982011079788208,1688335.4915161855
1500,1.8918800354003906,1.9967347383499146,8.459437370300293,1.058880090713501,70.97467041015625,178.92518615722656,1.2589209079742432,512.2932739257812,77.3050537109375,179.308349609375,1.1542906761169434,450.0360107421875,54.214622497558594,160.38690185546875,1.3669945001602173,4400.41845703125,1.3702670335769653,2.1108624935150146,0.9291806221008301,3.0318379402160645,2498285.1551738065
1999,1.8926552534103394,1.9967840909957886,8.460407257080078,1.0584203004837036,68.24847412109375,178.31382751464844,1.2971997261047363,1039.467041015625,76.40048217773438,178.9721221923828,1.182985782623291,479.7705383300781,53.5507698059082,160.3670196533203,1.5145444869995117,2454.762451171875,1.2256935834884644,1.802393913269043,1.2731037139892578,3.882941246032715,4005377.4167531994
