epochs,full_psnr,ssim,lpips,train_psnr,test_psnr
0,5.982858657836914,0.01566304825246334,,6.102018356323242,0.0
500,19.28324317932129,0.5344468951225281,,22.756498336791992,0.0
1000,19.86360740661621,0.5474463105201721,,24.801189422607422,0.0
1500,21.20927619934082,0.608450710773468,,26.885730743408203,0.0
1999,21.503650665283203,0.5934812426567078,,38.15937805175781,0.0
