Epoch,stable_rank_layer_0,effective_rank_layer_0,spectral_norm_layer_0,condition_number_layer_0,stable_rank_layer_1,effective_rank_layer_1,spectral_norm_layer_1,condition_number_layer_1,stable_rank_layer_2,effective_rank_layer_2,spectral_norm_layer_2,condition_number_layer_2,stable_rank_layer_3,effective_rank_layer_3,spectral_norm_layer_3,condition_number_layer_3,stable_rank_layer_4,effective_rank_layer_4,spectral_norm_layer_4,condition_number_layer_4,end_to_end_bound
0,1.89066481590271,1.9966566562652588,7.295135974884033,1.05960214138031,77.9028549194336,182.55392456054688,1.1331127882003784,1038.4473876953125,76.53118133544922,182.20640563964844,1.1450729370117188,8469.1865234375,75.45883178710938,181.2867431640625,1.1523613929748535,641.5184326171875,1.7423408031463623,2.6547062397003174,0.7575603723526001,1.7055134773254395,1322103.9844645269
500,1.9232633113861084,1.998408317565918,7.938961982727051,1.0407278537750244,76.73855590820312,182.072998046875,1.1553314924240112,622.1065063476562,76.00259399414062,181.12428283691406,1.124369502067566,1357.0172119140625,68.44926452636719,175.33676147460938,1.1554672718048096,571.21728515625,1.4178146123886108,2.060608148574829,0.7165749073028564,4.208543300628662,1366213.6451358942
1000,1.9285778999328613,1.9986286163330078,8.126520156860352,1.037745475769043,75.54608154296875,181.2534637451172,1.1730092763900757,7351.53466796875,76.07958984375,180.495849609375,1.123302698135376,689.61474609375,64.61937713623047,171.550537109375,1.3036565780639648,700.9365844726562,1.3622487783432007,1.9809136390686035,0.8709009289741516,4.550843715667725,1945157.6359931042
1500,1.9307960271835327,1.9987154006958008,8.25926685333252,1.0365080833435059,74.59961700439453,179.86419677734375,1.2074028253555298,744.7171020507812,74.89262390136719,179.69677734375,1.1476600170135498,371.7267150878906,62.424800872802734,166.7392578125,1.4660582542419434,2532.654296875,1.2908923625946045,1.8570786714553833,1.086194634437561,5.219619274139404,2915988.4597498365
1999,1.9292336702346802,1.9986546039581299,8.274984359741211,1.0373791456222534,73.0591049194336,179.2303924560547,1.2365031242370605,674.9808349609375,74.16374969482422,179.56863403320312,1.1835254430770874,418.9376525878906,62.84543991088867,166.674072265625,1.6352823972702026,1906.1390380859375,1.1948802471160889,1.6423897743225098,1.6222952604293823,7.3306450843811035,5140231.068434284
