epochs,full_psnr,ssim,lpips,train_psnr,test_psnr
0,9.200332641601562,0.02132348157465458,,9.409581184387207,0.0
500,20.180858612060547,0.3805893361568451,,24.641550064086914,0.0
1000,20.899829864501953,0.41448649764060974,,26.664142608642578,0.0
1500,20.569705963134766,0.41088080406188965,,26.985700607299805,0.0
1999,21.649120330810547,0.46887925267219543,,34.73896026611328,0.0
