Epoch,stable_rank_layer_0,effective_rank_layer_0,spectral_norm_layer_0,condition_number_layer_0,stable_rank_layer_1,effective_rank_layer_1,spectral_norm_layer_1,condition_number_layer_1,stable_rank_layer_2,effective_rank_layer_2,spectral_norm_layer_2,condition_number_layer_2,stable_rank_layer_3,effective_rank_layer_3,spectral_norm_layer_3,condition_number_layer_3,stable_rank_layer_4,effective_rank_layer_4,spectral_norm_layer_4,condition_number_layer_4,end_to_end_bound
0,1.857252597808838,1.9940954446792603,5.174139499664307,1.0800542831420898,76.38529205322266,182.31956481933594,0.07025405764579773,323.5738220214844,77.48817443847656,182.5950164794922,0.06967159360647202,347.4093017578125,77.80372619628906,181.74407958984375,0.06916631758213043,822.1851196289062,1.0032005310058594,1.0240147113800049,0.9032908082008362,25.521875381469727,4050.6759480710216
500,1.8388798236846924,1.9923279285430908,6.277358531951904,1.0918176174163818,42.00128936767578,148.19203186035156,0.3181139826774597,987.803466796875,15.467117309570312,141.73410034179688,0.5445201396942139,11258.9189453125,16.70266342163086,99.47230529785156,0.8806198239326477,147568.109375,1.1499792337417603,1.4907951354980469,0.25101184844970703,18.876338958740234,615313.2756195196
1000,1.8386971950531006,1.9923088550567627,6.280038833618164,1.0919365882873535,45.671485900878906,144.99424743652344,0.34565719962120056,806.97900390625,26.128862380981445,155.60894775390625,0.421602725982666,2570.0595703125,26.7431697845459,133.2993927001953,0.8782652616500854,16992.744140625,1.1456713676452637,1.5065670013427734,0.259743869304657,10.685375213623047,534468.7569246191
1500,1.8382481336593628,1.9922624826431274,6.283100605010986,1.0922291278839111,48.66659927368164,136.67701721191406,0.40663647651672363,2150.28125,31.907743453979492,158.50843811035156,0.39310422539711,4307.88037109375,39.04174041748047,147.20301818847656,0.937286913394928,70077.234375,1.140606164932251,1.5041834115982056,0.26700595021247864,9.33399486541748,643459.945168818
1999,1.8382831811904907,1.9922658205032349,6.284101486206055,1.0922061204910278,48.70952606201172,135.40869140625,0.4199807047843933,1295.7359619140625,32.41251754760742,158.7177276611328,0.3956072926521301,2144.75830078125,41.65829849243164,149.4190673828125,0.9419171810150146,235128.859375,1.1474889516830444,1.529067873954773,0.27238699793815613,8.339234352111816,685765.8816378727
