epochs,full_psnr,ssim,lpips,train_psnr,test_psnr
0,3.752708673477173,0.22777044773101807,,3.794257879257202,0.0
500,22.95429229736328,0.529231607913971,,30.458251953125,0.0
1000,23.116971969604492,0.5411282777786255,,31.224945068359375,0.0
1500,23.38325309753418,0.5627519488334656,,33.59965515136719,0.0
1999,23.758724212646484,0.581932008266449,,43.351131439208984,0.0
