epochs,full_psnr,ssim,lpips,train_psnr,test_psnr
0,13.667317390441895,0.45982658863067627,,13.969985008239746,0.0
500,17.80143165588379,0.5070562958717346,,18.62795639038086,0.0
1000,19.670883178710938,0.5359140634536743,,21.03877830505371,0.0
1500,16.990835189819336,0.49693790078163147,,17.670522689819336,0.0
2000,19.30805206298828,0.529644250869751,,20.537418365478516,0.0
2500,20.470378875732422,0.5466458201408386,,22.180522918701172,0.0
3000,21.280006408691406,0.5595587491989136,,23.439960479736328,0.0
3500,21.866609573364258,0.5700535178184509,,24.463346481323242,0.0
3999,22.18152618408203,0.5757842659950256,,25.053319931030273,0.0
