epochs,full_psnr,ssim,lpips,train_psnr,test_psnr
0,6.549126625061035,0.2818171977996826,,6.65179967880249,0.0
500,17.414630889892578,0.3030943274497986,,19.526472091674805,0.0
1000,19.339353561401367,0.3954378664493561,,22.46971321105957,0.0
1500,19.987693786621094,0.44003400206565857,,23.670501708984375,0.0
2000,20.35572052001953,0.46195974946022034,,24.418659210205078,0.0
2500,19.484403610229492,0.41579172015190125,,22.425138473510742,0.0
3000,12.850481033325195,0.328654021024704,,13.335643768310547,0.0
3500,12.852376937866211,0.3339100182056427,,13.337974548339844,0.0
3999,12.854461669921875,0.3396786153316498,,13.339775085449219,0.0
