Epoch,stable_rank_layer_0,effective_rank_layer_0,spectral_norm_layer_0,condition_number_layer_0,stable_rank_layer_1,effective_rank_layer_1,spectral_norm_layer_1,condition_number_layer_1,stable_rank_layer_2,effective_rank_layer_2,spectral_norm_layer_2,condition_number_layer_2,stable_rank_layer_3,effective_rank_layer_3,spectral_norm_layer_3,condition_number_layer_3,stable_rank_layer_4,effective_rank_layer_4,spectral_norm_layer_4,condition_number_layer_4,end_to_end_bound
0,1.8816859722137451,1.996047854423523,7.323938369750977,1.0649839639663696,77.87106323242188,182.54974365234375,1.1333277225494385,1077.3768310546875,76.52973937988281,182.20762634277344,1.1450952291488647,3779.78125,75.47566986083984,181.2826690673828,1.1518532037734985,605.0733642578125,1.843206763267517,2.7322332859039307,0.916016161441803,1.606420636177063,10.028640638307655
500,1.6920658349990845,1.9669711589813232,19.695755004882812,1.202060341835022,70.7452163696289,175.77976989746094,1.5776946544647217,7707.39111328125,64.83931732177734,173.79359436035156,1.615820050239563,1161.4793701171875,59.20834732055664,172.24685668945312,1.5554996728897095,427.6392517089844,1.168583869934082,1.566474437713623,7.503795623779297,9.274911880493164,586.056519297596
1000,1.6754757165908813,1.9625998735427856,22.914297103881836,1.2167325019836426,69.77943420410156,168.38404846191406,2.1156415939331055,716.4813842773438,62.28774642944336,163.59002685546875,2.1755049228668213,2525.45751953125,46.79707717895508,152.8555450439453,2.1254444122314453,2507.938720703125,1.0931799411773682,1.3619738817214966,12.058782577514648,14.289864540100098,2703.09881954169
1500,1.6847089529037476,1.9650764465332031,24.00168800354004,1.208500862121582,69.76376342773438,165.8478240966797,2.383730411529541,722.0994262695312,62.65435028076172,160.4043426513672,2.4478206634521484,1605.5986328125,44.6758918762207,144.63931274414062,2.402053117752075,8041.4599609375,1.071484923362732,1.2937703132629395,15.556507110595703,17.387998580932617,5233.270925347347
1999,1.6878447532653809,1.9658925533294678,24.211929321289062,1.2057430744171143,69.85926055908203,165.4907684326172,2.428295850753784,476.5694580078125,62.753997802734375,159.90008544921875,2.4947211742401123,944.583251953125,44.45043182373047,143.35476684570312,2.451855421066284,1663.1539306640625,1.0681655406951904,1.2825191020965576,16.652484893798828,18.2904052734375,5988.622177357607
