epochs,full_psnr,ssim,lpips,train_psnr,test_psnr
0,9.593400955200195,0.3590959310531616,,9.871203422546387,0.0
500,14.218216896057129,0.42732492089271545,,15.07829761505127,0.0
1000,15.557064056396484,0.44134822487831116,,16.77706527709961,0.0
1500,16.15748405456543,0.4510996341705322,,17.598678588867188,0.0
1999,16.274274826049805,0.45328399538993835,,17.762893676757812,0.0
