Epoch,stable_rank_layer_0,effective_rank_layer_0,spectral_norm_layer_0,condition_number_layer_0,stable_rank_layer_1,effective_rank_layer_1,spectral_norm_layer_1,condition_number_layer_1,stable_rank_layer_2,effective_rank_layer_2,spectral_norm_layer_2,condition_number_layer_2,stable_rank_layer_3,effective_rank_layer_3,spectral_norm_layer_3,condition_number_layer_3,stable_rank_layer_4,effective_rank_layer_4,spectral_norm_layer_4,condition_number_layer_4,end_to_end_bound
0,1.8823206424713135,1.9960929155349731,7.337747573852539,1.0646008253097534,77.88419342041016,182.54913330078125,1.1332486867904663,1009.4287719726562,76.52411651611328,182.2074432373047,1.145153284072876,3821.201904296875,75.48849487304688,181.2827606201172,1.1517590284347534,587.2127075195312,1.8435791730880737,2.732426404953003,0.916138231754303,1.6066216230392456,10.04787555045223
500,1.8327538967132568,1.9916784763336182,17.720199584960938,1.0958261489868164,71.52182006835938,176.12669372558594,1.5954866409301758,806.05322265625,69.26604461669922,173.98330688476562,1.583778977394104,1045.2117919921875,63.303932189941406,172.6858367919922,1.482155203819275,464.95489501953125,1.7353522777557373,2.2213404178619385,7.350301265716553,4.160400867462158,487.8150311738861
1000,1.8502503633499146,1.9934531450271606,19.763126373291016,1.084492564201355,68.82776641845703,169.23060607910156,2.192413330078125,4029.57177734375,66.70689392089844,164.19544982910156,2.147646903991699,4352.45556640625,52.17875671386719,154.0540313720703,1.950468897819519,1151.6275634765625,1.580234169960022,2.206171751022339,9.765291213989258,3.809433937072754,1772.4140760413823
1500,1.85841965675354,1.9941989183425903,20.445964813232422,1.0793198347091675,69.6572036743164,166.77041625976562,2.450854778289795,602.706787109375,66.58846282958984,160.83462524414062,2.418257236480713,5489.75634765625,48.726226806640625,145.11460876464844,2.21551251411438,1937.650146484375,1.6151344776153564,2.335136651992798,10.894963264465332,2.9473915100097656,2925.0120619225627
1999,1.8598439693450928,1.99432373046875,20.577346801757812,1.0784255266189575,69.60175323486328,166.3881072998047,2.4974427223205566,797.8945922851562,66.58653259277344,160.31105041503906,2.4657557010650635,16469.24609375,48.43000793457031,143.6472930908203,2.26137113571167,6743.5654296875,1.5961802005767822,2.3632233142852783,11.699625015258789,2.729137897491455,3352.576886486909
