epochs,full_psnr,ssim,lpips,train_psnr,test_psnr
0,11.019648551940918,0.35316553711891174,,11.17165756225586,0.0
500,16.722389221191406,0.4144676923751831,,17.316926956176758,0.0
1000,18.46772003173828,0.43897533416748047,,19.40142059326172,0.0
1500,19.239063262939453,0.4504718482494354,,20.385974884033203,0.0
1999,19.382213592529297,0.4533151388168335,,20.574037551879883,0.0
