epochs,full_psnr,ssim,lpips,train_psnr,test_psnr
0,7.231322288513184,0.2920287251472473,,7.357730388641357,0.0
500,20.813453674316406,0.5881524682044983,,25.98556137084961,0.0
1000,21.0808162689209,0.6125127673149109,,26.391170501708984,0.0
1500,20.078929901123047,0.5796576738357544,,24.08385467529297,0.0
2000,22.016611099243164,0.6552963256835938,,31.10354995727539,0.0
2500,22.493175506591797,0.6795927882194519,,34.93769836425781,0.0
3000,22.465042114257812,0.6735092997550964,,38.91047286987305,0.0
3500,22.406383514404297,0.6554872393608093,,42.408836364746094,0.0
3999,22.37544059753418,0.6494271755218506,,43.113609313964844,0.0
