epochs,full_psnr,ssim,lpips,train_psnr,test_psnr
0,8.3284912109375,0.08989457041025162,,8.506970405578613,0.0
500,12.533465385437012,0.21325546503067017,,13.014978408813477,0.0
1000,12.532459259033203,0.21256721019744873,,13.01561450958252,0.0
1500,12.532842636108398,0.21274930238723755,,13.013748168945312,0.0
2000,12.532500267028809,0.21205295622348785,,13.014629364013672,0.0
2500,12.534738540649414,0.21554537117481232,,13.017234802246094,0.0
2999,12.53726863861084,0.21977286040782928,,13.019522666931152,0.0
