epochs,full_psnr,ssim,lpips,train_psnr,test_psnr
0,14.00132942199707,0.601768434047699,,14.123835563659668,0.0
500,17.954113006591797,0.6725409030914307,,18.266084671020508,0.0
1000,19.594158172607422,0.7003309726715088,,20.06376075744629,0.0
1500,17.830690383911133,0.6670686602592468,,18.13459014892578,0.0
1999,18.866470336914062,0.6866235136985779,,19.258464813232422,0.0
