epochs,full_psnr,ssim,lpips,train_psnr,test_psnr
0,5.733274459838867,0.1661195605993271,,5.828023910522461,0.0
500,21.351940155029297,0.44632837176322937,,28.6373233795166,0.0
1000,21.29138946533203,0.44918060302734375,,28.729415893554688,0.0
1500,21.1197509765625,0.44258376955986023,,28.072296142578125,0.0
2000,20.98294448852539,0.435093492269516,,27.494304656982422,0.0
2500,20.866836547851562,0.431098073720932,,27.133785247802734,0.0
3000,21.22901153564453,0.46047917008399963,,28.793840408325195,0.0
3500,21.99814796447754,0.5075049996376038,,32.91246795654297,0.0
3999,22.030048370361328,0.5026736855506897,,42.58687973022461,0.0
