Epoch,stable_rank_layer_0,effective_rank_layer_0,spectral_norm_layer_0,condition_number_layer_0,stable_rank_layer_1,effective_rank_layer_1,spectral_norm_layer_1,condition_number_layer_1,stable_rank_layer_2,effective_rank_layer_2,spectral_norm_layer_2,condition_number_layer_2,stable_rank_layer_3,effective_rank_layer_3,spectral_norm_layer_3,condition_number_layer_3,stable_rank_layer_4,effective_rank_layer_4,spectral_norm_layer_4,condition_number_layer_4,end_to_end_bound
0,1.882995843887329,1.9961402416229248,7.336071491241455,1.064193606376648,77.88573455810547,182.55149841308594,1.1332283020019531,1162.3802490234375,76.50861358642578,182.20571899414062,1.1452503204345703,4371.39501953125,75.48621368408203,181.28163146972656,1.1517677307128906,584.3263549804688,1.8438235521316528,2.732632875442505,0.915947675704956,1.606065273284912,10.04423721370988
500,1.9036015272140503,1.9974360466003418,16.350614547729492,1.0519897937774658,71.38914489746094,176.08822631835938,1.6046258211135864,724.66015625,69.40322875976562,174.12457275390625,1.5974690914154053,2304.686279296875,62.04502487182617,172.9955596923828,1.5183218717575073,1580.1898193359375,1.105211853981018,1.4284194707870483,8.462623596191406,7.6593918800354,538.52912217018
1000,1.9205048084259033,1.9982870817184448,18.59671401977539,1.0422861576080322,73.66264343261719,169.19244384765625,2.1318845748901367,2917.961181640625,70.4282455444336,165.43386840820312,2.1212241649627686,1071.79296875,53.912899017333984,154.16976928710938,1.9673607349395752,404.55108642578125,1.0786232948303223,1.346551775932312,10.341875076293945,7.971695899963379,1711.0777840458898
1500,1.916825532913208,1.9981173276901245,19.411338806152344,1.0443755388259888,74.33969116210938,166.1964569091797,2.370417356491089,5005.5341796875,70.92184448242188,162.9551239013672,2.375042676925659,1427.626708984375,51.60691833496094,145.8578643798828,2.208294153213501,1353.13720703125,1.0689716339111328,1.3121707439422607,11.54422378540039,8.475234985351562,2785.950435660525
1999,1.9161971807479858,1.9980876445770264,19.559545516967773,1.0447334051132202,74.34046936035156,165.76022338867188,2.4111690521240234,3876.792236328125,70.83248138427734,162.58389282226562,2.4215922355651855,818.2101440429688,51.240440368652344,144.47256469726562,2.2547645568847656,1083.66162109375,1.0679415464401245,1.3080445528030396,11.80837345123291,8.606368064880371,3040.7359916832997
