epochs,full_psnr,ssim,lpips,train_psnr,test_psnr
0,10.599578857421875,0.3067880868911743,,10.882514953613281,0.0
500,16.15252113342285,0.36170053482055664,,17.262187957763672,0.0
1000,17.426286697387695,0.3720012903213501,,19.010395050048828,0.0
1500,17.993093490600586,0.37971174716949463,,19.854412078857422,0.0
1999,18.103496551513672,0.3817164897918701,,20.026390075683594,0.0
