epochs,full_psnr,ssim,lpips,train_psnr,test_psnr
0,9.349892616271973,0.2091880440711975,,9.38737964630127,0.0
500,19.846778869628906,0.3251718580722809,,21.35279083251953,0.0
1000,22.352249145507812,0.44260621070861816,,24.137603759765625,0.0
1500,23.575382232666016,0.49709776043891907,,25.631132125854492,0.0
2000,24.52790069580078,0.5288550853729248,,27.143373489379883,0.0
2500,24.868106842041016,0.5217812657356262,,28.54404067993164,0.0
3000,24.812149047851562,0.4859417974948883,,30.614383697509766,0.0
3500,23.978973388671875,0.392291784286499,,35.07075881958008,0.0
3999,23.769981384277344,0.3735952377319336,,38.59552764892578,0.0
