epochs,full_psnr,ssim,lpips,train_psnr,test_psnr
0,13.506340026855469,0.360432893037796,,13.93431568145752,0.0
500,20.53693962097168,0.4627290964126587,,23.324440002441406,0.0
1000,20.999103546142578,0.46531224250793457,,24.266082763671875,0.0
1500,20.574478149414062,0.4622466266155243,,23.408355712890625,0.0
2000,21.046043395996094,0.4664834439754486,,24.368677139282227,0.0
2500,21.382896423339844,0.4711272716522217,,25.132606506347656,0.0
2999,21.578601837158203,0.47483861446380615,,25.605567932128906,0.0
