epochs,full_psnr,ssim,lpips,train_psnr,test_psnr
0,11.63830852508545,0.3170224726200104,,11.913005828857422,0.0
500,20.086193084716797,0.45767641067504883,,22.515256881713867,0.0
1000,20.441883087158203,0.46301937103271484,,23.152809143066406,0.0
1500,20.65324592590332,0.46381568908691406,,23.562549591064453,0.0
2000,20.74835968017578,0.4664958417415619,,23.743633270263672,0.0
2500,20.88445472717285,0.4666365087032318,,24.025938034057617,0.0
3000,20.939788818359375,0.46739205718040466,,24.14031982421875,0.0
3500,20.964797973632812,0.46765899658203125,,24.192947387695312,0.0
3999,20.969526290893555,0.4677058756351471,,24.20290184020996,0.0
