epochs,full_psnr,ssim,lpips,train_psnr,test_psnr
0,6.118712902069092,0.5403410792350769,,6.1439056396484375,0.0
500,22.419906616210938,0.43953216075897217,,24.7191162109375,0.0
1000,23.983741760253906,0.5414044260978699,,26.57503318786621,0.0
1500,25.19218635559082,0.6487016081809998,,28.322402954101562,0.0
2000,25.9266300201416,0.7282412648200989,,29.63387680053711,0.0
2500,27.150623321533203,0.777061402797699,,34.51172637939453,0.0
2999,26.932655334472656,0.7021715044975281,,39.12533187866211,0.0
