epochs,full_psnr,ssim,lpips,train_psnr,test_psnr
0,6.549126625061035,0.2818171977996826,,6.65179967880249,0.0
500,17.533443450927734,0.3075192868709564,,19.719697952270508,0.0
1000,19.458086013793945,0.3986167013645172,,22.728221893310547,0.0
1500,20.158248901367188,0.4397951364517212,,24.009883880615234,0.0
2000,20.26024055480957,0.4497274160385132,,24.157255172729492,0.0
2500,21.34377670288086,0.5192252993583679,,28.03540802001953,0.0
2999,21.231489181518555,0.462911993265152,,34.680824279785156,0.0
