epochs,full_psnr,ssim,lpips,train_psnr,test_psnr
0,9.329324722290039,0.1825784593820572,,9.489152908325195,0.0
500,14.72904109954834,0.3740195035934448,,15.308115005493164,0.0
1000,14.729276657104492,0.3740239143371582,,15.307731628417969,0.0
1500,14.72917652130127,0.37374600768089294,,15.307854652404785,0.0
2000,14.729103088378906,0.3733780086040497,,15.307618141174316,0.0
2500,14.729775428771973,0.37500301003456116,,15.307855606079102,0.0
2999,14.731230735778809,0.37840643525123596,,15.309616088867188,0.0
