Epoch,stable_rank_layer_0,effective_rank_layer_0,spectral_norm_layer_0,condition_number_layer_0,stable_rank_layer_1,effective_rank_layer_1,spectral_norm_layer_1,condition_number_layer_1,stable_rank_layer_2,effective_rank_layer_2,spectral_norm_layer_2,condition_number_layer_2,stable_rank_layer_3,effective_rank_layer_3,spectral_norm_layer_3,condition_number_layer_3,stable_rank_layer_4,effective_rank_layer_4,spectral_norm_layer_4,condition_number_layer_4,end_to_end_bound
0,1.8618746995925903,1.9944988489151,5.199634075164795,1.077154278755188,76.77618408203125,182.30322265625,0.07007717341184616,351.6751708984375,77.74259185791016,182.59178161621094,0.06962092965841293,670.583251953125,77.72972106933594,181.54806518554688,0.06914322823286057,2853.60302734375,1.0032005310058594,1.0240147113800049,0.9032909274101257,25.52186393737793,4056.07933951452
500,1.8872709274291992,1.996433138847351,6.325276851654053,1.0616267919540405,54.83958435058594,158.2672882080078,0.3904407322406769,1311.5655517578125,24.284875869750977,158.48773193359375,0.6755640506744385,2839.274658203125,50.879398345947266,162.5727996826172,1.0811822414398193,59218.53515625,1.2932863235473633,1.9113202095031738,0.36733192205429077,4.163141250610352,1696284.637500099
1000,1.8870623111724854,1.9964193105697632,6.3254170417785645,1.0617514848709106,58.42185974121094,158.9783477783203,0.3841836750507355,3658.309326171875,28.433576583862305,157.6275634765625,0.5884174704551697,8375.10546875,57.999855041503906,169.15396118164062,1.1639328002929688,13327.38671875,1.2919286489486694,1.9351073503494263,0.37172096967697144,3.739222526550293,1583793.525935402
1500,1.8868002891540527,1.9964016675949097,6.326140403747559,1.061908483505249,56.456939697265625,157.18052673339844,0.4018346071243286,2881.135498046875,31.932876586914062,155.35687255859375,0.5386415123939514,2496.9892578125,63.384700775146484,172.0745391845703,1.2665138244628906,25965.939453125,1.264088749885559,1.8903169631958008,0.3784278929233551,3.6658098697662354,1680037.6854372285
1999,1.8866342306137085,1.9963902235031128,6.326507091522217,1.0620079040527344,54.90615463256836,155.64308166503906,0.4167439341545105,13272.6826171875,32.689266204833984,154.5260009765625,0.5347484946250916,7197.1591796875,65.04349517822266,172.68116760253906,1.2834731340408325,218981.75,1.2717105150222778,1.9039440155029297,0.3919709026813507,3.674427032470703,1815780.859609786
