Epoch,stable_rank_layer_0,effective_rank_layer_0,spectral_norm_layer_0,condition_number_layer_0,stable_rank_layer_1,effective_rank_layer_1,spectral_norm_layer_1,condition_number_layer_1,stable_rank_layer_2,effective_rank_layer_2,spectral_norm_layer_2,condition_number_layer_2,stable_rank_layer_3,effective_rank_layer_3,spectral_norm_layer_3,condition_number_layer_3,stable_rank_layer_4,effective_rank_layer_4,spectral_norm_layer_4,condition_number_layer_4,end_to_end_bound
0,1.8750540018081665,1.9955613613128662,5.171485424041748,1.069011926651001,76.61055755615234,182.283935546875,0.07020365446805954,278.72216796875,77.69219970703125,182.5542755126953,0.06968763470649719,720.7109985351562,77.67008209228516,181.6577911376953,0.0691828653216362,933.1089477539062,1.0032005310058594,1.024014949798584,0.9032906889915466,25.521671295166016,4047.59259941786
500,1.9380663633346558,1.998978853225708,6.169336795806885,1.0324838161468506,94.37767791748047,199.02432250976562,0.3515869975090027,1181.83984375,52.669281005859375,173.60690307617188,0.6657647490501404,1730.19873046875,87.27068328857422,200.12078857421875,0.8246692419052124,22198.77734375,1.0415267944335938,1.1829228401184082,0.4438987672328949,125.80587005615234,1353305.3002415034
1000,1.9381089210510254,1.9989804029464722,6.171767711639404,1.032460331916809,91.50066375732422,194.80572509765625,0.3427636921405792,1205.80224609375,52.00624465942383,160.1962127685547,0.6359014511108398,1091.7025146484375,86.85608673095703,199.93202209472656,0.829349935054779,5895.51318359375,1.1418484449386597,1.4647759199142456,0.4494781792163849,27.830774307250977,1283750.404842011
1500,1.9382299184799194,1.9989843368530273,6.173309803009033,1.0323936939239502,89.07486724853516,192.62899780273438,0.34272632002830505,353.8592529296875,48.98279571533203,152.1842803955078,0.6316310167312622,2242.917236328125,87.10406494140625,199.8793182373047,0.829460084438324,13581.05078125,1.2395199537277222,1.7910211086273193,0.4598287343978882,4.77908992767334,1304849.8553960852
1999,1.9381657838821411,1.9989821910858154,6.173933506011963,1.0324290990829468,88.12919616699219,192.31137084960938,0.34414276480674744,8592.201171875,48.907447814941406,152.2063446044922,0.6345493197441101,949.0455932617188,87.19593048095703,199.8771209716797,0.8288141489028931,13116.44140625,1.4439723491668701,2.280038356781006,0.4848213195800781,2.3680405616760254,1386898.9045077586
