epochs,full_psnr,ssim,lpips,train_psnr,test_psnr
0,6.383853912353516,0.412371963262558,,6.405793190002441,0.0
500,18.47881507873535,0.25989195704460144,,19.510679244995117,0.0
1000,21.28754425048828,0.3675515949726105,,22.624452590942383,0.0
1500,22.744949340820312,0.4358300268650055,,24.65581703186035,0.0
2000,23.14407730102539,0.4459814131259918,,25.750577926635742,0.0
2500,23.3594970703125,0.42887333035469055,,27.34984588623047,0.0
3000,22.91872787475586,0.3639865815639496,,29.483474731445312,0.0
3500,21.929471969604492,0.2873837649822235,,31.47907257080078,0.0
3999,21.795499801635742,0.2753002345561981,,35.1363525390625,0.0
