Epoch,stable_rank_layer_0,effective_rank_layer_0,spectral_norm_layer_0,condition_number_layer_0,stable_rank_layer_1,effective_rank_layer_1,spectral_norm_layer_1,condition_number_layer_1,stable_rank_layer_2,effective_rank_layer_2,spectral_norm_layer_2,condition_number_layer_2,stable_rank_layer_3,effective_rank_layer_3,spectral_norm_layer_3,condition_number_layer_3,stable_rank_layer_4,effective_rank_layer_4,spectral_norm_layer_4,condition_number_layer_4,end_to_end_bound
0,1.8780766725540161,1.9957871437072754,7.332607269287109,1.0671703815460205,77.86356353759766,182.55140686035156,1.1333861351013184,1097.2750244140625,76.51480102539062,182.21005249023438,1.1452070474624634,5972.35546875,75.4737548828125,181.2844696044922,1.1518553495407104,596.1660766601562,1.8425712585449219,2.7318153381347656,0.9160671830177307,1.6068366765975952,10.042586971117563
500,1.6670501232147217,1.960241436958313,15.214527130126953,1.2243927717208862,62.85325622558594,168.62149047851562,1.5913758277893066,1755.75146484375,61.301063537597656,168.10423278808594,1.602404236793518,2558.69384765625,58.30574035644531,168.6986083984375,1.550205945968628,1158.9478759765625,1.0599383115768433,1.2832789421081543,6.2697601318359375,8.10231876373291,377.08879248264225
1000,1.628892183303833,1.9483152627944946,16.90163230895996,1.260990858078003,60.77199172973633,153.22377014160156,2.3598060607910156,40137.1875,54.71975326538086,149.51348876953125,2.4274861812591553,2603.697998046875,39.740962982177734,138.90884399414062,2.3401896953582764,9312.126953125,1.0550416707992554,1.2633072137832642,6.851285457611084,8.662339210510254,1552.3328693187398
1500,1.6173256635665894,1.9442726373672485,17.860139846801758,1.2727493047714233,60.597076416015625,146.1432342529297,3.061221122741699,1194.8763427734375,54.82673645019531,140.8980712890625,3.0939862728118896,5693.60693359375,34.085235595703125,121.04421997070312,2.984982490539551,2035.1976318359375,1.0494582653045654,1.2404861450195312,7.327138900756836,9.333078384399414,3699.7651013273785
1999,1.6103277206420898,1.9417247772216797,18.261680603027344,1.2800250053405762,60.08407211303711,143.74267578125,3.4311063289642334,3012.457275390625,54.685791015625,137.9414520263672,3.4467036724090576,4723.9052734375,32.688270568847656,113.56779479980469,3.3425517082214355,9471.0419921875,1.0455913543701172,1.2245599031448364,7.739417552947998,9.831940650939941,5586.827716219045
