epochs,full_psnr,ssim,lpips,train_psnr,test_psnr
0,11.209545135498047,0.02853236347436905,,11.32156753540039,0.0
500,23.640647888183594,0.5175721049308777,,25.79180145263672,0.0
1000,24.332420349121094,0.56651371717453,,27.57129669189453,0.0
1500,25.712242126464844,0.6305917501449585,,30.54269790649414,0.0
2000,25.616374969482422,0.6259212493896484,,33.829654693603516,0.0
2500,25.466577529907227,0.6052921414375305,,35.67759704589844,0.0
2999,25.368654251098633,0.5975019335746765,,35.892581939697266,0.0
