Epoch,stable_rank_layer_0,effective_rank_layer_0,spectral_norm_layer_0,condition_number_layer_0,stable_rank_layer_1,effective_rank_layer_1,spectral_norm_layer_1,condition_number_layer_1,stable_rank_layer_2,effective_rank_layer_2,spectral_norm_layer_2,condition_number_layer_2,stable_rank_layer_3,effective_rank_layer_3,spectral_norm_layer_3,condition_number_layer_3,stable_rank_layer_4,effective_rank_layer_4,spectral_norm_layer_4,condition_number_layer_4,end_to_end_bound
0,1.9067625999450684,1.9976093769073486,7.304179668426514,1.050154447555542,77.89068603515625,182.55149841308594,1.1331971883773804,999.307861328125,76.51313781738281,182.20997619628906,1.1451828479766846,5705.2412109375,75.46617889404297,181.2848358154297,1.152369737625122,654.876953125,1.719454288482666,2.616194725036621,0.7717801332473755,1.8593641519546509,1348829.9259206052
500,1.9084506034851074,1.9976993799209595,7.971099853515625,1.0491783618927002,77.99195098876953,181.62106323242188,1.1300619840621948,448.65545654296875,75.81861114501953,180.62060546875,1.1005516052246094,798.71240234375,55.89089584350586,161.72116088867188,1.1274418830871582,827.5459594726562,1.5731743574142456,2.4138433933258057,0.7022988796234131,2.37522554397583,1255934.6689423535
1000,1.9114466905593872,1.997854232788086,8.012465476989746,1.047452688217163,76.4600830078125,181.37709045410156,1.1449120044708252,920.2422485351562,74.69093322753906,180.04629516601562,1.1060619354248047,1719.2275390625,54.018611907958984,158.33409118652344,1.2061963081359863,721.9785766601562,1.4489885568618774,2.234360694885254,0.8515082597732544,2.7992007732391357,1667418.3224116706
1500,1.9110870361328125,1.9978358745574951,8.012465476989746,1.0476593971252441,76.0971450805664,181.39515686035156,1.1499502658843994,657.3445434570312,74.91987609863281,179.79087829589844,1.1082009077072144,620.5669555664062,55.24271774291992,155.4686279296875,1.2685507535934448,10925.90625,1.425620675086975,2.190436601638794,0.9240341186523438,2.9437057971954346,1915047.5788196118
1999,1.9110063314437866,1.9978317022323608,8.012109756469727,1.0477057695388794,76.08264923095703,181.40882873535156,1.1513173580169678,808.7014770507812,75.07621765136719,179.67559814453125,1.109370231628418,453.2925109863281,55.18967056274414,154.58680725097656,1.2939836978912354,25612.748046875,1.417832851409912,2.1760318279266357,0.9420775771141052,2.9901976585388184,1995969.520454828
