epochs,full_psnr,ssim,lpips,train_psnr,test_psnr
0,9.484604835510254,0.024740001186728477,,9.531314849853516,0.0
500,26.932628631591797,0.7847723960876465,,30.772573471069336,0.0
1000,28.212017059326172,0.8082621097564697,,37.33009719848633,0.0
1500,28.906705856323242,0.8006791472434998,,42.84465026855469,0.0
1999,28.834877014160156,0.7911646366119385,,43.67916488647461,0.0
