epochs,full_psnr,ssim,lpips,train_psnr,test_psnr
0,4.164334297180176,0.30080604553222656,,4.240696907043457,0.0
500,18.6048526763916,0.3696383535861969,,21.625972747802734,0.0
1000,19.517210006713867,0.4236730635166168,,23.875200271606445,0.0
1500,20.094518661499023,0.43881893157958984,,26.82253646850586,0.0
2000,20.275074005126953,0.41781917214393616,,31.045276641845703,0.0
2500,19.99041175842285,0.37512242794036865,,34.73991012573242,0.0
2999,19.905494689941406,0.3611527383327484,,39.42634963989258,0.0
