epochs,full_psnr,ssim,lpips,train_psnr,test_psnr
0,4.551077842712402,0.16273291409015656,,4.577016353607178,0.0
500,24.882566452026367,0.5776434540748596,,28.998817443847656,0.0
1000,25.345340728759766,0.6138330698013306,,30.59145164489746,0.0
1500,25.94087791442871,0.6416897773742676,,33.274234771728516,0.0
2000,26.145679473876953,0.6444354057312012,,37.12095642089844,0.0
2500,25.987796783447266,0.6242811679840088,,41.52295684814453,0.0
2999,25.88003921508789,0.6138267517089844,,42.61449432373047,0.0
