epochs,full_psnr,ssim,lpips,train_psnr,test_psnr
0,13.667302131652832,0.4598264694213867,,13.969968795776367,0.0
500,17.71162223815918,0.505957305431366,,18.526824951171875,0.0
1000,19.66683578491211,0.5333216786384583,,21.036184310913086,0.0
1500,20.937541961669922,0.5544964671134949,,22.896026611328125,0.0
2000,21.627395629882812,0.5673522353172302,,24.01472282409668,0.0
2500,22.109561920166016,0.5769460797309875,,24.909608840942383,0.0
3000,22.353647232055664,0.5818618535995483,,25.398923873901367,0.0
3500,22.457672119140625,0.5841956734657288,,25.615055084228516,0.0
3999,22.474830627441406,0.5846202969551086,,25.652074813842773,0.0
