Epoch,stable_rank_layer_0,effective_rank_layer_0,spectral_norm_layer_0,condition_number_layer_0,stable_rank_layer_1,effective_rank_layer_1,spectral_norm_layer_1,condition_number_layer_1,stable_rank_layer_2,effective_rank_layer_2,spectral_norm_layer_2,condition_number_layer_2,stable_rank_layer_3,effective_rank_layer_3,spectral_norm_layer_3,condition_number_layer_3,stable_rank_layer_4,effective_rank_layer_4,spectral_norm_layer_4,condition_number_layer_4,end_to_end_bound
0,1.882995843887329,1.9961402416229248,7.336071491241455,1.064193606376648,77.88463592529297,182.55279541015625,1.1332296133041382,1119.486328125,76.5114974975586,182.20901489257812,1.1452317237854004,4478.97119140625,75.48503112792969,181.2815399169922,1.1517757177352905,588.086669921875,1.8438235521316528,2.732632875442505,0.915947675704956,1.606065273284912,10.044155388607836
500,1.9519214630126953,1.999393343925476,15.65195083618164,1.0249422788619995,63.585853576660156,168.9633026123047,1.588835597038269,640.8566284179688,63.21216583251953,168.02552795410156,1.5883678197860718,2849.453125,58.44985580444336,170.60897827148438,1.5365004539489746,1435.3582763671875,1.079761266708374,1.352346420288086,8.488053321838379,7.662949085235596,515.1566474569349
1000,1.9395270347595215,1.999027967453003,18.57938575744629,1.0316808223724365,66.69602966308594,158.72377014160156,2.3056347370147705,3111.95947265625,65.25037384033203,156.35153198242188,2.2969703674316406,5002.19189453125,46.43398666381836,142.0120849609375,2.2206156253814697,1148.2569580078125,1.0600852966308594,1.2856980562210083,10.699775695800781,7.719624042510986,2337.8966894867376
1500,1.9663978815078735,1.9997079372406006,21.84998893737793,1.0172367095947266,62.45676040649414,155.58505249023438,2.7600061893463135,2676.909423828125,63.46440124511719,155.2185516357422,2.687742233276367,2529.239990234375,46.46751022338867,139.8067169189453,2.5218207836151123,5571.45703125,1.1004915237426758,1.4305909872055054,12.39244270324707,6.163046836853027,5065.4733195690005
1999,1.9674533605575562,1.9997262954711914,21.92473793029785,1.0166816711425781,61.980220794677734,154.25360107421875,3.0231714248657227,1640.027099609375,62.546661376953125,153.75277709960938,2.9285941123962402,5953.51171875,42.71598815917969,135.53311157226562,2.7924885749816895,8785.576171875,1.0873587131500244,1.3851287364959717,13.645162582397461,6.6119232177734375,7396.503879783459
