epochs,full_psnr,ssim,lpips,train_psnr,test_psnr
0,10.599458694458008,0.30678603053092957,,10.8823881149292,0.0
500,16.169723510742188,0.36164391040802,,17.29958724975586,0.0
1000,17.425199508666992,0.37225988507270813,,18.998830795288086,0.0
1500,16.449790954589844,0.3630572259426117,,17.65434455871582,0.0
1999,17.25794792175293,0.36864200234413147,,18.764972686767578,0.0
