Epoch,stable_rank_layer_0,effective_rank_layer_0,spectral_norm_layer_0,condition_number_layer_0,stable_rank_layer_1,effective_rank_layer_1,spectral_norm_layer_1,condition_number_layer_1,stable_rank_layer_2,effective_rank_layer_2,spectral_norm_layer_2,condition_number_layer_2,stable_rank_layer_3,effective_rank_layer_3,spectral_norm_layer_3,condition_number_layer_3,stable_rank_layer_4,effective_rank_layer_4,spectral_norm_layer_4,condition_number_layer_4,end_to_end_bound
0,1.8579224348068237,1.994154930114746,5.217366695404053,1.0796326398849487,76.6429443359375,182.31234741210938,0.07019544392824173,326.8116760253906,77.70769500732422,182.56906127929688,0.06967455893754959,582.629638671875,77.63542938232422,181.64825439453125,0.06921526044607162,929.4341430664062,1.0032005310058594,1.0240147113800049,0.9032908082008362,25.52188491821289,4084.171104183547
500,1.8149044513702393,1.9896076917648315,6.923307418823242,1.1077624559402466,91.22367095947266,198.4673614501953,0.6223158240318298,1260.8389892578125,97.1943359375,210.47024536132812,0.7418989539146423,231.42030334472656,102.60282135009766,219.20889282226562,0.9567291736602783,4198.92626953125,1.0000654458999634,1.0007120370864868,0.37250781059265137,480.4474792480469,2916309.3142079515
1000,1.8247960805892944,1.990788459777832,7.492525577545166,1.1010998487472534,84.28109741210938,189.70669555664062,0.7401722073554993,547.9984741210938,89.29120635986328,199.29335021972656,0.8648819327354431,489.00042724609375,96.7231674194336,209.34181213378906,1.0585585832595825,2905.5498046875,1.0000556707382202,1.0006134510040283,0.37628525495529175,547.6986694335938,4890912.537656537
1500,1.8540266752243042,1.9938043355941772,7.6157097816467285,1.0820921659469604,82.76322937011719,188.4787139892578,0.7594970464706421,2475.839599609375,88.04170227050781,197.40396118164062,0.8904391527175903,681.8819580078125,95.27472686767578,207.3368682861328,1.0822914838790894,8718.6083984375,1.0000505447387695,1.0005617141723633,0.37513673305511475,580.4073486328125,5353212.965484066
1999,1.850380301475525,1.9934653043746948,7.616690158843994,1.0844097137451172,82.58767700195312,188.3871612548828,0.759843111038208,7779.98828125,88.13793182373047,197.3623504638672,0.8908835649490356,390.6346740722656,95.00763702392578,207.2424774169922,1.084513783454895,2460.744140625,1.0000371932983398,1.0004252195358276,0.42345622181892395,669.9003295898438,6061704.011908981
