epochs,full_psnr,ssim,lpips,train_psnr,test_psnr
0,6.757224082946777,0.015937194228172302,,6.807490348815918,0.0
500,21.57176971435547,0.5218139290809631,,24.586217880249023,0.0
1000,23.456899642944336,0.5940633416175842,,26.426713943481445,0.0
1500,24.428417205810547,0.6320855021476746,,29.978952407836914,0.0
1999,24.621177673339844,0.6086083054542542,,37.842105865478516,0.0
