epochs,full_psnr,ssim,lpips,train_psnr,test_psnr
0,13.50623893737793,0.3604316711425781,,13.934206008911133,0.0
500,20.49077606201172,0.45829641819000244,,23.25586700439453,0.0
1000,21.11663055419922,0.46891310811042786,,24.50575065612793,0.0
1500,21.490964889526367,0.4745889902114868,,25.367862701416016,0.0
2000,21.717632293701172,0.4782174825668335,,25.96251678466797,0.0
2500,21.82723617553711,0.4802529811859131,,26.267169952392578,0.0
2999,21.845985412597656,0.4806027412414551,,26.32028579711914,0.0
