epochs,full_psnr,ssim,lpips,train_psnr,test_psnr
0,4.389288425445557,0.16090969741344452,,4.4144287109375,0.0
500,19.578393936157227,0.35248270630836487,,20.895648956298828,0.0
1000,21.99176597595215,0.446586936712265,,23.90582275390625,0.0
1500,22.747526168823242,0.48641490936279297,,24.94145393371582,0.0
2000,23.216917037963867,0.5066826939582825,,25.63294219970703,0.0
2500,23.403825759887695,0.5139895081520081,,25.95892333984375,0.0
3000,24.274442672729492,0.5590739250183105,,27.6085262298584,0.0
3500,25.006799697875977,0.6048443913459778,,30.005962371826172,0.0
3999,24.858821868896484,0.5727953314781189,,34.62702941894531,0.0
