epochs,full_psnr,ssim,lpips,train_psnr,test_psnr
0,8.3284912109375,0.08989457041025162,,8.506970405578613,0.0
500,12.533210754394531,0.21342827379703522,,13.01562786102295,0.0
1000,12.533541679382324,0.2138347178697586,,13.014998435974121,0.0
1500,12.535324096679688,0.21670198440551758,,13.017932891845703,0.0
2000,12.536359786987305,0.21825967729091644,,13.01949405670166,0.0
2500,12.537522315979004,0.22020645439624786,,13.02025318145752,0.0
2999,12.537742614746094,0.22063946723937988,,13.036818504333496,0.0
