epochs,full_psnr,ssim,lpips,train_psnr,test_psnr
0,9.200697898864746,0.021255267783999443,,9.410354614257812,0.0
500,20.188997268676758,0.3870048224925995,,24.927024841308594,0.0
1000,21.384246826171875,0.4495159089565277,,26.92780303955078,0.0
1500,21.423242568969727,0.45620572566986084,,27.87156867980957,0.0
2000,21.620683670043945,0.4718072712421417,,30.379859924316406,0.0
2500,21.776260375976562,0.4808714687824249,,33.63906478881836,0.0
3000,21.696369171142578,0.4728507995605469,,36.36067199707031,0.0
3500,21.58399200439453,0.46078383922576904,,37.390480041503906,0.0
3999,21.558631896972656,0.4581115245819092,,37.53133773803711,0.0
