Epoch,stable_rank_layer_0,effective_rank_layer_0,spectral_norm_layer_0,condition_number_layer_0,stable_rank_layer_1,effective_rank_layer_1,spectral_norm_layer_1,condition_number_layer_1,stable_rank_layer_2,effective_rank_layer_2,spectral_norm_layer_2,condition_number_layer_2,stable_rank_layer_3,effective_rank_layer_3,spectral_norm_layer_3,condition_number_layer_3,stable_rank_layer_4,effective_rank_layer_4,spectral_norm_layer_4,condition_number_layer_4,end_to_end_bound
0,1.8407071828842163,1.9925158023834229,5.222754955291748,1.0906304121017456,76.4504165649414,182.03524780273438,0.07021154463291168,10466.390625,77.36151885986328,182.4055633544922,0.06983066350221634,533.5677490234375,77.66163635253906,181.47952270507812,0.069124236702919,11389.2451171875,1.0091121196746826,1.0572915077209473,0.9006527066230774,24.89533042907715,inf
500,1.8104056119918823,1.9890425205230713,7.285130977630615,1.1108330488204956,88.9080810546875,194.19276428222656,0.5845130085945129,966.7152099609375,74.81029510498047,197.84146118164062,0.7536748051643372,2138.58154296875,78.08526611328125,197.8762969970703,1.0380525588989258,22469.478515625,1.0000938177108765,1.0009950399398804,0.34222400188446045,328.0284423828125,inf
1000,1.7873080968856812,1.9858553409576416,10.519702911376953,1.1270097494125366,80.77702331542969,186.8693389892578,0.7772474884986877,956.8181762695312,79.38028717041016,188.8643035888672,0.8737112879753113,783.3216552734375,83.46234893798828,191.64593505859375,1.1298162937164307,34956.828125,1.0000768899917603,1.000837802886963,0.3619746267795563,296.9408874511719,inf
1500,1.745286226272583,1.9787379503250122,20.564929962158203,1.15834641456604,78.96969604492188,184.62576293945312,0.9156066179275513,448.4392395019531,79.44624328613281,185.74925231933594,0.9903743863105774,890.4662475585938,80.35983276367188,188.38778686523438,1.2556771039962769,98359.609375,1.0000728368759155,1.0007994174957275,0.3742730915546417,291.4066467285156,inf
1999,1.746001958847046,1.9788744449615479,21.48128890991211,1.1577905416488647,78.87059020996094,184.13922119140625,0.9467580318450928,758.3870239257812,79.10377502441406,185.3460693359375,1.0214052200317383,1129.70068359375,80.43453216552734,187.53489685058594,1.282533049583435,12801.3759765625,1.0000313520431519,1.0003650188446045,0.3763514757156372,670.9833374023438,inf
