epochs,full_psnr,ssim,lpips,train_psnr,test_psnr
0,13.525373458862305,0.3606538474559784,,13.955341339111328,0.0
500,20.34239959716797,0.46297764778137207,,22.96236228942871,0.0
1000,21.030399322509766,0.4683067798614502,,24.323501586914062,0.0
1500,21.291139602661133,0.47097110748291016,,24.90888786315918,0.0
1999,21.34547233581543,0.47154977917671204,,25.037338256835938,0.0
