Epoch,stable_rank_layer_0,effective_rank_layer_0,spectral_norm_layer_0,condition_number_layer_0,stable_rank_layer_1,effective_rank_layer_1,spectral_norm_layer_1,condition_number_layer_1,stable_rank_layer_2,effective_rank_layer_2,spectral_norm_layer_2,condition_number_layer_2,stable_rank_layer_3,effective_rank_layer_3,spectral_norm_layer_3,condition_number_layer_3,stable_rank_layer_4,effective_rank_layer_4,spectral_norm_layer_4,condition_number_layer_4,end_to_end_bound
0,1.8759571313858032,1.9956294298171997,7.388733386993408,1.0684608221054077,77.89359283447266,182.5537567138672,1.1332058906555176,915.246826171875,76.53672790527344,182.2091064453125,1.1450071334838867,30802.712890625,75.46354675292969,181.29226684570312,1.1525061130523682,659.6259765625,1.8564822673797607,2.735804796218872,0.6378897428512573,1.6319704055786133,1127705.8952539966
500,1.8347059488296509,1.9918886423110962,8.224462509155273,1.0945440530776978,78.35122680664062,182.1616668701172,1.1453461647033691,589.658203125,77.67227935791016,180.38494873046875,1.1088733673095703,645.5972290039062,66.97600555419922,171.95355224609375,1.1797212362289429,415.11993408203125,1.2794235944747925,1.9547996520996094,0.6786324977874756,3.054206132888794,1338012.826712614
1000,1.8320965766906738,1.9916069507598877,8.331984519958496,1.0962588787078857,77.9156723022461,181.62782287597656,1.1539117097854614,581.8493041992188,76.044189453125,180.12278747558594,1.128512978553772,339.6533203125,64.77611541748047,170.36483764648438,1.3292901515960693,440.4253845214844,1.2023595571517944,1.7496625185012817,0.9405035972595215,3.893960952758789,2170340.2458434026
1500,1.8313523530960083,1.9915255308151245,8.338641166687012,1.0967495441436768,78.12602996826172,181.6405487060547,1.1585627794265747,21115.51171875,75.28712463378906,180.0045623779297,1.1518853902816772,296.91851806640625,63.735382080078125,169.17001342773438,1.4868191480636597,6336.68310546875,1.1895052194595337,1.6911704540252686,1.197067141532898,4.737374782562256,3168989.247516953
1999,1.8313312530517578,1.991523027420044,8.338444709777832,1.096763253211975,78.10189819335938,181.6695556640625,1.1616195440292358,2591.398193359375,74.89725494384766,179.95864868164062,1.1633012294769287,358.9276123046875,63.6641960144043,168.84378051757812,1.5283222198486328,3173.1396484375,1.1873767375946045,1.679198145866394,1.266064167022705,4.973115921020508,3488444.1796723055
