epochs,full_psnr,ssim,lpips,train_psnr,test_psnr
0,11.209545135498047,0.02853236347436905,,11.32156753540039,0.0
500,22.789152145385742,0.4867750108242035,,25.511035919189453,0.0
1000,24.735200881958008,0.5883564949035645,,30.04001808166504,0.0
1500,25.5618896484375,0.6130725741386414,,34.39521026611328,0.0
1999,25.349119186401367,0.5953655242919922,,35.0094108581543,0.0
