Epoch,stable_rank_layer_0,effective_rank_layer_0,spectral_norm_layer_0,condition_number_layer_0,stable_rank_layer_1,effective_rank_layer_1,spectral_norm_layer_1,condition_number_layer_1,stable_rank_layer_2,effective_rank_layer_2,spectral_norm_layer_2,condition_number_layer_2,stable_rank_layer_3,effective_rank_layer_3,spectral_norm_layer_3,condition_number_layer_3,stable_rank_layer_4,effective_rank_layer_4,spectral_norm_layer_4,condition_number_layer_4,end_to_end_bound
0,1.8628885746002197,1.9945852756500244,5.186348915100098,1.076521396636963,76.35139465332031,182.13345336914062,0.07026922702789307,1964.65673828125,77.41253662109375,182.4052276611328,0.06981875002384186,407.88885498046875,77.70700073242188,181.2186279296875,0.06916046142578125,761.6853637695312,1.0057600736618042,1.039466142654419,0.9020448923110962,24.62012481689453,inf
500,1.9123455286026,1.9978994131088257,7.355960845947266,1.0469363927841187,81.6448745727539,187.36131286621094,0.5908326506614685,430.1331481933594,69.12958526611328,194.5359649658203,0.8063986301422119,205.4761962890625,75.85256958007812,192.37161254882812,0.9339105486869812,9032.185546875,1.0001153945922852,1.0012062788009644,0.28642767667770386,264.60980224609375,inf
1000,1.8335150480270386,1.9917608499526978,9.665093421936035,1.0953257083892822,79.51615142822266,184.44854736328125,0.699711263179779,968.1749267578125,70.3364486694336,189.65269470214844,0.8899513483047485,746.612548828125,77.38467407226562,189.36207580566406,1.000118613243103,19347.96875,1.000109076499939,1.0011398792266846,0.2811291515827179,307.18341064453125,inf
1500,1.851830005645752,1.9936014413833618,10.2381591796875,1.083486557006836,79.07195281982422,184.02151489257812,0.7253121137619019,2713.902587890625,71.04850006103516,189.09165954589844,0.9065636992454529,2151.368408203125,78.94539642333984,188.5130615234375,1.009043574333191,5619.70361328125,1.000069499015808,1.000758409500122,0.276995986700058,382.3656005859375,inf
1999,1.8571813106536865,1.9940892457962036,10.235675811767578,1.0800992250442505,78.98265075683594,184.0713653564453,0.7266408801078796,570.1790771484375,71.05487823486328,189.04676818847656,0.907335638999939,488.3576965332031,78.86474609375,188.4744873046875,1.0105020999908447,10589.703125,1.0000475645065308,1.000536322593689,0.27519720792770386,490.3486022949219,inf
