epochs,full_psnr,ssim,lpips,train_psnr,test_psnr
0,8.37647533416748,0.09269747883081436,,8.556763648986816,0.0
500,12.534628868103027,0.21527625620365143,,13.016758918762207,0.0
1000,12.53563404083252,0.21700698137283325,,13.018129348754883,0.0
1500,12.537229537963867,0.21972878277301788,,13.019712448120117,0.0
1999,12.537792205810547,0.2206227332353592,,13.03398609161377,0.0
