Epoch,stable_rank_layer_0,effective_rank_layer_0,spectral_norm_layer_0,condition_number_layer_0,stable_rank_layer_1,effective_rank_layer_1,spectral_norm_layer_1,condition_number_layer_1,stable_rank_layer_2,effective_rank_layer_2,spectral_norm_layer_2,condition_number_layer_2,stable_rank_layer_3,effective_rank_layer_3,spectral_norm_layer_3,condition_number_layer_3,stable_rank_layer_4,effective_rank_layer_4,spectral_norm_layer_4,condition_number_layer_4,end_to_end_bound
0,1.8766460418701172,1.9956809282302856,7.329784393310547,1.0680408477783203,77.88731384277344,182.5567169189453,1.1332167387008667,926.5503540039062,76.51736450195312,182.20501708984375,1.1451672315597534,709407.625,75.47774505615234,181.28524780273438,1.15225088596344,711.3621826171875,1.7404346466064453,2.656052589416504,0.8530828356742859,1.6533056497573853,1495999.093924573
500,1.8583372831344604,1.9941917657852173,8.209754943847656,1.079371690750122,77.57713317871094,182.24342346191406,1.1496809720993042,8040.03466796875,74.95718383789062,181.05322265625,1.149659276008606,536.9865112304688,53.68471145629883,167.35107421875,1.2135627269744873,1475.9132080078125,1.397311806678772,1.862344741821289,0.6538154482841492,12.062634468078613,1377571.264166333
1000,1.8494685888290405,1.9933792352676392,8.44294548034668,1.084991455078125,77.0717544555664,181.41470336914062,1.160563349723816,473.9327697753906,74.01544952392578,180.12802124023438,1.1508245468139648,2175.89794921875,53.61920928955078,162.39523315429688,1.2706564664840698,3477.261962890625,1.3988559246063232,2.07273530960083,0.7724779844284058,3.8117778301239014,1770949.5837029892
1500,1.8409805297851562,1.9925435781478882,8.636857032775879,1.0904531478881836,76.51061248779297,180.64454650878906,1.1786350011825562,1257.3985595703125,73.89566802978516,179.7622528076172,1.1610723733901978,946.1952514648438,53.41754913330078,159.8812713623047,1.3396592140197754,5180.5732421875,1.4068440198898315,2.196483612060547,1.0019062757492065,2.687629222869873,2538258.044461495
1999,1.8405874967575073,1.9925034046173096,8.645833969116211,1.0907081365585327,76.25405883789062,180.5395050048828,1.1867107152938843,1629.031005859375,73.58338165283203,179.6912078857422,1.1834516525268555,244.6480712890625,50.67972946166992,160.62905883789062,1.511204719543457,1214.4517822265625,1.2415356636047363,1.856886625289917,1.4078255891799927,3.4313530921936035,4133276.075333462
