epochs,full_psnr,ssim,lpips,train_psnr,test_psnr
0,5.9833664894104,0.015673084184527397,,6.102355003356934,0.0
500,19.95159339904785,0.5434980988502502,,23.260536193847656,0.0
1000,19.262359619140625,0.5301278233528137,,23.746131896972656,0.0
1500,20.071659088134766,0.5723076462745667,,26.68029022216797,0.0
1999,21.471481323242188,0.5869116187095642,,37.79399490356445,0.0
