epochs,full_psnr,ssim,lpips,train_psnr,test_psnr
0,8.276649475097656,0.08442395180463791,,8.452445030212402,0.0
500,18.719022750854492,0.29968512058258057,,22.041152954101562,0.0
1000,19.601844787597656,0.32317405939102173,,23.857316970825195,0.0
1500,20.23372459411621,0.3510500192642212,,26.058788299560547,0.0
2000,20.361019134521484,0.34638214111328125,,28.1710205078125,0.0
2500,20.11617660522461,0.31196996569633484,,34.26302719116211,0.0
2999,19.880937576293945,0.2908022701740265,,39.18037414550781,0.0
