Epoch,stable_rank_layer_0,effective_rank_layer_0,spectral_norm_layer_0,condition_number_layer_0,stable_rank_layer_1,effective_rank_layer_1,spectral_norm_layer_1,condition_number_layer_1,stable_rank_layer_2,effective_rank_layer_2,spectral_norm_layer_2,condition_number_layer_2,stable_rank_layer_3,effective_rank_layer_3,spectral_norm_layer_3,condition_number_layer_3,stable_rank_layer_4,effective_rank_layer_4,spectral_norm_layer_4,condition_number_layer_4,end_to_end_bound
0,1.868061900138855,1.9950138330459595,5.1781005859375,1.0733087062835693,76.3614273071289,182.32904052734375,0.07025539875030518,287.3331604003906,77.2888412475586,182.5538330078125,0.06975217908620834,474.8863525390625,77.58697509765625,181.76956176757812,0.06926413625478745,3151.44677734375,1.0031992197036743,1.0240061283111572,0.9035926461219788,25.5321102142334,4065.64112841046
500,1.9152823686599731,1.9980438947677612,6.307947635650635,1.045255422592163,45.337860107421875,150.13690185546875,0.29022538661956787,1152.3983154296875,15.837183952331543,138.86248779296875,0.5317529439926147,1515.0718994140625,15.659890174865723,95.27818298339844,0.7784361243247986,24983.599609375,1.1495949029922485,1.6056751012802124,0.25373512506484985,4.150006294250488,492240.01978770114
1000,1.9151071310043335,1.9980354309082031,6.308220386505127,1.0453555583953857,45.287105560302734,150.41127014160156,0.29322782158851624,3464.55126953125,19.145545959472656,145.48361206054688,0.4792609214782715,1087.6878662109375,17.264690399169922,101.49068450927734,0.7349047660827637,6374.16650390625,1.1795670986175537,1.7018367052078247,0.25300922989845276,3.4602391719818115,421979.5882168851
1500,1.9151811599731445,1.9980388879776,6.3082146644592285,1.0453132390975952,45.315372467041016,150.5171661376953,0.294529527425766,44074.1796875,19.71397590637207,146.32305908203125,0.4727458953857422,1261.0460205078125,18.085500717163086,104.93712615966797,0.7317831516265869,9959.9775390625,1.1906226873397827,1.734148621559143,0.25754424929618835,3.3430089950561523,423776.9192890145
1999,1.9151465892791748,1.9980374574661255,6.3083062171936035,1.0453330278396606,45.38357162475586,150.6554718017578,0.2946487367153168,2355.195556640625,19.548933029174805,146.08798217773438,0.475413978099823,1973.8819580078125,18.087142944335938,105.1859130859375,0.7403695583343506,11962.8271484375,1.1960105895996094,1.749151349067688,0.26000264286994934,3.3305251598358154,435467.329647601
