epochs,full_psnr,ssim,lpips,train_psnr,test_psnr
0,4.551077842712402,0.16273291409015656,,4.577016353607178,0.0
500,25.04233169555664,0.5894038677215576,,29.37451934814453,0.0
1000,25.76371955871582,0.6329846978187561,,32.86968994140625,0.0
1500,26.049901962280273,0.6321755051612854,,39.07456970214844,0.0
1999,25.889854431152344,0.6157328486442566,,42.004051208496094,0.0
