epochs,full_psnr,ssim,lpips,train_psnr,test_psnr
0,5.987829208374023,0.014076215215027332,,6.081929683685303,0.0
500,19.367340087890625,0.5055566430091858,,21.38216781616211,0.0
1000,20.514318466186523,0.5763805508613586,,23.139095306396484,0.0
1500,20.494184494018555,0.5860028266906738,,27.20454216003418,0.0
2000,21.790502548217773,0.6150792241096497,,34.4062385559082,0.0
2500,21.626359939575195,0.5829745531082153,,38.590885162353516,0.0
2999,21.518800735473633,0.5719063878059387,,39.05544662475586,0.0
