epochs,full_psnr,ssim,lpips,train_psnr,test_psnr
0,10.97647762298584,0.03047751635313034,,11.204269409179688,0.0
500,22.647350311279297,0.5139524340629578,,29.632780075073242,0.0
1000,22.92993927001953,0.5338047742843628,,30.11945343017578,0.0
1500,23.56382179260254,0.5679875612258911,,34.993011474609375,0.0
2000,23.61321258544922,0.569129228591919,,38.596717834472656,0.0
2500,23.581588745117188,0.5616414546966553,,40.64512634277344,0.0
2999,23.564472198486328,0.5588434934616089,,40.905540466308594,0.0
