epochs,full_psnr,ssim,lpips,train_psnr,test_psnr
0,9.48316764831543,0.02473018504679203,,9.530718803405762,0.0
500,25.523284912109375,0.7710006237030029,,29.36850357055664,0.0
1000,28.346874237060547,0.8145021796226501,,37.8553352355957,0.0
1500,29.013999938964844,0.8116347193717957,,43.09107971191406,0.0
1999,28.95745849609375,0.8052597641944885,,43.90666580200195,0.0
