epochs,full_psnr,ssim,lpips,train_psnr,test_psnr
0,6.965057849884033,0.12287119776010513,,7.084789276123047,0.0
500,12.84827709197998,0.3223174512386322,,13.333102226257324,0.0
1000,12.848235130310059,0.32315871119499207,,13.33366584777832,0.0
1500,12.848210334777832,0.32188746333122253,,13.332916259765625,0.0
2000,12.848382949829102,0.3220435678958893,,13.332205772399902,0.0
2500,12.851158142089844,0.3296680152416229,,13.336380958557129,0.0
2999,12.85418701171875,0.33875060081481934,,13.339876174926758,0.0
