epochs,full_psnr,ssim,lpips,train_psnr,test_psnr
0,6.912532329559326,0.29170095920562744,,7.030061721801758,0.0
500,18.908477783203125,0.43599650263786316,,21.689861297607422,0.0
1000,19.815675735473633,0.5090732574462891,,23.051006317138672,0.0
1500,19.898591995239258,0.5324960947036743,,23.477481842041016,0.0
2000,19.474292755126953,0.5128033757209778,,22.53065299987793,0.0
2500,20.828022003173828,0.6064638495445251,,25.746191024780273,0.0
2999,21.748380661010742,0.6048658490180969,,35.728885650634766,0.0
