epochs,full_psnr,ssim,lpips,train_psnr,test_psnr
0,10.599458694458008,0.30678603053092957,,10.8823881149292,0.0
500,16.17508888244629,0.3621070384979248,,17.29722023010254,0.0
1000,17.253053665161133,0.37055543065071106,,18.793167114257812,0.0
1500,16.46522331237793,0.36411598324775696,,17.68421745300293,0.0
2000,17.53565216064453,0.3730696141719818,,19.15696144104004,0.0
2500,18.05864143371582,0.38198983669281006,,19.96376609802246,0.0
3000,18.55771255493164,0.3915543556213379,,20.752201080322266,0.0
3500,18.983156204223633,0.40180209279060364,,21.503393173217773,0.0
3999,19.238170623779297,0.4088766276836395,,21.982925415039062,0.0
