epochs,full_psnr,ssim,lpips,train_psnr,test_psnr
0,9.4316987991333,0.21860037744045258,,9.47000503540039,0.0
500,14.814241409301758,0.5929840207099915,,14.963560104370117,0.0
1000,14.815181732177734,0.5971944332122803,,14.962776184082031,0.0
1500,14.814641952514648,0.5946314930915833,,14.96129035949707,0.0
2000,14.815017700195312,0.5955496430397034,,14.962220191955566,0.0
2500,14.817334175109863,0.6054256558418274,,14.965564727783203,0.0
2999,14.819759368896484,0.6161918044090271,,14.967931747436523,0.0
