Epoch,stable_rank_layer_0,effective_rank_layer_0,spectral_norm_layer_0,condition_number_layer_0,stable_rank_layer_1,effective_rank_layer_1,spectral_norm_layer_1,condition_number_layer_1,stable_rank_layer_2,effective_rank_layer_2,spectral_norm_layer_2,condition_number_layer_2,stable_rank_layer_3,effective_rank_layer_3,spectral_norm_layer_3,condition_number_layer_3,stable_rank_layer_4,effective_rank_layer_4,spectral_norm_layer_4,condition_number_layer_4,end_to_end_bound
0,1.868061900138855,1.9950138330459595,5.1781005859375,1.0733087062835693,76.5273208618164,182.27593994140625,0.0702078565955162,272.5066223144531,77.45779418945312,182.579345703125,0.06974485516548157,753.7357177734375,77.5102767944336,181.55751037597656,0.06928934156894684,1539.209228515625,1.0031992197036743,1.0240061283111572,0.9035926461219788,25.5321102142334,4063.9416260733005
500,1.8963572978973389,1.9970135688781738,6.3209614753723145,1.056232213973999,55.540775299072266,162.6287078857422,0.3854093849658966,11496.8134765625,28.736103057861328,158.39524841308594,0.6841941475868225,1127.75634765625,58.352962493896484,161.92408752441406,1.0266391038894653,33823.55859375,1.1326504945755005,1.5407673120498657,0.3586515486240387,5.046340465545654,1571141.362411018
1000,1.8964686393737793,1.9970204830169678,6.321942329406738,1.056166648864746,61.76504135131836,166.7427520751953,0.3481786549091339,1288.093994140625,33.68696212768555,161.0029754638672,0.6102668642997742,895.5369873046875,66.83963012695312,169.36793518066406,1.100295901298523,105797.125,1.15927255153656,1.6357083320617676,0.3531470000743866,4.012395858764648,1336218.3897431672
1500,1.8964602947235107,1.9970200061798096,6.3235182762146,1.0561715364456177,64.34658813476562,168.0812225341797,0.33067813515663147,6036.72900390625,36.53421401977539,161.06170654296875,0.5755227208137512,1944.0938720703125,69.69361114501953,172.38555908203125,1.217232584953308,439094.65625,1.174014925956726,1.6781117916107178,0.35417869687080383,3.91475510597229,1328197.634091194
1999,1.8963229656219482,1.997011423110962,6.324145793914795,1.0562524795532227,66.16458892822266,168.07313537597656,0.3279576897621155,1372.8546142578125,37.15609359741211,161.0882110595703,0.5774379372596741,562.5482788085938,71.15830993652344,172.6901397705078,1.2343621253967285,234467.59375,1.1920181512832642,1.7234007120132446,0.36654821038246155,3.9367783069610596,1387198.6628515194
