Epoch,stable_rank_layer_0,effective_rank_layer_0,spectral_norm_layer_0,condition_number_layer_0,stable_rank_layer_1,effective_rank_layer_1,spectral_norm_layer_1,condition_number_layer_1,stable_rank_layer_2,effective_rank_layer_2,spectral_norm_layer_2,condition_number_layer_2,stable_rank_layer_3,effective_rank_layer_3,spectral_norm_layer_3,condition_number_layer_3,stable_rank_layer_4,effective_rank_layer_4,spectral_norm_layer_4,condition_number_layer_4,end_to_end_bound
0,1.8978840112686157,1.9971058368682861,7.27543306350708,1.0553338527679443,77.89344024658203,182.554443359375,1.1331732273101807,1026.17578125,76.51380157470703,182.20884704589844,1.1452094316482544,14399.3154296875,75.456787109375,181.2822265625,1.152227520942688,640.761962890625,1.72993803024292,2.645928144454956,0.8674289584159851,1.690550446510315,1509844.4750989047
500,1.8811365365982056,1.9960087537765503,7.907115459442139,1.065315842628479,77.29259490966797,182.061279296875,1.1352286338806152,589.1141967773438,76.40316772460938,181.24566650390625,1.115036964416504,697.6217651367188,52.05976104736328,171.33160400390625,1.2224950790405273,1482.23974609375,1.2297413349151611,1.7696537971496582,0.5596563816070557,4.863062858581543,1095668.6729125488
1000,1.8798807859420776,1.9959185123443604,7.936135292053223,1.0660758018493652,77.14216613769531,182.0181427001953,1.1354944705963135,1144.7994384765625,76.54688262939453,181.1012420654297,1.1085444688796997,402.6523132324219,52.444496154785156,170.26747131347656,1.2606029510498047,28089.904296875,1.195061445236206,1.698525071144104,0.6326119303703308,4.892455577850342,1274626.3317854425
1500,1.8795166015625,1.9958922863006592,7.938098907470703,1.0662965774536133,77.2445297241211,182.015625,1.1364516019821167,649.7730712890625,76.68894958496094,180.93515014648438,1.1141784191131592,4592.33837890625,54.487449645996094,169.08050537109375,1.3138587474822998,442.4127502441406,1.1492767333984375,1.575724720954895,0.7540208101272583,5.510238170623779,1593214.2598212457
1999,1.8794430494308472,1.9958869218826294,7.937983512878418,1.0663410425186157,77.13346099853516,182.03775024414062,1.138609528541565,579.7879028320312,76.76805114746094,180.8732147216797,1.1171468496322632,322.1507263183594,54.9726676940918,168.6572723388672,1.3321497440338135,1664.5489501953125,1.141497015953064,1.5534641742706299,0.7817655801773071,5.6320576667785645,1682460.37732777
