epochs,full_psnr,ssim,lpips,train_psnr,test_psnr
0,5.825725078582764,0.016336532309651375,,5.855271339416504,0.0
500,26.381166458129883,0.760763943195343,,31.860454559326172,0.0
1000,27.677595138549805,0.7747647166252136,,35.02895736694336,0.0
1500,27.397119522094727,0.7255303859710693,,42.68519973754883,0.0
1999,27.250022888183594,0.7059628963470459,,43.78727340698242,0.0
