epochs,full_psnr,ssim,lpips,train_psnr,test_psnr
0,7.678800582885742,0.19618256390094757,,7.856433868408203,0.0
500,19.833168029785156,0.4897477328777313,,24.45539665222168,0.0
1000,19.801660537719727,0.49386024475097656,,24.15826988220215,0.0
1500,10.927315711975098,0.2753807008266449,,11.305658340454102,0.0
2000,10.423858642578125,0.34649762511253357,,10.762313842773438,0.0
2500,10.426065444946289,0.35962343215942383,,10.764354705810547,0.0
2999,10.429086685180664,0.37702885270118713,,10.767311096191406,0.0
