epochs,full_psnr,ssim,lpips,train_psnr,test_psnr
0,6.188687801361084,0.11140879988670349,,6.285294532775879,0.0
500,13.116659164428711,0.3174106180667877,,13.629974365234375,0.0
1000,13.119091033935547,0.32271048426628113,,13.629863739013672,0.0
1500,13.119612693786621,0.3244829475879669,,13.630792617797852,0.0
2000,13.120604515075684,0.32709768414497375,,13.633224487304688,0.0
2500,13.122180938720703,0.3312302827835083,,13.634042739868164,0.0
3000,13.123313903808594,0.3340173661708832,,13.6354398727417,0.0
3500,13.123998641967773,0.33599066734313965,,13.63570785522461,0.0
3999,13.124244689941406,0.3365274667739868,,13.645974159240723,0.0
