epochs,full_psnr,ssim,lpips,train_psnr,test_psnr
0,9.757268905639648,0.1106753870844841,,9.840041160583496,0.0
500,21.339435577392578,0.4094524681568146,,23.217933654785156,0.0
1000,22.3533992767334,0.45442995429039,,24.39020538330078,0.0
1500,22.243555068969727,0.422872394323349,,24.011226654052734,0.0
2000,14.727972030639648,0.2746215760707855,,14.984335899353027,0.0
2500,14.731374740600586,0.27857813239097595,,14.98771858215332,0.0
2999,14.73342514038086,0.281175822019577,,14.990009307861328,0.0
