epochs,full_psnr,ssim,lpips,train_psnr,test_psnr
0,5.472500801086426,0.16500221192836761,,5.561900615692139,0.0
500,18.29638671875,0.3107686936855316,,20.81303596496582,0.0
1000,19.8625545501709,0.3485200107097626,,23.802169799804688,0.0
1500,20.079341888427734,0.36054888367652893,,24.20720863342285,0.0
2000,20.027925491333008,0.3448518216609955,,24.010337829589844,0.0
2500,21.142799377441406,0.42241060733795166,,27.812091827392578,0.0
2999,21.1617488861084,0.4002840518951416,,33.92123031616211,0.0
