epochs,full_psnr,ssim,lpips,train_psnr,test_psnr
0,13.180464744567871,0.2541394531726837,,13.35722541809082,0.0
500,19.913236618041992,0.3729918301105499,,20.824880599975586,0.0
1000,21.301876068115234,0.40121784806251526,,22.596477508544922,0.0
1500,21.810420989990234,0.4136643409729004,,23.36336326599121,0.0
2000,19.304521560668945,0.3581576347351074,,20.092105865478516,0.0
2500,20.664785385131836,0.38499411940574646,,21.779510498046875,0.0
2999,21.308155059814453,0.39906421303749084,,22.631744384765625,0.0
