Epoch,stable_rank_layer_0,effective_rank_layer_0,spectral_norm_layer_0,condition_number_layer_0,stable_rank_layer_1,effective_rank_layer_1,spectral_norm_layer_1,condition_number_layer_1,stable_rank_layer_2,effective_rank_layer_2,spectral_norm_layer_2,condition_number_layer_2,stable_rank_layer_3,effective_rank_layer_3,spectral_norm_layer_3,condition_number_layer_3,stable_rank_layer_4,effective_rank_layer_4,spectral_norm_layer_4,condition_number_layer_4,end_to_end_bound
0,1.8688801527023315,1.9950796365737915,7.337924957275391,1.072803258895874,77.874755859375,182.54983520507812,1.133307695388794,1150.2762451171875,76.5157241821289,182.20779418945312,1.1452022790908813,3833.341064453125,75.48474884033203,181.2825927734375,1.1517854928970337,597.5103759765625,1.8438125848770142,2.732680082321167,0.9155458807945251,1.6056042909622192,10.042804871574631
500,1.590505599975586,1.9340721368789673,15.578023910522461,1.301331639289856,69.67359161376953,172.45379638671875,1.5585763454437256,2033.6556396484375,67.8550796508789,170.4298553466797,1.5692070722579956,40773.4296875,60.16934585571289,170.2460479736328,1.5273892879486084,1533.537841796875,1.2429863214492798,1.7609559297561646,6.127565860748291,5.853257656097412,356.5811915130146
1000,1.593549370765686,1.9352900981903076,17.206012725830078,1.2979906797409058,66.99264526367188,160.63059997558594,2.067018508911133,1549.8427734375,64.15802001953125,158.2090301513672,2.084867477416992,2908.199951171875,48.564910888671875,150.4030303955078,1.9989105463027954,2360.948974609375,1.1965928077697754,1.6496825218200684,7.530642509460449,7.087728023529053,1116.1651303744359
1500,1.5965121984481812,1.9364603757858276,17.813167572021484,1.294763207435608,67.15180969238281,157.225341796875,2.3089706897735596,4692.58349609375,63.85874938964844,154.76329040527344,2.3341333866119385,2653.876708984375,46.55879211425781,141.326416015625,2.216242551803589,1941.1488037109375,1.1691735982894897,1.5742509365081787,8.868314743041992,8.588665008544922,1886.877176278933
1999,1.5967495441436768,1.9365535974502563,17.929927825927734,1.2945057153701782,67.2202377319336,156.79000854492188,2.350036382675171,1886.348876953125,63.78005599975586,154.2080841064453,2.3787763118743896,663.36328125,46.151214599609375,139.66445922851562,2.2628157138824463,2032.923583984375,1.1598436832427979,1.5503383874893188,9.255050659179688,8.997397422790527,2099.1076854488447
