epochs,full_psnr,ssim,lpips,train_psnr,test_psnr
0,13.506340026855469,0.360432893037796,,13.93431568145752,0.0
500,20.544044494628906,0.46318063139915466,,23.339874267578125,0.0
1000,21.165246963500977,0.4694403409957886,,24.634618759155273,0.0
1500,21.463359832763672,0.47319161891937256,,25.317787170410156,0.0
1999,21.51340675354004,0.4741639792919159,,25.443517684936523,0.0
