epochs,full_psnr,ssim,lpips,train_psnr,test_psnr
0,6.042646408081055,0.09028316289186478,,6.089341163635254,0.0
500,19.29495620727539,0.3383427858352661,,20.938411712646484,0.0
1000,21.38812255859375,0.4316626787185669,,24.04721450805664,0.0
1500,22.149202346801758,0.4640878438949585,,25.732995986938477,0.0
2000,22.426673889160156,0.4490160048007965,,28.019121170043945,0.0
2500,21.9800968170166,0.3812054693698883,,32.86957931518555,0.0
2999,21.61197853088379,0.3479790687561035,,37.41551208496094,0.0
