Epoch,stable_rank_layer_0,effective_rank_layer_0,spectral_norm_layer_0,condition_number_layer_0,stable_rank_layer_1,effective_rank_layer_1,spectral_norm_layer_1,condition_number_layer_1,stable_rank_layer_2,effective_rank_layer_2,spectral_norm_layer_2,condition_number_layer_2,stable_rank_layer_3,effective_rank_layer_3,spectral_norm_layer_3,condition_number_layer_3,stable_rank_layer_4,effective_rank_layer_4,spectral_norm_layer_4,condition_number_layer_4,end_to_end_bound
0,1.8629438877105713,1.9945900440216064,5.182951927185059,1.0764868259429932,76.50283813476562,182.3515625,0.07017678767442703,307.7579650878906,77.58273315429688,182.54678344726562,0.06961711496114731,502.8096008300781,77.87771606445312,181.7737274169922,0.06912288069725037,956.8976440429688,1.0063673257827759,1.0428121089935303,0.9019408226013184,24.897323608398438,4041.350568346097
500,1.8566088676452637,1.9940381050109863,6.121338367462158,1.0804600715637207,24.309051513671875,142.57012939453125,0.4046451151371002,26406.11328125,19.250118255615234,145.3402862548828,0.4642195999622345,1913.91064453125,15.168121337890625,90.72846221923828,0.737234354019165,7626.46826171875,1.4127955436706543,2.1726527214050293,0.30202051997184753,2.9680075645446777,655429.7380495843
1000,1.8591386079788208,1.9942620992660522,6.117729187011719,1.0788681507110596,29.579397201538086,142.81045532226562,0.4159586727619171,1651.7144775390625,31.159521102905273,157.65672302246094,0.36461126804351807,1617.7191162109375,21.595722198486328,120.06817626953125,0.7186894416809082,7025.00634765625,1.4111130237579346,2.1819820404052734,0.30195116996765137,2.868245840072632,515452.279712436
1500,1.8614628314971924,1.9944638013839722,6.116521835327148,1.0774117708206177,37.73430252075195,139.5661163330078,0.4295206069946289,1514.771240234375,36.71793746948242,159.50706481933594,0.34348544478416443,487.5790100097656,36.17497634887695,139.4994659423828,0.748824954032898,79477.2890625,1.4026920795440674,2.1818747520446777,0.304159015417099,2.771646738052368,526160.0149510734
1999,1.8612674474716187,1.9944467544555664,6.117163181304932,1.0775340795516968,39.023258209228516,139.02088928222656,0.4331214129924774,1447.30859375,37.006404876708984,159.55970764160156,0.34587839245796204,2700.5234375,39.51217269897461,141.61634826660156,0.743243932723999,42302.69140625,1.4265553951263428,2.2259116172790527,0.30717742443084717,2.6554808616638184,535603.9677403431
