epochs,full_psnr,ssim,lpips,train_psnr,test_psnr
0,9.265159606933594,0.3031007945537567,,9.361082077026367,0.0
500,23.646791458129883,0.6022115349769592,,27.980859756469727,0.0
1000,23.695335388183594,0.6133068203926086,,28.467561721801758,0.0
1500,24.365842819213867,0.6505897045135498,,30.19809913635254,0.0
1999,25.08785057067871,0.6675962805747986,,42.082183837890625,0.0
