Epoch,stable_rank_layer_0,effective_rank_layer_0,spectral_norm_layer_0,condition_number_layer_0,stable_rank_layer_1,effective_rank_layer_1,spectral_norm_layer_1,condition_number_layer_1,stable_rank_layer_2,effective_rank_layer_2,spectral_norm_layer_2,condition_number_layer_2,stable_rank_layer_3,effective_rank_layer_3,spectral_norm_layer_3,condition_number_layer_3,stable_rank_layer_4,effective_rank_layer_4,spectral_norm_layer_4,condition_number_layer_4,end_to_end_bound
0,1.8737945556640625,1.9954651594161987,7.33212423324585,1.0697822570800781,77.8725814819336,182.54879760742188,1.1333200931549072,969.66943359375,76.5247802734375,182.20901489257812,1.1451473236083984,5050.13623046875,75.47737121582031,181.28189086914062,1.151837706565857,601.2827758789062,1.8424936532974243,2.731818199157715,0.9158186316490173,1.6064221858978271,10.037938536780494
500,1.793735146522522,1.9867912530899048,16.842510223388672,1.1224374771118164,68.69635772705078,171.91781616210938,1.6039820909500122,10661.2919921875,65.77290344238281,171.21719360351562,1.6254130601882935,523.2271728515625,58.68765640258789,169.45321655273438,1.550473690032959,369.3519287109375,1.1350106000900269,1.5223727226257324,6.961738586425781,6.477633953094482,473.9714605750036
1000,1.7816777229309082,1.9850032329559326,18.732858657836914,1.1310611963272095,65.11856842041016,161.82513427734375,2.1262009143829346,1340.4066162109375,62.17564010620117,160.31036376953125,2.147516965866089,2299.41064453125,48.82012176513672,150.2052764892578,2.0038723945617676,1416.3905029296875,1.122992753982544,1.4748455286026,9.146228790283203,7.804441928863525,1567.678794545403
1500,1.7847410440444946,1.9854705333709717,19.233673095703125,1.1288516521453857,65.27690887451172,160.20040893554688,2.3733608722686768,1915.18701171875,61.49249267578125,157.4710693359375,2.4086451530456543,804.47802734375,47.095436096191406,142.07568359375,2.224961280822754,6011.38134765625,1.1133794784545898,1.4419487714767456,10.209700584411621,8.655457496643066,2497.66561847979
1999,1.785544514656067,1.9855917692184448,19.328697204589844,1.1282739639282227,65.2876968383789,160.0823516845703,2.418055295944214,3712.22412109375,61.432220458984375,157.04222106933594,2.4562439918518066,990.9854736328125,46.83956527709961,140.61489868164062,2.269862413406372,6738.986328125,1.1114991903305054,1.4351693391799927,10.458296775817871,8.885163307189941,2725.2152542997396
