epochs,full_psnr,ssim,lpips,train_psnr,test_psnr
0,5.54193115234375,0.16519230604171753,,5.632529258728027,0.0
500,21.095054626464844,0.438552588224411,,27.66684341430664,0.0
1000,21.22699546813965,0.44681015610694885,,28.228853225708008,0.0
1500,21.325227737426758,0.4465157687664032,,28.047945022583008,0.0
2000,21.21456527709961,0.4456695318222046,,27.698287963867188,0.0
2500,20.847108840942383,0.42132994532585144,,26.107501983642578,0.0
3000,21.631967544555664,0.47591158747673035,,30.111343383789062,0.0
3500,21.954933166503906,0.5064643025398254,,33.91139221191406,0.0
3999,21.989395141601562,0.504880964756012,,39.57667541503906,0.0
