epochs,full_psnr,ssim,lpips,train_psnr,test_psnr
0,5.987100124359131,0.014112431555986404,,6.080960273742676,0.0
500,18.028446197509766,0.4271947145462036,,20.75298309326172,0.0
1000,21.612682342529297,0.6203601956367493,,28.39959144592285,0.0
1500,21.766338348388672,0.5937850475311279,,36.22164535522461,0.0
1999,21.53342056274414,0.5695528984069824,,37.696659088134766,0.0
