Epoch,stable_rank_layer_0,effective_rank_layer_0,spectral_norm_layer_0,condition_number_layer_0,stable_rank_layer_1,effective_rank_layer_1,spectral_norm_layer_1,condition_number_layer_1,stable_rank_layer_2,effective_rank_layer_2,spectral_norm_layer_2,condition_number_layer_2,stable_rank_layer_3,effective_rank_layer_3,spectral_norm_layer_3,condition_number_layer_3,stable_rank_layer_4,effective_rank_layer_4,spectral_norm_layer_4,condition_number_layer_4,end_to_end_bound
0,1.8513197898864746,1.993553638458252,5.207705497741699,1.0838111639022827,76.51284790039062,182.169921875,0.07016163319349289,818.1799926757812,77.14505767822266,182.40939331054688,0.06988856196403503,267.7513122558594,77.66241455078125,181.45762634277344,0.0692032128572464,819.3162841796875,1.0086669921875,1.0563889741897583,0.9006854295730591,18.799667358398438,inf
500,1.9148515462875366,1.9980230331420898,7.276882171630859,1.0455015897750854,72.31381225585938,177.40365600585938,0.5555400252342224,433.41632080078125,48.46284484863281,176.3522491455078,0.8292195200920105,1715.69775390625,56.980159759521484,155.54159545898438,0.8917500972747803,20113.0625,1.0145092010498047,1.0783640146255493,0.26681938767433167,110.12397003173828,inf
1000,1.8626501560211182,1.9945650100708008,7.802983283996582,1.0766701698303223,73.68340301513672,178.97042846679688,0.6460532546043396,115339.96875,53.837738037109375,178.1008758544922,0.8806759715080261,2420.416259765625,62.1494140625,162.2449188232422,0.9217371344566345,27983.34375,1.0095995664596558,1.055511474609375,0.19977086782455444,145.43812561035156,inf
1500,1.884495735168457,1.9962444305419922,8.066116333007812,1.0632909536361694,74.32044982910156,179.41517639160156,0.6666603684425354,1291.9267578125,54.974388122558594,178.35923767089844,0.8970332741737366,4816.21533203125,62.332096099853516,163.91055297851562,0.9417598843574524,253917.015625,1.0057646036148071,1.0360536575317383,0.19037571549415588,238.1980438232422,inf
1999,1.8801684379577637,1.9959391355514526,8.077056884765625,1.065901517868042,74.36022186279297,179.4176483154297,0.6674966812133789,2179.500244140625,54.9401741027832,178.39443969726562,0.8986735939979553,2314.040283203125,62.38050842285156,163.9480743408203,0.9426518678665161,15175.5087890625,1.0056530237197876,1.0354114770889282,0.1900092512369156,327.95611572265625,inf
