epochs,full_psnr,ssim,lpips,train_psnr,test_psnr
0,9.790184020996094,0.1142834946513176,,9.873796463012695,0.0
500,14.718706130981445,0.26361212134361267,,14.974188804626465,0.0
1000,14.73002815246582,0.2768791615962982,,14.985958099365234,0.0
1500,14.733227729797363,0.2809716761112213,,14.989648818969727,0.0
1999,14.733381271362305,0.2811962962150574,,15.042306900024414,0.0
