epochs,full_psnr,ssim,lpips,train_psnr,test_psnr
0,3.6088056564331055,0.22562097012996674,,3.648848533630371,0.0
500,14.72904109954834,0.37338748574256897,,15.307861328125,0.0
1000,14.729593276977539,0.37466177344322205,,15.307818412780762,0.0
1500,14.730127334594727,0.3756841719150543,,15.308199882507324,0.0
2000,14.730791091918945,0.37759438157081604,,15.309244155883789,0.0
2500,14.731321334838867,0.3787188231945038,,15.309895515441895,0.0
2999,14.725566864013672,0.36252737045288086,,15.600946426391602,0.0
