Epoch,stable_rank_layer_0,effective_rank_layer_0,spectral_norm_layer_0,condition_number_layer_0,stable_rank_layer_1,effective_rank_layer_1,spectral_norm_layer_1,condition_number_layer_1,stable_rank_layer_2,effective_rank_layer_2,spectral_norm_layer_2,condition_number_layer_2,stable_rank_layer_3,effective_rank_layer_3,spectral_norm_layer_3,condition_number_layer_3,stable_rank_layer_4,effective_rank_layer_4,spectral_norm_layer_4,condition_number_layer_4,end_to_end_bound
0,1.8489974737167358,1.993334174156189,5.168964385986328,1.0852925777435303,76.21986389160156,182.07040405273438,0.07034242153167725,1121.9376220703125,76.99872589111328,182.45306396484375,0.07001826912164688,439.9896240234375,77.75212097167969,181.24790954589844,0.06915908306837082,1023.5431518554688,1.0031960010528564,1.0239851474761963,0.9033970832824707,25.514663696289062,inf
500,1.7566237449645996,1.9808349609375,8.145610809326172,1.1496350765228271,80.3709487915039,185.68336486816406,0.6060828566551208,6657.8896484375,65.02631378173828,194.2125701904297,0.8245707154273987,449.7752380371094,75.38255310058594,192.05670166015625,0.9288245439529419,9083.5791015625,1.0000544786453247,1.0005972385406494,0.5111207365989685,797.283935546875,inf
1000,1.8191524744033813,1.9901251792907715,17.91403579711914,1.1048862934112549,77.8216781616211,182.78692626953125,0.8205100297927856,842.3250732421875,72.31958770751953,186.38363647460938,0.9654451012611389,510.63134765625,78.56482696533203,187.2303924560547,1.0652798414230347,10010.2041015625,1.0000296831130981,1.0003465414047241,0.5553678870201111,715.9735717773438,inf
1500,1.8382251262664795,1.9922599792480469,28.010475158691406,1.0922439098358154,76.86888885498047,182.4106903076172,0.9873750805854797,14205.1630859375,76.42239379882812,184.13333129882812,1.088512897491455,1101.9464111328125,78.83743286132812,184.179443359375,1.2019972801208496,6005.52978515625,1.000014305114746,1.0001792907714844,0.637032687664032,689.1356201171875,inf
1999,1.858933448791504,1.99424409866333,29.151416778564453,1.0789968967437744,75.8693618774414,182.22891235351562,1.0357731580734253,941.4518432617188,76.78715515136719,183.626708984375,1.122546672821045,355.305908203125,78.81816864013672,183.88958740234375,1.2368801832199097,36188.55859375,1.0000070333480835,1.0000919103622437,0.6361930966377258,1482.6231689453125,inf
