epochs,full_psnr,ssim,lpips,train_psnr,test_psnr
0,8.481378555297852,0.3130326271057129,,8.524531364440918,0.0
500,11.967727661132812,0.6432562470436096,,12.064878463745117,0.0
1000,11.967947006225586,0.6503257155418396,,12.0637845993042,0.0
1500,11.96965217590332,0.6669551730155945,,12.066204071044922,0.0
1999,11.973154067993164,0.6994393467903137,,12.06940746307373,0.0
