Epoch,stable_rank_layer_0,effective_rank_layer_0,spectral_norm_layer_0,condition_number_layer_0,stable_rank_layer_1,effective_rank_layer_1,spectral_norm_layer_1,condition_number_layer_1,stable_rank_layer_2,effective_rank_layer_2,spectral_norm_layer_2,condition_number_layer_2,stable_rank_layer_3,effective_rank_layer_3,spectral_norm_layer_3,condition_number_layer_3,stable_rank_layer_4,effective_rank_layer_4,spectral_norm_layer_4,condition_number_layer_4,end_to_end_bound
0,1.8489974737167358,1.993334174156189,5.168964385986328,1.0852925777435303,76.3526840209961,182.15402221679688,0.07024429738521576,787.01025390625,77.1218032836914,182.44871520996094,0.06991042196750641,309.86285400390625,77.53717803955078,181.45770263671875,0.06925404071807861,1512.518310546875,1.0031960010528564,1.0239851474761963,0.9033970832824707,25.514663696289062,inf
500,1.9196217060089111,1.9982469081878662,7.909038543701172,1.0427864789962769,73.37987518310547,178.41946411132812,0.5178400278091431,384.81427001953125,50.67841339111328,176.91665649414062,0.7335765957832336,1684.4302978515625,55.17120361328125,162.66531372070312,0.8732851147651672,16177.7724609375,1.0001393556594849,1.0013922452926636,0.46359530091285706,567.6991577148438,inf
1000,1.8911116123199463,1.9966856241226196,11.440385818481445,1.059336543083191,74.96807098388672,179.2831268310547,0.6159564852714539,324.8523254394531,58.07725143432617,176.98060607910156,0.7841955423355103,567.6441650390625,59.146728515625,167.9962158203125,0.9186075925827026,19654.869140625,1.0000615119934082,1.0006709098815918,0.43925556540489197,575.2227783203125,inf
1500,1.8775675296783447,1.9957494735717773,11.773573875427246,1.0674799680709839,74.6738052368164,179.41064453125,0.6433708667755127,4137.7509765625,60.879676818847656,177.56979370117188,0.7916520237922668,821.8463134765625,59.92258071899414,168.9929656982422,0.9341661334037781,14267.2802734375,1.0000542402267456,1.0005961656570435,0.4346058666706085,681.9269409179688,inf
1999,1.879353404045105,1.9958802461624146,11.783843994140625,1.0663955211639404,74.6627426147461,179.31492614746094,0.6447535753250122,1470.651123046875,61.037899017333984,177.57215881347656,0.7920798063278198,774.3906860351562,60.302310943603516,169.15000915527344,0.9320697784423828,71125.7734375,1.000052571296692,1.0005792379379272,0.4323083758354187,755.14306640625,inf
