epochs,full_psnr,ssim,lpips,train_psnr,test_psnr
0,8.395944595336914,0.30958881974220276,,8.438287734985352,0.0
500,11.963944435119629,0.6180247664451599,,12.059812545776367,0.0
1000,11.969991683959961,0.6663615107536316,,12.065610885620117,0.0
1500,11.972918510437012,0.6944942474365234,,12.06877613067627,0.0
1999,11.97365665435791,0.7025244235992432,,12.104848861694336,0.0
