epochs,full_psnr,ssim,lpips,train_psnr,test_psnr
0,8.481378555297852,0.3130326271057129,,8.524531364440918,0.0
500,11.967549324035645,0.6485807299613953,,12.064563751220703,0.0
1000,11.968541145324707,0.6522430777549744,,12.064092636108398,0.0
1500,11.969618797302246,0.6635435223579407,,12.065624237060547,0.0
2000,11.969050407409668,0.6591985821723938,,12.064798355102539,0.0
2500,11.970871925354004,0.6750214099884033,,12.067014694213867,0.0
2999,11.973361015319824,0.6996164321899414,,12.069535255432129,0.0
