epochs,full_psnr,ssim,lpips,train_psnr,test_psnr
0,6.873763084411621,0.29124900698661804,,6.989993095397949,0.0
500,21.011539459228516,0.6089643836021423,,25.846324920654297,0.0
1000,20.828351974487305,0.6199483871459961,,25.895915985107422,0.0
1500,20.434865951538086,0.6002606749534607,,24.08401870727539,0.0
2000,22.049850463867188,0.6725172400474548,,30.816448211669922,0.0
2500,22.27324676513672,0.6823768615722656,,34.20811080932617,0.0
3000,22.35466766357422,0.6740170121192932,,37.412227630615234,0.0
3500,22.322141647338867,0.6569029688835144,,43.162940979003906,0.0
3999,22.284517288208008,0.6486605405807495,,44.99082565307617,0.0
