epochs,full_psnr,ssim,lpips,train_psnr,test_psnr
0,9.59344482421875,0.3590971529483795,,9.87125015258789,0.0
500,14.101432800292969,0.42506280541419983,,14.934754371643066,0.0
1000,15.593729019165039,0.4416082799434662,,16.83399200439453,0.0
1500,16.423934936523438,0.45550671219825745,,18.01390838623047,0.0
2000,10.809164047241211,0.37525033950805664,,11.179697036743164,0.0
2500,15.074089050292969,0.4333000183105469,,16.150686264038086,0.0
2999,15.848406791687012,0.4426920413970947,,17.17046356201172,0.0
