epochs,full_psnr,ssim,lpips,train_psnr,test_psnr
0,9.131597518920898,0.1845870167016983,,9.284366607666016,0.0
500,14.724383354187012,0.362684965133667,,15.301126480102539,0.0
1000,14.729726791381836,0.37497469782829285,,15.30750846862793,0.0
1500,14.730416297912598,0.37669119238853455,,15.309263229370117,0.0
2000,14.730820655822754,0.3775358498096466,,15.309600830078125,0.0
2500,14.731344223022461,0.37874260544776917,,15.309638977050781,0.0
2999,14.731463432312012,0.37909165024757385,,15.321428298950195,0.0
