epochs,full_psnr,ssim,lpips,train_psnr,test_psnr
0,3.9881062507629395,-0.10002972930669785,,4.017902374267578,0.0
500,23.200769424438477,0.5409213900566101,,28.06337547302246,0.0
1000,23.689266204833984,0.56996750831604,,29.905576705932617,0.0
1500,24.085914611816406,0.5897215008735657,,31.92201805114746,0.0
2000,24.186878204345703,0.5917689204216003,,33.260498046875,0.0
2500,24.175643920898438,0.5888274908065796,,35.37601089477539,0.0
3000,24.067819595336914,0.5765039920806885,,37.16432189941406,0.0
3500,23.974607467651367,0.56795734167099,,37.55168533325195,0.0
3999,23.95949363708496,0.5666003823280334,,37.598960876464844,0.0
