epochs,full_psnr,ssim,lpips,train_psnr,test_psnr
0,6.216129779815674,0.5411591529846191,,6.241817474365234,0.0
500,26.78057098388672,0.7756101489067078,,32.02090835571289,0.0
1000,27.213233947753906,0.80251145362854,,33.5188102722168,0.0
1500,27.67465591430664,0.816530704498291,,35.729576110839844,0.0
2000,27.864051818847656,0.8280239105224609,,38.254425048828125,0.0
2500,28.17190170288086,0.8339239954948425,,41.28516387939453,0.0
3000,28.192188262939453,0.8272443413734436,,45.692466735839844,0.0
3500,28.171661376953125,0.8174348473548889,,52.84895324707031,0.0
3999,28.151418685913086,0.8130300641059875,,55.3638801574707,0.0
