epochs,full_psnr,ssim,lpips,train_psnr,test_psnr
0,9.131597518920898,0.1845870167016983,,9.284366607666016,0.0
500,14.726265907287598,0.3671272099018097,,15.30422592163086,0.0
1000,14.729738235473633,0.37524762749671936,,15.30799388885498,0.0
1500,14.729732513427734,0.37481412291526794,,15.30750846862793,0.0
2000,14.728702545166016,0.37275204062461853,,15.30699634552002,0.0
2500,14.729715347290039,0.37508466839790344,,15.307865142822266,0.0
2999,14.731155395507812,0.3783513307571411,,15.30958080291748,0.0
