Epoch,stable_rank_layer_0,effective_rank_layer_0,spectral_norm_layer_0,condition_number_layer_0,stable_rank_layer_1,effective_rank_layer_1,spectral_norm_layer_1,condition_number_layer_1,stable_rank_layer_2,effective_rank_layer_2,spectral_norm_layer_2,condition_number_layer_2,stable_rank_layer_3,effective_rank_layer_3,spectral_norm_layer_3,condition_number_layer_3,stable_rank_layer_4,effective_rank_layer_4,spectral_norm_layer_4,condition_number_layer_4,end_to_end_bound
0,1.8952187299728394,1.9969440698623657,7.301061153411865,1.0569037199020386,78.00289154052734,182.5413818359375,1.1328612565994263,993.1803588867188,76.36540222167969,182.15896606445312,1.1465846300125122,1128.2857666015625,75.40813446044922,181.2806854248047,1.155930519104004,449.49444580078125,2.668855667114258,2.988034725189209,0.6160396337509155,1.109543800354004,1080511.0013334116
500,1.895058512687683,1.996934175491333,7.299652099609375,1.0569982528686523,78.93203735351562,182.5062255859375,1.1348086595535278,19725.322265625,75.8487777709961,182.55357360839844,1.1702677011489868,512.1201171875,18.126895904541016,153.8538360595703,2.526061773300171,1927.002197265625,1.0707298517227173,1.280430793762207,0.869604229927063,36.54142761230469,3407184.2164458022
1000,1.8949791193008423,1.996929407119751,7.300656795501709,1.0570452213287354,78.79350280761719,182.4690704345703,1.1362563371658325,61367.83203125,75.89293670654297,182.5673370361328,1.170995831489563,880.0123901367188,18.964025497436523,151.3477020263672,2.633185386657715,2601.16943359375,1.0890872478485107,1.32949960231781,0.9141440987586975,61.41530990600586,3741189.261358867
1500,1.8947041034698486,1.9969122409820557,7.3023200035095215,1.0572075843811035,78.93460845947266,182.46829223632812,1.1358774900436401,1329.7943115234375,75.89614868164062,182.55322265625,1.1724497079849243,1150.315673828125,19.261926651000977,150.16217041015625,2.710803508758545,1035.8873291015625,1.0938832759857178,1.3416041135787964,0.9542080760002136,78.4156265258789,4024831.342908921
1999,1.894619345664978,1.996907114982605,7.30278205871582,1.0572576522827148,78.96815490722656,182.46585083007812,1.1359851360321045,820.10107421875,75.90088653564453,182.5494842529297,1.172607660293579,1163.6529541015625,19.315608978271484,149.9532470703125,2.723304271697998,954.190673828125,1.0945992469787598,1.3434048891067505,0.9600652456283569,81.53792572021484,4069402.1871732385
