epochs,full_psnr,ssim,lpips,train_psnr,test_psnr
0,4.008063316345215,0.004924483131617308,,4.024087905883789,0.0
500,18.04564666748047,0.1205732524394989,,30.785491943359375,0.0
1000,17.619674682617188,0.10773342102766037,,35.352272033691406,0.0
1500,17.244413375854492,0.09831134229898453,,36.44462203979492,0.0
1999,17.19091796875,0.09703799337148666,,36.582908630371094,0.0
