Epoch,stable_rank_layer_0,effective_rank_layer_0,spectral_norm_layer_0,condition_number_layer_0,stable_rank_layer_1,effective_rank_layer_1,spectral_norm_layer_1,condition_number_layer_1,stable_rank_layer_2,effective_rank_layer_2,spectral_norm_layer_2,condition_number_layer_2,stable_rank_layer_3,effective_rank_layer_3,spectral_norm_layer_3,condition_number_layer_3,stable_rank_layer_4,effective_rank_layer_4,spectral_norm_layer_4,condition_number_layer_4,end_to_end_bound
0,1.882995843887329,1.9961402416229248,7.336071491241455,1.064193606376648,77.8885269165039,182.5537567138672,1.1332093477249146,1085.11328125,76.52333068847656,182.20997619628906,1.1451460123062134,7728.83447265625,75.47364044189453,181.28292846679688,1.1518621444702148,618.8187866210938,1.8438235521316528,2.732632875442505,0.915947675704956,1.606065273284912,10.043977678636383
500,1.8641064167022705,1.9946879148483276,16.608064651489258,1.0757625102996826,55.593910217285156,166.22262573242188,1.5640894174575806,19346.666015625,54.40762710571289,166.15652465820312,1.5624793767929077,810.2190551757812,55.15121078491211,172.5481414794922,1.4470287561416626,3321.739013671875,1.0889967679977417,1.3704084157943726,8.749504089355469,9.16673469543457,513.872643717014
1000,1.8678621053695679,1.9949976205825806,18.91162109375,1.073432207107544,41.67915344238281,142.17910766601562,2.1522467136383057,1825.9466552734375,42.367523193359375,143.24256896972656,2.0925452709198,1296.704345703125,36.042606353759766,152.24981689453125,1.9846720695495605,1075.508544921875,1.0422172546386719,1.2081406116485596,12.034110069274902,11.248727798461914,2034.2223004986479
1500,1.8746464252471924,1.995530366897583,19.704391479492188,1.069261074066162,38.33172607421875,133.65365600585938,2.4309399127960205,5272.0927734375,39.630706787109375,134.7558135986328,2.356759548187256,2824.8720703125,32.04436111450195,141.4593048095703,2.2400481700897217,714.1251831054688,1.039121150970459,1.196189045906067,13.646040916442871,11.356963157653809,3450.774288363784
1999,1.8767918348312378,1.9956918954849243,19.847749710083008,1.067952036857605,38.25645446777344,132.72659301757812,2.474064826965332,6767.81005859375,39.6208381652832,133.85118103027344,2.3998329639434814,2946.953369140625,31.699148178100586,139.5943603515625,2.2858917713165283,463.1483459472656,1.0398365259170532,1.20267915725708,14.544051170349121,9.797127723693848,3917.8194895042507
