Epoch,stable_rank_layer_0,effective_rank_layer_0,spectral_norm_layer_0,condition_number_layer_0,stable_rank_layer_1,effective_rank_layer_1,spectral_norm_layer_1,condition_number_layer_1,stable_rank_layer_2,effective_rank_layer_2,spectral_norm_layer_2,condition_number_layer_2,stable_rank_layer_3,effective_rank_layer_3,spectral_norm_layer_3,condition_number_layer_3,stable_rank_layer_4,effective_rank_layer_4,spectral_norm_layer_4,condition_number_layer_4,end_to_end_bound
0,1.8750540018081665,1.9955613613128662,5.171485424041748,1.069011926651001,76.396240234375,182.35330200195312,0.0702434703707695,299.19146728515625,77.5235824584961,182.54226684570312,0.06965219974517822,418.28900146484375,77.67288970947266,181.7504119873047,0.06921616196632385,820.8975830078125,1.0032005310058594,1.024014949798584,0.9032906889915466,25.521671295166016,4049.777044981884
500,1.8728408813476562,1.9953919649124146,6.099040508270264,1.070366382598877,44.00567626953125,155.338134765625,0.2662685811519623,620.3182373046875,14.731867790222168,139.17210388183594,0.4958741366863251,1231.5296630859375,12.348123550415039,87.52757263183594,0.7036253809928894,22039.228515625,1.1818245649337769,1.6860077381134033,0.32330936193466187,4.333540916442871,468978.1854250059
1000,1.872762680053711,1.995385766029358,6.100380897521973,1.070414423942566,44.76883316040039,155.62289428710938,0.2670735716819763,2347.7724609375,18.123170852661133,145.89263916015625,0.4425696134567261,5121.58349609375,13.186622619628906,94.90509796142578,0.6874943375587463,49714.1796875,1.2401267290115356,1.8486862182617188,0.31303492188453674,3.5432169437408447,397256.79981472855
1500,1.8728524446487427,1.9953926801681519,6.100301742553711,1.0703593492507935,45.14703369140625,155.63870239257812,0.26779359579086304,597.0284423828125,18.73044204711914,146.83399963378906,0.43616029620170593,6180.9794921875,13.92110538482666,99.00430297851562,0.6893383860588074,20012.099609375,1.2593177556991577,1.8971465826034546,0.3163868188858032,3.373218536376953,397821.67659105494
1999,1.872908592224121,1.9953970909118652,6.1002678871154785,1.0703247785568237,45.19281768798828,155.8571319580078,0.26816025376319885,731.5540771484375,18.61623764038086,146.66668701171875,0.43840292096138,2243.501953125,13.991427421569824,99.41729736328125,0.6980688571929932,12457.31640625,1.2607671022415161,1.900714635848999,0.319915771484375,3.3615000247955322,410006.3977648121
