epochs,full_psnr,ssim,lpips,train_psnr,test_psnr
0,7.013458728790283,0.2838958501815796,,7.12825345993042,0.0
500,21.552932739257812,0.5389477610588074,,28.115753173828125,0.0
1000,22.041393280029297,0.5713158845901489,,31.92448616027832,0.0
1500,22.210676193237305,0.5682485699653625,,38.12743377685547,0.0
1999,22.165367126464844,0.5543623566627502,,41.11048889160156,0.0
