Epoch,stable_rank_layer_0,effective_rank_layer_0,spectral_norm_layer_0,condition_number_layer_0,stable_rank_layer_1,effective_rank_layer_1,spectral_norm_layer_1,condition_number_layer_1,stable_rank_layer_2,effective_rank_layer_2,spectral_norm_layer_2,condition_number_layer_2,stable_rank_layer_3,effective_rank_layer_3,spectral_norm_layer_3,condition_number_layer_3,stable_rank_layer_4,effective_rank_layer_4,spectral_norm_layer_4,condition_number_layer_4,end_to_end_bound
0,1.8454177379608154,1.9929873943328857,5.205366611480713,1.087587833404541,76.32125091552734,182.10321044921875,0.07029261440038681,453.9518127441406,77.139892578125,182.44888305664062,0.0699494481086731,487.6574401855469,77.87005615234375,181.24014282226562,0.06909296661615372,1481.4825439453125,1.003196120262146,1.0239859819412231,0.9033270478248596,25.50893783569336,inf
500,1.760258674621582,1.9814789295196533,7.907283782958984,1.146883487701416,82.10480499267578,186.22772216796875,0.61211758852005,734.9893188476562,69.83685302734375,194.908203125,0.8206231594085693,966.8178100585938,72.01814270019531,190.27516174316406,0.972601056098938,34441.80078125,1.0000110864639282,1.000144362449646,0.4337027966976166,551.1869506835938,inf
1000,1.8311430215835571,1.9915026426315308,13.891324996948242,1.0968875885009766,79.51884460449219,183.57330322265625,0.8198885321617126,595.2679443359375,76.86865234375,187.39456176757812,0.9505231976509094,4916.255859375,73.46773529052734,186.05677795410156,1.1137478351593018,13439.8212890625,1.000006914138794,1.000092625617981,0.4711008071899414,776.509765625,inf
1500,1.7493025064468384,1.9794962406158447,23.769208908081055,1.1552377939224243,77.77919006347656,182.1558380126953,0.994533121585846,2151.174072265625,80.33186340332031,185.10177612304688,1.0691137313842773,6801.57568359375,78.78041076660156,184.15203857421875,1.214229702949524,666398.3125,1.0000050067901611,1.000069260597229,0.4828135371208191,968.4586791992188,inf
1999,1.783669352531433,1.985308051109314,25.64533805847168,1.1296231746673584,77.74858856201172,182.1434326171875,1.033970594406128,673.6946411132812,79.77861022949219,184.13323974609375,1.1094237565994263,423.5242919921875,80.66552734375,183.46620178222656,1.234325885772705,6580.39892578125,1.0000020265579224,1.0000300407409668,0.4791198670864105,1300.100341796875,inf
