epochs,full_psnr,ssim,lpips,train_psnr,test_psnr
0,6.188687801361084,0.11140879988670349,,6.285294532775879,0.0
500,13.116964340209961,0.31818318367004395,,13.628300666809082,0.0
1000,13.118001937866211,0.3200210630893707,,13.629852294921875,0.0
1500,13.119375228881836,0.3239941895008087,,13.631176948547363,0.0
1999,13.123651504516602,0.335103839635849,,13.635799407958984,0.0
