epochs,full_psnr,ssim,lpips,train_psnr,test_psnr
0,6.216129779815674,0.5411591529846191,,6.241817474365234,0.0
500,26.642114639282227,0.7582964897155762,,31.34263038635254,0.0
1000,27.076032638549805,0.782963752746582,,32.452083587646484,0.0
1500,27.060108184814453,0.793337881565094,,33.132755279541016,0.0
2000,26.91012954711914,0.7957868576049805,,33.02704620361328,0.0
2500,27.29057502746582,0.8046069741249084,,33.16881561279297,0.0
3000,27.676986694335938,0.8300371766090393,,36.50151824951172,0.0
3500,28.113706588745117,0.8464577794075012,,40.91447830200195,0.0
3999,28.302448272705078,0.8458857536315918,,48.520050048828125,0.0
