epochs,full_psnr,ssim,lpips,train_psnr,test_psnr
0,3.541609048843384,0.2244684249162674,,3.580869197845459,0.0
500,22.82540512084961,0.5078185200691223,,29.735809326171875,0.0
1000,23.07328987121582,0.5282055735588074,,31.110488891601562,0.0
1500,23.274913787841797,0.5438241958618164,,32.4105110168457,0.0
2000,23.438568115234375,0.5562391877174377,,34.10843276977539,0.0
2500,23.561912536621094,0.5647472143173218,,36.11992263793945,0.0
3000,23.596723556518555,0.5590190291404724,,38.36330795288086,0.0
3500,23.551803588867188,0.5398752093315125,,42.58219909667969,0.0
3999,23.509307861328125,0.5278180241584778,,44.411434173583984,0.0
