epochs,full_psnr,ssim,lpips,train_psnr,test_psnr
0,5.735726356506348,0.09776125103235245,,5.822532653808594,0.0
500,19.423635482788086,0.4754779040813446,,22.653240203857422,0.0
1000,20.001834869384766,0.5080286860466003,,23.595272064208984,0.0
1500,20.75309944152832,0.5598447918891907,,25.9884033203125,0.0
2000,21.245967864990234,0.5663976669311523,,29.557626724243164,0.0
2500,21.086421966552734,0.5211624503135681,,36.099246978759766,0.0
2999,20.943923950195312,0.5012998580932617,,40.370296478271484,0.0
