Epoch,stable_rank_layer_0,effective_rank_layer_0,spectral_norm_layer_0,condition_number_layer_0,stable_rank_layer_1,effective_rank_layer_1,spectral_norm_layer_1,condition_number_layer_1,stable_rank_layer_2,effective_rank_layer_2,spectral_norm_layer_2,condition_number_layer_2,stable_rank_layer_3,effective_rank_layer_3,spectral_norm_layer_3,condition_number_layer_3,stable_rank_layer_4,effective_rank_layer_4,spectral_norm_layer_4,condition_number_layer_4,end_to_end_bound
0,1.9067625999450684,1.9976093769073486,7.304179668426514,1.050154447555542,77.89068603515625,182.55149841308594,1.1331971883773804,999.307861328125,76.51313781738281,182.20997619628906,1.1451828479766846,5705.2412109375,75.46617889404297,181.2848358154297,1.152369737625122,654.876953125,1.719454288482666,2.616194725036621,0.7717801332473755,1.8593641519546509,1348829.9259206052
500,1.943608045578003,1.9991583824157715,7.934641361236572,1.0294474363327026,77.57141876220703,182.12075805664062,1.1357282400131226,839.9359741210938,73.86897277832031,180.54861450195312,1.1176401376724243,1628.819580078125,58.37158966064453,161.48458862304688,1.1146252155303955,1550.361572265625,1.5437010526657104,2.3955368995666504,0.6742045879364014,2.3399927616119385,1211000.3439592614
1000,1.9643503427505493,1.9996707439422607,8.102116584777832,1.0183160305023193,76.98048400878906,181.0115203857422,1.1515700817108154,1880.78125,71.5884780883789,178.94175720214844,1.1271681785583496,18830.1796875,54.07769775390625,154.0197296142578,1.2126489877700806,3086.320068359375,1.4675668478012085,2.2799806594848633,0.7511935830116272,2.608099937438965,1532796.6462668509
1500,1.9752497673034668,1.999842882156372,8.212599754333496,1.0126097202301025,73.85574340820312,179.53866577148438,1.2015118598937988,652.723388671875,70.3307113647461,176.8728790283203,1.1506201028823853,1516.494384765625,45.95186233520508,148.7698974609375,1.3874917030334473,3708.464111328125,1.3964399099349976,2.156144857406616,0.8655217289924622,2.933603525161743,2181569.383505431
1999,1.974876880645752,1.99983811378479,8.209087371826172,1.012803316116333,72.4004135131836,179.30902099609375,1.2220340967178345,1737.739013671875,69.8944320678711,176.06959533691406,1.1673598289489746,2293.95361328125,45.52263641357422,147.43350219726562,1.4959670305252075,2686.79931640625,1.3571592569351196,2.0774285793304443,0.9888248443603516,3.190798759460449,2771687.865318962
