epochs,full_psnr,ssim,lpips,train_psnr,test_psnr
0,9.484604835510254,0.024740001186728477,,9.531314849853516,0.0
500,26.439762115478516,0.7796680331230164,,29.059036254882812,0.0
1000,27.15855598449707,0.8024475574493408,,28.09136199951172,0.0
1500,27.544689178466797,0.820461094379425,,34.220096588134766,0.0
1999,29.106201171875,0.8241443634033203,,44.65610122680664,0.0
