Epoch,stable_rank_layer_0,effective_rank_layer_0,spectral_norm_layer_0,condition_number_layer_0,stable_rank_layer_1,effective_rank_layer_1,spectral_norm_layer_1,condition_number_layer_1,stable_rank_layer_2,effective_rank_layer_2,spectral_norm_layer_2,condition_number_layer_2,stable_rank_layer_3,effective_rank_layer_3,spectral_norm_layer_3,condition_number_layer_3,stable_rank_layer_4,effective_rank_layer_4,spectral_norm_layer_4,condition_number_layer_4,end_to_end_bound
0,1.8950055837631226,1.9969309568405151,7.301668167114258,1.0570296049118042,77.985595703125,182.5283203125,1.1329212188720703,1007.4029541015625,76.45028686523438,182.18991088867188,1.1459643840789795,1530.673583984375,75.43333435058594,181.29856872558594,1.156150221824646,1333.10986328125,2.6767330169677734,2.988666534423828,0.6120707988739014,1.1064268350601196,1073319.0387467344
500,1.8944283723831177,1.9968953132629395,7.304089069366455,1.0573705434799194,78.24658966064453,182.26792907714844,1.1404880285263062,307.12774658203125,76.76994323730469,182.1253662109375,1.150428056716919,7409.75732421875,36.2958869934082,166.43605041503906,1.87037193775177,1147.1231689453125,1.2668107748031616,1.6784248352050781,0.7940475940704346,42.918609619140625,2277250.2110584704
1000,1.8945099115371704,1.9969004392623901,7.304778575897217,1.0573222637176514,78.13814544677734,182.2418670654297,1.1427297592163086,280.4107666015625,76.74769592285156,182.0921173095703,1.1524380445480347,103428.171875,37.25285339355469,164.42086791992188,1.9778602123260498,1027.770751953125,1.302168369293213,1.7228106260299683,0.8668376207351685,51.63335418701172,2638891.3439946515
1500,1.894500970840454,1.9968996047973633,7.3056182861328125,1.0573276281356812,78.38456726074219,182.22274780273438,1.1416630744934082,256.3240661621094,76.77165985107422,182.0908966064453,1.1536552906036377,193702.40625,37.53963088989258,163.3295440673828,2.0527377128601074,4554.32666015625,1.3126282691955566,1.7350095510482788,0.9162228107452393,53.84462356567383,2895513.122100436
1999,1.894500494003296,1.9968997240066528,7.305838108062744,1.0573278665542603,78.45413208007812,182.2156219482422,1.1413336992263794,255.8505859375,76.7676773071289,182.09158325195312,1.153829574584961,400053.875,37.574363708496094,163.1433563232422,2.0636425018310547,18533.306640625,1.3138786554336548,1.7364511489868164,0.9223522543907166,53.9973030090332,2930053.9125806238
