epochs,full_psnr,ssim,lpips,train_psnr,test_psnr
0,10.116231918334961,0.6514436602592468,,10.179658889770508,0.0
500,22.583843231201172,0.7713103294372559,,23.834529876708984,0.0
1000,23.914493560791016,0.7793285846710205,,25.73883056640625,0.0
1500,24.614294052124023,0.7857260704040527,,26.81603240966797,0.0
2000,25.02057647705078,0.7901585102081299,,27.57933807373047,0.0
2500,25.358383178710938,0.7940899729728699,,28.195545196533203,0.0
3000,25.572816848754883,0.7968940734863281,,28.62849998474121,0.0
3500,25.665681838989258,0.7981751561164856,,28.825695037841797,0.0
3999,25.681102752685547,0.7984257340431213,,28.85908317565918,0.0
