epochs,full_psnr,ssim,lpips,train_psnr,test_psnr
0,10.116034507751465,0.6514373421669006,,10.179460525512695,0.0
500,22.415298461914062,0.7699728012084961,,23.629779815673828,0.0
1000,23.895545959472656,0.7790831923484802,,25.708110809326172,0.0
1500,20.037919998168945,0.7601134777069092,,20.696842193603516,0.0
2000,22.584543228149414,0.7708336710929871,,23.85651397705078,0.0
2500,23.723751068115234,0.7774834036827087,,25.46352767944336,0.0
3000,24.387714385986328,0.7821342349052429,,26.483806610107422,0.0
3500,24.85420036315918,0.7868366241455078,,27.284526824951172,0.0
3999,25.11203384399414,0.7891908288002014,,27.739561080932617,0.0
