Epoch,stable_rank_layer_0,effective_rank_layer_0,spectral_norm_layer_0,condition_number_layer_0,stable_rank_layer_1,effective_rank_layer_1,spectral_norm_layer_1,condition_number_layer_1,stable_rank_layer_2,effective_rank_layer_2,spectral_norm_layer_2,condition_number_layer_2,stable_rank_layer_3,effective_rank_layer_3,spectral_norm_layer_3,condition_number_layer_3,stable_rank_layer_4,effective_rank_layer_4,spectral_norm_layer_4,condition_number_layer_4,end_to_end_bound
0,1.89066481590271,1.9966566562652588,7.295135974884033,1.05960214138031,77.90028381347656,182.5557403564453,1.1331443786621094,986.1309204101562,76.52499389648438,182.21092224121094,1.145107626914978,8371.1787109375,75.46045684814453,181.28939819335938,1.152467966079712,688.046875,1.7423408031463623,2.6547062397003174,0.7575603723526001,1.7055134773254395,1322303.1764571702
500,1.930332064628601,1.9986977577209473,7.904506683349609,1.0367666482925415,75.271484375,181.77667236328125,1.1715317964553833,500.8643493652344,73.63536071777344,180.29251098632812,1.1465258598327637,629.3663330078125,67.81700134277344,174.39295959472656,1.1917253732681274,464.88555908203125,1.4233864545822144,2.0545382499694824,0.7226046323776245,4.368216037750244,1462883.0773545902
1000,1.925376534461975,1.9984980821609497,8.137900352478027,1.0395389795303345,73.78799438476562,180.8732147216797,1.1881847381591797,546.209228515625,74.0390396118164,179.74252319335938,1.140054702758789,10297.2421875,66.80157470703125,169.51560974121094,1.3227312564849854,1010.3641357421875,1.352556824684143,1.9622079133987427,0.8656354546546936,4.685244560241699,2019522.343850643
1500,1.9219821691513062,1.9983524084091187,8.299575805664062,1.0414507389068604,72.8228530883789,179.93927001953125,1.2056668996810913,424.224365234375,73.40937805175781,178.9694061279297,1.1511049270629883,2476.207275390625,63.227542877197266,165.9484405517578,1.4686352014541626,1990.17138671875,1.2661014795303345,1.8092998266220093,1.0860849618911743,5.506417274475098,2939651.6095730723
1999,1.9212108850479126,1.9983184337615967,8.311188697814941,1.0418866872787476,72.54312896728516,179.89901733398438,1.2172420024871826,553.4686279296875,72.91800689697266,178.9730682373047,1.1817528009414673,2714.52587890625,63.53659439086914,166.09268188476562,1.6118578910827637,1356.496826171875,1.1700807809829712,1.584816813468933,1.644973635673523,7.83421516418457,5071919.909816671
