epochs,full_psnr,ssim,lpips,train_psnr,test_psnr
0,9.201464653015137,0.021213823929429054,,9.412103652954102,0.0
500,20.63082504272461,0.39538440108299255,,26.086885452270508,0.0
1000,20.79132843017578,0.40667998790740967,,26.413347244262695,0.0
1500,21.455801010131836,0.45552802085876465,,28.5601806640625,0.0
1999,21.729774475097656,0.474901407957077,,35.08000183105469,0.0
