epochs,full_psnr,ssim,lpips,train_psnr,test_psnr
0,10.116231918334961,0.6514436602592468,,10.179658889770508,0.0
500,22.61077880859375,0.7712424397468567,,23.87088966369629,0.0
1000,24.000709533691406,0.7795603275299072,,25.862424850463867,0.0
1500,24.636646270751953,0.7853829264640808,,26.89704704284668,0.0
2000,25.036680221557617,0.7896179556846619,,27.589305877685547,0.0
2500,25.216768264770508,0.7918119430541992,,27.932865142822266,0.0
2999,25.246490478515625,0.7922151684761047,,27.9910945892334,0.0
