epochs,full_psnr,ssim,lpips,train_psnr,test_psnr
0,6.383853912353516,0.412371963262558,,6.405793190002441,0.0
500,18.462493896484375,0.262279212474823,,19.401905059814453,0.0
1000,22.134130477905273,0.4443444311618805,,23.354055404663086,0.0
1500,23.88486671447754,0.5865161418914795,,25.4066104888916,0.0
2000,24.3198184967041,0.6367251873016357,,25.9102840423584,0.0
2500,24.030292510986328,0.6760234832763672,,25.44939422607422,0.0
3000,25.321866989135742,0.7305895686149597,,27.329265594482422,0.0
3500,27.839784622192383,0.799827516078949,,32.194828033447266,0.0
3999,27.9244384765625,0.7217044830322266,,38.59779357910156,0.0
