epochs,full_psnr,ssim,lpips,train_psnr,test_psnr
0,10.59957504272461,0.30678802728652954,,10.882513046264648,0.0
500,16.308189392089844,0.3622159957885742,,17.460004806518555,0.0
1000,17.42639923095703,0.3726861774921417,,18.970304489135742,0.0
1500,16.007259368896484,0.35971784591674805,,17.073270797729492,0.0
2000,17.15780258178711,0.36839231848716736,,18.61005973815918,0.0
2500,17.911163330078125,0.37689557671546936,,19.7177791595459,0.0
2999,18.30146026611328,0.38251397013664246,,20.3415584564209,0.0
