epochs,full_psnr,ssim,lpips,train_psnr,test_psnr
0,13.180333137512207,0.25413814187049866,,13.35708999633789,0.0
500,19.941003799438477,0.37803447246551514,,20.852943420410156,0.0
1000,21.258344650268555,0.39750853180885315,,22.529573440551758,0.0
1500,21.73733901977539,0.40934792160987854,,23.19910430908203,0.0
2000,22.039634704589844,0.42193567752838135,,23.641372680664062,0.0
2500,22.64531135559082,0.4377262592315674,,24.569725036621094,0.0
2999,22.92302894592285,0.44837284088134766,,25.032146453857422,0.0
