epochs,full_psnr,ssim,lpips,train_psnr,test_psnr
0,9.201464653015137,0.021213823929429054,,9.412103652954102,0.0
500,20.63082504272461,0.39538440108299255,,26.086885452270508,0.0
1000,20.79132843017578,0.40667998790740967,,26.413347244262695,0.0
1500,21.074626922607422,0.4330669641494751,,27.095556259155273,0.0
2000,20.59389877319336,0.4091639518737793,,26.52226448059082,0.0
2500,21.382169723510742,0.4620392322540283,,30.348339080810547,0.0
2999,21.734792709350586,0.4766368567943573,,36.21919631958008,0.0
