Epoch,stable_rank_layer_0,effective_rank_layer_0,spectral_norm_layer_0,condition_number_layer_0,stable_rank_layer_1,effective_rank_layer_1,spectral_norm_layer_1,condition_number_layer_1,stable_rank_layer_2,effective_rank_layer_2,spectral_norm_layer_2,condition_number_layer_2,stable_rank_layer_3,effective_rank_layer_3,spectral_norm_layer_3,condition_number_layer_3,stable_rank_layer_4,effective_rank_layer_4,spectral_norm_layer_4,condition_number_layer_4,end_to_end_bound
0,1.8454177379608154,1.9929873943328857,5.205366611480713,1.087587833404541,76.24855041503906,182.07891845703125,0.07031534612178802,572.7196044921875,77.21675872802734,182.43115234375,0.06990769505500793,399.0308532714844,77.52460479736328,181.48350524902344,0.06922855973243713,1683.295166015625,1.003196120262146,1.0239859819412231,0.9033270478248596,25.50893783569336,inf
500,1.8468950986862183,1.9931317567825317,7.460246562957764,1.0866386890411377,88.75206756591797,193.95223999023438,0.5532956123352051,120438.4765625,80.51709747314453,197.15635681152344,0.687482476234436,523.230712890625,90.47686767578125,196.20350646972656,0.9270578622817993,6011.64697265625,1.0000646114349365,1.0007060766220093,0.5758973360061646,445.585693359375,inf
1000,1.8222630023956299,1.9904941320419312,9.219603538513184,1.1027946472167969,82.97258758544922,187.9922332763672,0.6612825393676758,9895.822265625,80.4859619140625,192.02537536621094,0.7648667693138123,978.09326171875,90.9392318725586,193.05531311035156,0.9934634566307068,7026.7861328125,1.0000559091567993,1.000617265701294,0.5796968936920166,511.07000732421875,inf
1500,1.845284342765808,1.9929744005203247,9.638733863830566,1.0876736640930176,82.52247619628906,187.0709991455078,0.6826782822608948,356.9814147949219,80.78795623779297,190.72682189941406,0.781140148639679,483.5509338378906,89.76941680908203,192.2841339111328,1.0152344703674316,15323.9013671875,1.0000534057617188,1.0005906820297241,0.5779905319213867,549.7090454101562,inf
1999,1.8514362573623657,1.9935646057128906,9.629484176635742,1.0837370157241821,82.14911651611328,187.02142333984375,0.6848746538162231,630.7523803710938,80.88681030273438,190.7384490966797,0.7815629243850708,399.0694580078125,89.68653106689453,192.25296020507812,1.016176700592041,55843.1328125,1.0000532865524292,1.0005900859832764,0.5756794214248657,560.192626953125,inf
