epochs,full_psnr,ssim,lpips,train_psnr,test_psnr
0,5.981863975524902,0.015673823654651642,,6.102511405944824,0.0
500,19.093822479248047,0.5156092047691345,,23.17383575439453,0.0
1000,19.518402099609375,0.5352711081504822,,23.894371032714844,0.0
1500,20.893346786499023,0.5872618556022644,,26.24393653869629,0.0
2000,21.42697525024414,0.5958765745162964,,29.352218627929688,0.0
2500,21.40805435180664,0.5877652764320374,,35.01631546020508,0.0
3000,21.39382553100586,0.5714750289916992,,37.82742691040039,0.0
3500,21.308792114257812,0.5550718903541565,,38.75996780395508,0.0
3999,21.287994384765625,0.551180362701416,,38.906959533691406,0.0
