Epoch,stable_rank_layer_0,effective_rank_layer_0,spectral_norm_layer_0,condition_number_layer_0,stable_rank_layer_1,effective_rank_layer_1,spectral_norm_layer_1,condition_number_layer_1,stable_rank_layer_2,effective_rank_layer_2,spectral_norm_layer_2,condition_number_layer_2,stable_rank_layer_3,effective_rank_layer_3,spectral_norm_layer_3,condition_number_layer_3,stable_rank_layer_4,effective_rank_layer_4,spectral_norm_layer_4,condition_number_layer_4,end_to_end_bound
0,1.8513197898864746,1.993553638458252,5.207705497741699,1.0838111639022827,76.36278533935547,182.18919372558594,0.07021286338567734,938.4259033203125,77.21942138671875,182.45262145996094,0.06977701932191849,299.19830322265625,77.67463684082031,181.70924377441406,0.06922423839569092,1423.177490234375,1.0086669921875,1.0563889741897583,0.9006854295730591,18.799667358398438,inf
500,1.8845127820968628,1.9962457418441772,6.33320426940918,1.0632808208465576,61.89036560058594,152.07017517089844,0.34823453426361084,547.3591918945312,27.242595672607422,137.99862670898438,0.8316804766654968,19683.201171875,37.35109329223633,126.58189392089844,0.9137892127037048,53571.33203125,1.0883677005767822,1.3391505479812622,0.40655800700187683,20.112886428833008,inf
1000,1.8843985795974731,1.9962376356124878,6.333749771118164,1.0633494853973389,61.634464263916016,153.28794860839844,0.34891799092292786,1077.832763671875,29.246994018554688,143.76412963867188,0.8424550294876099,2458.126220703125,42.26261901855469,139.8798065185547,0.9384249448776245,49584.953125,1.0971612930297852,1.3863087892532349,0.4343457818031311,10.504059791564941,inf
1500,1.8843050003051758,1.996231198310852,6.333886623382568,1.0634057521820068,61.86294937133789,153.3565216064453,0.34812772274017334,2667.102294921875,30.015621185302734,144.97750854492188,0.8180738687515259,45221.140625,43.63943099975586,143.76962280273438,0.9502553343772888,50911.140625,1.128702163696289,1.5325487852096558,0.45662492513656616,4.87349796295166,inf
1999,1.8843045234680176,1.996231198310852,6.333830833435059,1.063405990600586,61.87986373901367,153.34182739257812,0.34816792607307434,1797.0301513671875,30.131013870239258,145.24459838867188,0.8197112083435059,7386.27880859375,43.818626403808594,143.98902893066406,0.9490105509757996,15558.501953125,1.1444170475006104,1.5907678604125977,0.46180459856987,4.139728546142578,inf
