epochs,full_psnr,ssim,lpips,train_psnr,test_psnr
0,9.757268905639648,0.1106753870844841,,9.840041160583496,0.0
500,21.5045166015625,0.41855254769325256,,23.900358200073242,0.0
1000,22.278308868408203,0.4443191587924957,,25.959196090698242,0.0
1500,22.25590705871582,0.41076627373695374,,29.929698944091797,0.0
1999,21.49968147277832,0.34237489104270935,,36.634849548339844,0.0
