Epoch,stable_rank_layer_0,effective_rank_layer_0,spectral_norm_layer_0,condition_number_layer_0,stable_rank_layer_1,effective_rank_layer_1,spectral_norm_layer_1,condition_number_layer_1,stable_rank_layer_2,effective_rank_layer_2,spectral_norm_layer_2,condition_number_layer_2,stable_rank_layer_3,effective_rank_layer_3,spectral_norm_layer_3,condition_number_layer_3,stable_rank_layer_4,effective_rank_layer_4,spectral_norm_layer_4,condition_number_layer_4,end_to_end_bound
0,1.8766460418701172,1.9956809282302856,7.329784393310547,1.0680408477783203,77.87464141845703,182.55853271484375,1.1333191394805908,1006.2516479492188,76.5280990600586,182.20596313476562,1.1450849771499634,14802.73046875,75.47494506835938,181.2862091064453,1.1521867513656616,645.6981201171875,1.7404346466064453,2.656052589416504,0.8530828356742859,1.6533056497573853,1495943.5440520237
500,1.8882040977478027,1.9964954853057861,8.180160522460938,1.0610690116882324,76.16024780273438,182.3173065185547,1.1598961353302002,595.856689453125,75.2635498046875,181.53135681152344,1.1383579969406128,1447.0325927734375,61.03972625732422,171.08261108398438,1.1339701414108276,1203.628173828125,1.3483445644378662,1.828510046005249,0.6284514665603638,10.290199279785156,1231553.0845115418
1000,1.8790383338928223,1.9958574771881104,8.442829132080078,1.0665866136550903,74.31641387939453,181.34811401367188,1.1878215074539185,1437.131591796875,75.72821807861328,181.05149841308594,1.1366658210754395,372.94134521484375,61.39499282836914,168.04844665527344,1.1845247745513916,3424.739990234375,1.5091588497161865,2.3082149028778076,0.724393367767334,2.6909162998199463,1564986.4527092935
1500,1.8694963455200195,1.9951289892196655,8.634716033935547,1.072422981262207,72.4725570678711,180.19924926757812,1.231357216835022,1131.578369140625,75.44021606445312,180.42572021484375,1.155881643295288,7707.54296875,59.0036735534668,163.9837188720703,1.2994815111160278,79521.7734375,1.4317771196365356,2.2235774993896484,0.9234439134597778,2.7291014194488525,2359641.8877989314
1999,1.8694020509719849,1.9951214790344238,8.637361526489258,1.0724811553955078,71.61742401123047,179.73841857910156,1.2499752044677734,2582.85107421875,73.79712677001953,180.1190185546875,1.1929746866226196,1312.3846435546875,59.37577438354492,164.01242065429688,1.433642864227295,2510.07666015625,1.2579352855682373,1.8824520111083984,1.3003263473510742,3.5948705673217773,3841731.8393872646
