epochs,full_psnr,ssim,lpips,train_psnr,test_psnr
0,5.983178615570068,0.01567581295967102,,6.103267669677734,0.0
500,18.53466796875,0.49818822741508484,,22.508548736572266,0.0
1000,19.412343978881836,0.5443307757377625,,23.197139739990234,0.0
1500,20.3621826171875,0.5836929678916931,,27.347694396972656,0.0
1999,21.50834846496582,0.5898466110229492,,37.91876983642578,0.0
