epochs,full_psnr,ssim,lpips,train_psnr,test_psnr
0,10.23476505279541,0.28681811690330505,,10.491318702697754,0.0
500,15.835044860839844,0.3483949601650238,,16.8460636138916,0.0
1000,16.211322784423828,0.35329756140708923,,17.32377815246582,0.0
1500,16.023221969604492,0.35198187828063965,,17.08416175842285,0.0
2000,16.41379165649414,0.35769566893577576,,17.590946197509766,0.0
2500,16.808225631713867,0.36350926756858826,,18.117706298828125,0.0
2999,17.05753517150879,0.3682146966457367,,18.46135711669922,0.0
