Epoch,stable_rank_layer_0,effective_rank_layer_0,spectral_norm_layer_0,condition_number_layer_0,stable_rank_layer_1,effective_rank_layer_1,spectral_norm_layer_1,condition_number_layer_1,stable_rank_layer_2,effective_rank_layer_2,spectral_norm_layer_2,condition_number_layer_2,stable_rank_layer_3,effective_rank_layer_3,spectral_norm_layer_3,condition_number_layer_3,stable_rank_layer_4,effective_rank_layer_4,spectral_norm_layer_4,condition_number_layer_4,end_to_end_bound
0,1.8878896236419678,1.9964746236801147,7.3239898681640625,1.0612568855285645,77.86943054199219,182.55348205566406,1.1333627700805664,923.8128662109375,76.51216888427734,182.2065887451172,1.145183801651001,11488.673828125,75.46491241455078,181.29139709472656,1.1525431871414185,732.7404174804688,1.8008986711502075,2.703644037246704,0.6760607361793518,1.6258450746536255,1185099.3997239675
500,1.8368204832077026,1.9921131134033203,8.102850914001465,1.0931602716445923,78.13961029052734,182.11903381347656,1.140335202217102,779.55615234375,75.57398986816406,181.0807647705078,1.1424462795257568,707.2490844726562,66.04121398925781,170.93795776367188,1.1700090169906616,6675.271484375,1.1984730958938599,1.6825181245803833,0.6403687000274658,5.700099945068359,1265451.3543301676
1000,1.8353934288024902,1.99196195602417,8.178467750549316,1.0940935611724854,77.75581359863281,181.88453674316406,1.1448241472244263,712.5799560546875,75.09933471679688,180.61940002441406,1.15812087059021,2794.569580078125,65.46111297607422,169.0355224609375,1.2703598737716675,1921.2857666015625,1.1459914445877075,1.5638070106506348,0.8082114458084106,5.691275119781494,1781297.1028314426
1500,1.8343887329101562,1.9918549060821533,8.180270195007324,1.0947520732879639,77.44189453125,181.86093139648438,1.1499637365341187,5712.0390625,74.5121078491211,180.2705841064453,1.1778613328933716,1671.4224853515625,64.7145004272461,167.2342071533203,1.388486623764038,5860.60400390625,1.1141523122787476,1.4701130390167236,0.9726989269256592,6.21073055267334,2394341.420496285
1999,1.8344513177871704,1.9918614625930786,8.17911148071289,1.0947110652923584,77.64220428466797,181.83848571777344,1.150282859802246,4105.2265625,74.4744644165039,180.1439208984375,1.1831719875335693,2730.288330078125,64.60057830810547,166.60653686523438,1.421651005744934,1397.6807861328125,1.1079767942428589,1.450628399848938,1.0118426084518433,6.346789360046387,2562032.282784783
