Epoch,stable_rank_layer_0,effective_rank_layer_0,spectral_norm_layer_0,condition_number_layer_0,stable_rank_layer_1,effective_rank_layer_1,spectral_norm_layer_1,condition_number_layer_1,stable_rank_layer_2,effective_rank_layer_2,spectral_norm_layer_2,condition_number_layer_2,stable_rank_layer_3,effective_rank_layer_3,spectral_norm_layer_3,condition_number_layer_3,stable_rank_layer_4,effective_rank_layer_4,spectral_norm_layer_4,condition_number_layer_4,end_to_end_bound
0,1.8972585201263428,1.997068166732788,7.288285732269287,1.0557016134262085,77.88269805908203,182.56019592285156,1.1332727670669556,1017.4890747070312,76.52275848388672,182.20753479003906,1.145119547843933,13250.4638671875,75.45166778564453,181.29122924804688,1.1525251865386963,760.8400268554688,1.722412347793579,2.6400411128997803,0.8748616576194763,1.6736418008804321,1525880.2870455624
500,1.8281595706939697,1.99117112159729,8.095365524291992,1.098861575126648,78.2911148071289,181.92564392089844,1.1445481777191162,2025.212158203125,77.67076110839844,180.58763122558594,1.1219449043273926,1598.4376220703125,53.749855041503906,161.44647216796875,1.1303763389587402,2463.467041015625,1.9955267906188965,2.690521717071533,0.6781986951828003,1.8884762525558472,1275093.5896902012
1000,1.828312873840332,1.991188406944275,8.161914825439453,1.0987598896026611,78.01434326171875,181.75100708007812,1.14860999584198,667.0902709960938,76.01480102539062,179.60665893554688,1.1456366777420044,561.6947021484375,53.048492431640625,158.040283203125,1.2122399806976318,1888.15234375,1.8160382509231567,2.609952926635742,0.8365461230278015,2.0490498542785645,1742649.4587552694
1500,1.827658772468567,1.9911147356033325,8.163185119628906,1.099194049835205,77.77112579345703,181.68577575683594,1.1528496742248535,1507.0203857421875,74.6123046875,179.07371520996094,1.1750022172927856,1282.59326171875,53.23674011230469,156.65481567382812,1.3422772884368896,1245.99560546875,1.6454638242721558,2.4928829669952393,1.0219781398773193,2.225950002670288,2427028.3173900386
1999,1.827515721321106,1.9910987615585327,8.162975311279297,1.0992889404296875,77.81674194335938,181.666015625,1.1539855003356934,2715.531005859375,74.42816925048828,178.9485626220703,1.183011770248413,1112.6434326171875,53.10469055175781,156.5301055908203,1.3795338869094849,743.500244140625,1.5991432666778564,2.4491565227508545,1.079391598701477,2.290299892425537,2655029.1259711776
