epochs,full_psnr,ssim,lpips,train_psnr,test_psnr
0,6.136384963989258,0.01384968776255846,,6.233513355255127,0.0
500,20.384624481201172,0.4623514711856842,,25.65018653869629,0.0
1000,22.050968170166016,0.545681893825531,,29.903141021728516,0.0
1500,21.679508209228516,0.5022434592247009,,36.06300735473633,0.0
1999,21.510181427001953,0.48155832290649414,,37.01213455200195,0.0
