Epoch,stable_rank_layer_0,effective_rank_layer_0,spectral_norm_layer_0,condition_number_layer_0,stable_rank_layer_1,effective_rank_layer_1,spectral_norm_layer_1,condition_number_layer_1,stable_rank_layer_2,effective_rank_layer_2,spectral_norm_layer_2,condition_number_layer_2,stable_rank_layer_3,effective_rank_layer_3,spectral_norm_layer_3,condition_number_layer_3,stable_rank_layer_4,effective_rank_layer_4,spectral_norm_layer_4,condition_number_layer_4,end_to_end_bound
0,1.857252597808838,1.9940954446792603,5.174139499664307,1.0800542831420898,76.36368560791016,182.29156494140625,0.07031182944774628,251.2284393310547,77.48458862304688,182.54930114746094,0.06977001577615738,422.1990661621094,77.71783447265625,181.6604766845703,0.0691918283700943,901.8312377929688,1.0032005310058594,1.0240147113800049,0.9032908082008362,25.521875381469727,4061.2312171987655
500,1.8720676898956299,1.995331883430481,6.4065093994140625,1.070840835571289,100.218505859375,203.3843231201172,0.3992445766925812,17000.95703125,69.5190200805664,179.61778259277344,0.6947576999664307,514.9990234375,95.01231384277344,204.0534210205078,0.8898594379425049,388862.53125,1.0202025175094604,1.1026637554168701,0.33835598826408386,119.15148162841797,1369711.5098425674
1000,1.8710874319076538,1.9952549934387207,6.410453796386719,1.0714430809020996,90.2859878540039,198.38087463378906,0.4104292690753937,9820.4853515625,66.41323852539062,171.35464477539062,0.7543193697929382,1320.0262451171875,94.55601501464844,203.9459228515625,0.8933839797973633,60016.921875,1.142330527305603,1.4591307640075684,0.4562316834926605,58.17240905761719,2070837.0485646208
1500,1.870455026626587,1.9952051639556885,6.413691997528076,1.0718321800231934,87.09281921386719,195.5313262939453,0.4133756160736084,726.6688232421875,63.610992431640625,165.80923461914062,0.7612999677658081,2311.719970703125,94.65188598632812,203.94786071777344,0.8931301832199097,30945.158203125,1.1517324447631836,1.4926364421844482,0.47078120708465576,20.237117767333984,2172614.2146808445
1999,1.8702809810638428,1.9951913356781006,6.414632797241211,1.071939468383789,86.16763305664062,195.1710205078125,0.4146605432033539,1052.6591796875,64.89762878417969,165.94764709472656,0.7545799612998962,805.052978515625,94.68960571289062,203.97315979003906,0.893001914024353,59291.50390625,1.143302083015442,1.469809651374817,0.5148941278457642,24.96324348449707,2362544.919149544
