epochs,full_psnr,ssim,lpips,train_psnr,test_psnr
0,3.6051204204559326,0.2255958914756775,,3.645115852355957,0.0
500,19.061677932739258,0.29226067662239075,,21.054418563842773,0.0
1000,21.420719146728516,0.3837749660015106,,25.45254135131836,0.0
1500,22.127769470214844,0.43178799748420715,,27.942869186401367,0.0
1999,22.092700958251953,0.37567901611328125,,35.34492492675781,0.0
