Epoch,stable_rank_layer_0,effective_rank_layer_0,spectral_norm_layer_0,condition_number_layer_0,stable_rank_layer_1,effective_rank_layer_1,spectral_norm_layer_1,condition_number_layer_1,stable_rank_layer_2,effective_rank_layer_2,spectral_norm_layer_2,condition_number_layer_2,stable_rank_layer_3,effective_rank_layer_3,spectral_norm_layer_3,condition_number_layer_3,stable_rank_layer_4,effective_rank_layer_4,spectral_norm_layer_4,condition_number_layer_4,end_to_end_bound
0,1.8899614810943604,1.9966111183166504,7.3163161277771,1.0600208044052124,77.88282775878906,182.55209350585938,1.133265733718872,982.9801635742188,76.53303527832031,182.2058868408203,1.145080327987671,3564.403564453125,75.4955062866211,181.2827606201172,1.151696801185608,600.5464477539062,1.8419264554977417,2.731421947479248,0.9162188768386841,1.6069846153259277,10.018381587432133
500,1.8440196514129639,1.9928492307662964,20.579143524169922,1.088488221168518,67.11869049072266,171.43629455566406,1.6091607809066772,742.6712646484375,66.3695068359375,170.17672729492188,1.5988870859146118,483.80706787109375,60.96330261230469,170.641357421875,1.5071083307266235,2406.4365234375,1.0798166990280151,1.3465667963027954,10.054190635681152,8.540671348571777,802.2987509405766
1000,1.855793833732605,1.9939647912979126,22.10917091369629,1.0809744596481323,62.21599578857422,160.78570556640625,2.178183078765869,4791.8505859375,63.8404655456543,159.5851287841797,2.1070470809936523,524.9563598632812,51.068870544433594,152.1966094970703,1.9508546590805054,8409.048828125,1.0600159168243408,1.281312108039856,12.67383098602295,8.567471504211426,2508.845417567051
1500,1.858463168144226,1.994202733039856,22.57632827758789,1.0792925357818604,62.53461837768555,158.4556884765625,2.4272518157958984,1307.4818115234375,63.37449645996094,157.39321899414062,2.362093210220337,945.103271484375,47.45277404785156,143.79443359375,2.2016072273254395,2621.65380859375,1.0519671440124512,1.2518516778945923,14.120340347290039,8.741096496582031,4023.927843050194
1999,1.8593331575393677,1.9942792654037476,22.654739379882812,1.07874596118927,62.61734390258789,158.21974182128906,2.4711854457855225,725.6357421875,63.09980010986328,157.0623779296875,2.4130702018737793,4324.521484375,46.89069747924805,142.26075744628906,2.252218246459961,1641.257080078125,1.0505573749542236,1.2464667558670044,14.4263334274292,8.795605659484863,4389.3559694037
