epochs,full_psnr,ssim,lpips,train_psnr,test_psnr
0,13.180333137512207,0.25413814187049866,,13.35708999633789,0.0
500,19.976900100708008,0.36891356110572815,,20.901336669921875,0.0
1000,21.350360870361328,0.4015548527240753,,22.687923431396484,0.0
1500,21.916988372802734,0.41517651081085205,,23.480520248413086,0.0
1999,22.013965606689453,0.41762104630470276,,23.624975204467773,0.0
