epochs,full_psnr,ssim,lpips,train_psnr,test_psnr
0,9.26761245727539,0.3039255142211914,,9.363924026489258,0.0
500,18.559478759765625,0.3084261119365692,,19.88163185119629,0.0
1000,20.754840850830078,0.397079735994339,,22.9100341796875,0.0
1500,22.025611877441406,0.45687052607536316,,25.520231246948242,0.0
1999,22.188188552856445,0.4011312425136566,,32.632286071777344,0.0
