Epoch,stable_rank_layer_0,effective_rank_layer_0,spectral_norm_layer_0,condition_number_layer_0,stable_rank_layer_1,effective_rank_layer_1,spectral_norm_layer_1,condition_number_layer_1,stable_rank_layer_2,effective_rank_layer_2,spectral_norm_layer_2,condition_number_layer_2,stable_rank_layer_3,effective_rank_layer_3,spectral_norm_layer_3,condition_number_layer_3,stable_rank_layer_4,effective_rank_layer_4,spectral_norm_layer_4,condition_number_layer_4,end_to_end_bound
0,1.8468440771102905,1.9931268692016602,5.186951160430908,1.0866714715957642,76.4298095703125,182.166015625,0.07017964869737625,545.7583618164062,77.0847396850586,182.44053649902344,0.0698438361287117,283.9399108886719,77.59131622314453,181.72171020507812,0.06923934817314148,1186.0318603515625,1.0061826705932617,1.0418294668197632,0.9019312262535095,24.631633758544922,inf
500,1.8938353061676025,1.9968584775924683,6.329657077789307,1.0577212572097778,48.04024887084961,154.6013946533203,0.3670290410518646,1425.4307861328125,31.010583877563477,149.88218688964844,0.8226202130317688,5476.64794921875,29.525096893310547,116.3775634765625,0.9876963496208191,51091.60546875,1.0893312692642212,1.3310219049453735,0.3975760042667389,50.58824157714844,inf
1000,1.8645068407058716,1.994721531867981,9.456412315368652,1.0755133628845215,61.09408187866211,168.5577392578125,0.46660932898521423,825.7837524414062,45.303401947021484,167.28126525878906,0.8969966173171997,1019.567138671875,39.77572250366211,145.3321075439453,1.023891806602478,5545.57666015625,1.0094996690750122,1.0551283359527588,0.3143281638622284,123.34439086914062,inf
1500,1.9363386631011963,1.998919129371643,21.186267852783203,1.0334358215332031,75.75367736816406,180.44638061523438,0.6927400231361389,883.0497436523438,59.031951904296875,175.63238525390625,1.0041967630386353,21308.76171875,52.19209289550781,166.10092163085938,1.128138542175293,2971.5390625,1.001724123954773,1.0127708911895752,0.3204548954963684,710.1390380859375,inf
1999,1.8737092018127441,1.9954588413238525,23.34929656982422,1.0698343515396118,74.7342758178711,180.60855102539062,0.7546695470809937,16261.900390625,62.12979507446289,176.5713653564453,1.026137113571167,1981.9630126953125,55.531044006347656,168.31678771972656,1.1469248533248901,7507.70947265625,1.0012924671173096,1.0099304914474487,0.3120194971561432,1416.263671875,inf
