epochs,full_psnr,ssim,lpips,train_psnr,test_psnr
0,7.678800582885742,0.19618256390094757,,7.856433868408203,0.0
500,19.15216064453125,0.42645570635795593,,22.75385093688965,0.0
1000,10.422197341918945,0.33827924728393555,,10.759115219116211,0.0
1500,10.425549507141113,0.3547888696193695,,10.763096809387207,0.0
1999,10.428948402404785,0.37689781188964844,,10.767136573791504,0.0
