Epoch,stable_rank_layer_0,effective_rank_layer_0,spectral_norm_layer_0,condition_number_layer_0,stable_rank_layer_1,effective_rank_layer_1,spectral_norm_layer_1,condition_number_layer_1,stable_rank_layer_2,effective_rank_layer_2,spectral_norm_layer_2,condition_number_layer_2,stable_rank_layer_3,effective_rank_layer_3,spectral_norm_layer_3,condition_number_layer_3,stable_rank_layer_4,effective_rank_layer_4,spectral_norm_layer_4,condition_number_layer_4,end_to_end_bound
0,1.8468440771102905,1.9931268692016602,5.186951160430908,1.0866714715957642,76.2350845336914,182.04261779785156,0.0703301802277565,781.2188720703125,77.10299682617188,182.4622039794922,0.06995725631713867,434.12347412109375,77.81267547607422,181.2764434814453,0.06912688165903091,543.6618041992188,1.0061826705932617,1.0418294668197632,0.9019312262535095,24.631633758544922,inf
500,1.8347607851028442,1.9918944835662842,7.842251777648926,1.0945080518722534,81.60736846923828,185.7938995361328,0.5755906105041504,570.7574462890625,67.073974609375,194.58216857910156,0.7864424586296082,183877.453125,76.37089538574219,191.1709747314453,0.9017460942268372,2172.907958984375,1.0000501871109009,1.000575304031372,0.38189592957496643,277.57391357421875,inf
1000,1.949201226234436,1.9993207454681396,10.386383056640625,1.0264098644256592,77.4560775756836,183.62225341796875,0.6975793838500977,561.6845092773438,67.06947326660156,189.310791015625,0.8841410875320435,12181.69921875,75.78399658203125,188.52581787109375,0.9839413166046143,3022.500244140625,1.000036358833313,1.000428557395935,0.39351874589920044,333.97454833984375,inf
1500,1.9631822109222412,1.9996484518051147,10.898816108703613,1.0189332962036133,76.87162017822266,182.90367126464844,0.7236711382865906,612.263427734375,69.47938537597656,188.4938201904297,0.889887273311615,333.2926940917969,75.78308868408203,187.791015625,1.0036412477493286,24050.974609375,1.000020980834961,1.000260591506958,0.39062225818634033,388.05535888671875,inf
1999,1.9729281663894653,1.9998116493225098,10.9006986618042,1.0138170719146729,77.05597686767578,182.90106201171875,0.7239537239074707,4325.29541015625,69.73251342773438,188.47718811035156,0.8892999291419983,221.50466918945312,75.77163696289062,187.7062225341797,1.0045329332351685,5704.564453125,1.0000121593475342,1.0001556873321533,0.38859227299690247,646.861572265625,inf
