epochs,full_psnr,ssim,lpips,train_psnr,test_psnr
0,7.692242622375488,0.20193566381931305,,7.870312213897705,0.0
500,10.42529582977295,0.3552025854587555,,10.763795852661133,0.0
1000,10.427155494689941,0.36629363894462585,,10.765890121459961,0.0
1500,10.428690910339355,0.37643635272979736,,10.76762580871582,0.0
1999,10.429471969604492,0.3805970251560211,,10.779672622680664,0.0
