Epoch,stable_rank_layer_0,effective_rank_layer_0,spectral_norm_layer_0,condition_number_layer_0,stable_rank_layer_1,effective_rank_layer_1,spectral_norm_layer_1,condition_number_layer_1,stable_rank_layer_2,effective_rank_layer_2,spectral_norm_layer_2,condition_number_layer_2,stable_rank_layer_3,effective_rank_layer_3,spectral_norm_layer_3,condition_number_layer_3,stable_rank_layer_4,effective_rank_layer_4,spectral_norm_layer_4,condition_number_layer_4,end_to_end_bound
0,1.8513197898864746,1.993553638458252,5.207705497741699,1.0838111639022827,76.51284790039062,182.169921875,0.07016163319349289,818.1799926757812,77.14505767822266,182.40939331054688,0.06988856196403503,267.7513122558594,77.66241455078125,181.45762634277344,0.0692032128572464,819.3162841796875,1.0086669921875,1.0563889741897583,0.9006854295730591,18.799667358398438,inf
500,1.8330557346343994,1.991711139678955,7.013485431671143,1.0956276655197144,73.83128356933594,178.46116638183594,0.5750939846038818,344.894775390625,49.66596221923828,176.47506713867188,0.8488197922706604,385.3983459472656,56.623130798339844,156.91168212890625,0.920146107673645,5150.34375,1.012058973312378,1.0674092769622803,0.2572340667247772,96.51020812988281,inf
1000,1.8437036275863647,1.992817759513855,9.543124198913574,1.08869206905365,74.64373779296875,180.0911102294922,0.7767413854598999,2851.521240234375,62.033931732177734,178.572998046875,0.9530633687973022,1698.64599609375,65.8473892211914,170.35867309570312,1.0231915712356567,10275.0947265625,1.0020593404769897,1.0152113437652588,0.19355469942092896,113.98856353759766,inf
1500,1.6953389644622803,1.96779203414917,20.013591766357422,1.1992278099060059,77.00125122070312,180.81983947753906,0.9382442235946655,536.1802368164062,67.68423461914062,179.8039093017578,1.0841925144195557,1021.3493041992188,71.8240737915039,176.3076934814453,1.1494505405426025,11466.3173828125,1.0007308721542358,1.0062085390090942,0.1985616683959961,139.79339599609375,inf
1999,1.6690469980239868,1.9608088731765747,21.23746681213379,1.2225642204284668,76.86823272705078,180.8080291748047,0.9798901081085205,1028.0394287109375,68.91454315185547,180.13121032714844,1.1163420677185059,572.5592651367188,73.03532409667969,176.65069580078125,1.1809337139129639,3042.177001953125,1.0005854368209839,1.0050101280212402,0.19321998953819275,291.561279296875,inf
