epochs,full_psnr,ssim,lpips,train_psnr,test_psnr
0,9.790184020996094,0.1142834946513176,,9.873796463012695,0.0
500,14.71987533569336,0.2648707330226898,,14.975234985351562,0.0
1000,14.730489730834961,0.27747276425361633,,14.986730575561523,0.0
1500,14.731602668762207,0.27872729301452637,,14.987621307373047,0.0
1999,14.733567237854004,0.2814101278781891,,14.990097045898438,0.0
