epochs,full_psnr,ssim,lpips,train_psnr,test_psnr
0,5.828981399536133,0.01630781590938568,,5.859140872955322,0.0
500,26.757633209228516,0.7663938999176025,,30.721406936645508,0.0
1000,14.214974403381348,0.4805487096309662,,14.376921653747559,0.0
1500,26.900711059570312,0.814399003982544,,31.17534637451172,0.0
2000,26.484054565429688,0.8166406750679016,,30.896358489990234,0.0
2500,27.094528198242188,0.8269031047821045,,30.6954288482666,0.0
3000,26.819068908691406,0.8270388245582581,,32.57249069213867,0.0
3500,27.417789459228516,0.8317989706993103,,36.944862365722656,0.0
3999,28.003767013549805,0.8338403701782227,,41.28947448730469,0.0
