epochs,full_psnr,ssim,lpips,train_psnr,test_psnr
0,3.3005175590515137,0.22092147171497345,,3.337719678878784,0.0
500,18.79734230041504,0.2832169830799103,,20.652751922607422,0.0
1000,20.70833396911621,0.33904829621315,,24.12015151977539,0.0
1500,21.329666137695312,0.3659270703792572,,26.50527000427246,0.0
2000,21.452112197875977,0.34457364678382874,,29.948158264160156,0.0
2500,20.935340881347656,0.2916598618030548,,33.433738708496094,0.0
2999,20.809589385986328,0.27635183930397034,,37.54102325439453,0.0
