epochs,full_psnr,ssim,lpips,train_psnr,test_psnr
0,10.975126266479492,0.030431797727942467,,11.201897621154785,0.0
500,22.830293655395508,0.5244703888893127,,29.821500778198242,0.0
1000,23.523296356201172,0.5636447072029114,,34.627174377441406,0.0
1500,23.586912155151367,0.559399425983429,,39.61559295654297,0.0
1999,23.548137664794922,0.551988422870636,,40.3377685546875,0.0
