epochs,full_psnr,ssim,lpips,train_psnr,test_psnr
0,6.22044038772583,0.09836431592702866,,6.26893949508667,0.0
500,12.22185230255127,0.35303065180778503,,12.421745300292969,0.0
1000,12.223067283630371,0.3565789461135864,,12.423559188842773,0.0
1500,12.224483489990234,0.36123666167259216,,12.425442695617676,0.0
2000,12.22549819946289,0.36523929238319397,,12.426149368286133,0.0
2500,12.226673126220703,0.3695942461490631,,12.427490234375,0.0
2999,12.226929664611816,0.37054741382598877,,12.44611930847168,0.0
