epochs,full_psnr,ssim,lpips,train_psnr,test_psnr
0,9.493304252624512,0.18130910396575928,,9.659489631652832,0.0
500,19.153474807739258,0.29293328523635864,,21.493816375732422,0.0
1000,21.28125762939453,0.3713028132915497,,25.322872161865234,0.0
1500,21.785110473632812,0.39720606803894043,,26.927371978759766,0.0
2000,21.96918296813965,0.38794079422950745,,28.894180297851562,0.0
2500,21.712345123291016,0.33358606696128845,,33.64653778076172,0.0
2999,21.382959365844727,0.296953946352005,,38.055702209472656,0.0
