epochs,full_psnr,ssim,lpips,train_psnr,test_psnr
0,10.23475170135498,0.2868178188800812,,10.491304397583008,0.0
500,15.83875560760498,0.34974610805511475,,16.850034713745117,0.0
1000,14.81214714050293,0.3453904092311859,,15.590835571289062,0.0
1500,16.064069747924805,0.3528931438922882,,17.135753631591797,0.0
2000,16.44064712524414,0.3583865463733673,,17.626272201538086,0.0
2500,16.862945556640625,0.36500605940818787,,18.194774627685547,0.0
2999,17.16230010986328,0.3713240921497345,,18.606456756591797,0.0
