Epoch,stable_rank_layer_0,effective_rank_layer_0,spectral_norm_layer_0,condition_number_layer_0,stable_rank_layer_1,effective_rank_layer_1,spectral_norm_layer_1,condition_number_layer_1,stable_rank_layer_2,effective_rank_layer_2,spectral_norm_layer_2,condition_number_layer_2,stable_rank_layer_3,effective_rank_layer_3,spectral_norm_layer_3,condition_number_layer_3,stable_rank_layer_4,effective_rank_layer_4,spectral_norm_layer_4,condition_number_layer_4,end_to_end_bound
0,1.845382571220398,1.9929839372634888,5.213558197021484,1.0876104831695557,76.42413330078125,182.07569885253906,0.07025539875030518,775.7247314453125,77.09031677246094,182.4541015625,0.06996821612119675,427.7629089355469,77.80438995361328,181.23097229003906,0.06911873072385788,1271.52490234375,1.0118978023529053,1.0735777616500854,0.8992670178413391,17.065553665161133,inf
500,1.8895927667617798,1.9965870380401611,7.362613677978516,1.060240387916565,79.23143005371094,187.39035034179688,0.5985993146896362,2617.022705078125,66.55953216552734,195.64064025878906,0.8132421374320984,1065.5589599609375,75.96817779541016,191.4921112060547,0.92159503698349,6129.25,1.000050663948059,1.0005764961242676,0.39951851963996887,329.96923828125,inf
1000,1.7867906093597412,1.9857783317565918,9.552451133728027,1.12738037109375,78.98971557617188,184.84925842285156,0.6956819891929626,1097.3170166015625,72.18171691894531,190.48814392089844,0.8636032342910767,1381.0528564453125,78.15640258789062,188.75250244140625,0.9726386666297913,4226.29736328125,1.0000388622283936,1.000453233718872,0.40433409810066223,366.3636779785156,inf
1500,1.7288882732391357,1.9754598140716553,10.01736068725586,1.171303629875183,79.7005844116211,184.5005340576172,0.7129513621330261,715.2632446289062,72.75527954101562,189.89157104492188,0.8774415850639343,1552.3494873046875,77.58917236328125,188.18667602539062,0.991847813129425,133830.484375,1.0000241994857788,1.000294804573059,0.4031175971031189,412.50927734375,inf
1999,1.726199984550476,1.9748939275741577,9.985623359680176,1.1734697818756104,79.61772155761719,184.45443725585938,0.7142218947410583,1142.8580322265625,72.72003936767578,189.8451385498047,0.8783161044120789,644.9192504882812,77.53766632080078,188.1666717529297,0.9927855134010315,28108.515625,1.000018835067749,1.0002336502075195,0.40110477805137634,470.6992492675781,inf
