epochs,full_psnr,ssim,lpips,train_psnr,test_psnr
0,7.176262855529785,0.12817955017089844,,7.302083969116211,0.0
500,12.849271774291992,0.32508477568626404,,13.33413028717041,0.0
1000,12.850862503051758,0.33019357919692993,,13.335676193237305,0.0
1500,12.853859901428223,0.33813992142677307,,13.3396635055542,0.0
1999,12.854772567749023,0.34085705876350403,,13.356351852416992,0.0
