epochs,full_psnr,ssim,lpips,train_psnr,test_psnr
0,6.770384788513184,0.4162696301937103,,6.794476509094238,0.0
500,26.86000633239746,0.778353214263916,,30.404626846313477,0.0
1000,27.712766647338867,0.8063468933105469,,31.951095581054688,0.0
1500,28.444149017333984,0.8233397603034973,,34.478858947753906,0.0
2000,28.941381454467773,0.8394794464111328,,36.97325134277344,0.0
2500,29.349319458007812,0.8489406108856201,,40.54246520996094,0.0
3000,29.4144229888916,0.8462953567504883,,45.27469253540039,0.0
3500,29.423444747924805,0.837118923664093,,49.1436767578125,0.0
3999,29.412433624267578,0.8336488604545593,,49.883934020996094,0.0
