epochs,full_psnr,ssim,lpips,train_psnr,test_psnr
0,9.593360900878906,0.3590947091579437,,9.871161460876465,0.0
500,14.018813133239746,0.4262007176876068,,14.836348533630371,0.0
1000,15.560604095458984,0.44062891602516174,,16.781017303466797,0.0
1500,16.32229995727539,0.4523182213306427,,17.834781646728516,0.0
2000,16.87385368347168,0.4639730453491211,,18.63292694091797,0.0
2500,17.109073638916016,0.46836957335472107,,18.996143341064453,0.0
2999,17.153175354003906,0.4693441092967987,,19.064939498901367,0.0
