epochs,full_psnr,ssim,lpips,train_psnr,test_psnr
0,10.599578857421875,0.3067880868911743,,10.882514953613281,0.0
500,16.24510383605957,0.3621971607208252,,17.377334594726562,0.0
1000,17.418743133544922,0.37242087721824646,,19.027118682861328,0.0
1500,16.750743865966797,0.36547693610191345,,18.058881759643555,0.0
2000,17.7520809173584,0.37498125433921814,,19.50517463684082,0.0
2500,18.468395233154297,0.38796722888946533,,20.61957550048828,0.0
2999,18.85736083984375,0.3973601162433624,,21.284488677978516,0.0
