epochs,full_psnr,ssim,lpips,train_psnr,test_psnr
0,10.23475170135498,0.2868178188800812,,10.491304397583008,0.0
500,15.842813491821289,0.3497534990310669,,16.85515022277832,0.0
1000,16.210693359375,0.35495448112487793,,17.324024200439453,0.0
1500,15.716865539550781,0.34684422612190247,,16.697418212890625,0.0
2000,16.085851669311523,0.3513919413089752,,17.165626525878906,0.0
2500,16.489788055419922,0.35752788186073303,,17.690826416015625,0.0
3000,16.841753005981445,0.36394891142845154,,18.16705894470215,0.0
3500,17.124937057495117,0.37051668763160706,,18.55475616455078,0.0
3999,17.32160186767578,0.3756619989871979,,18.832733154296875,0.0
