epochs,full_psnr,ssim,lpips,train_psnr,test_psnr
0,9.484604835510254,0.024740001186728477,,9.531314849853516,0.0
500,25.402294158935547,0.7685642242431641,,28.035037994384766,0.0
1000,27.51408576965332,0.8051896095275879,,28.664981842041016,0.0
1500,29.061975479125977,0.8252954483032227,,34.93696212768555,0.0
2000,29.00482940673828,0.8312271237373352,,39.098941802978516,0.0
2500,29.140960693359375,0.8281397819519043,,42.6646728515625,0.0
3000,29.007131576538086,0.8155312538146973,,45.31450271606445,0.0
3500,28.92772674560547,0.804152250289917,,46.27667236328125,0.0
3999,28.899593353271484,0.8009477257728577,,46.44476318359375,0.0
