Epoch,stable_rank_layer_0,effective_rank_layer_0,spectral_norm_layer_0,condition_number_layer_0,stable_rank_layer_1,effective_rank_layer_1,spectral_norm_layer_1,condition_number_layer_1,stable_rank_layer_2,effective_rank_layer_2,spectral_norm_layer_2,condition_number_layer_2,stable_rank_layer_3,effective_rank_layer_3,spectral_norm_layer_3,condition_number_layer_3,stable_rank_layer_4,effective_rank_layer_4,spectral_norm_layer_4,condition_number_layer_4,end_to_end_bound
0,1.8688801527023315,1.9950796365737915,7.337924957275391,1.072803258895874,77.8875503540039,182.5536651611328,1.1332165002822876,1042.0263671875,76.52108764648438,182.2104949951172,1.1451667547225952,7330.0751953125,75.47372436523438,181.2841339111328,1.1518582105636597,613.9947509765625,1.8438125848770142,2.732680082321167,0.9155458807945251,1.6056042909622192,10.042319220894976
500,1.5993025302886963,1.937549114227295,15.42802619934082,1.2917455434799194,59.763362884521484,167.78533935546875,1.4855421781539917,1107.9327392578125,56.61301803588867,167.05917358398438,1.5195893049240112,879.2906494140625,54.993778228759766,170.9052734375,1.4587448835372925,2051.909912109375,1.1909739971160889,1.6524244546890259,6.358988285064697,6.343837738037109,323.0642883941617
1000,1.6048314571380615,1.9396679401397705,16.958675384521484,1.285827875137329,44.06987380981445,147.66673278808594,1.999129295349121,1475.975341796875,42.85973358154297,147.3322296142578,2.026970386505127,5128.17529296875,37.8112678527832,152.5374298095703,1.9170923233032227,3106.5224609375,1.1579070091247559,1.5660436153411865,7.352858066558838,7.2434587478637695,968.6779751908786
1500,1.6091974973678589,1.9413057565689087,17.520618438720703,1.2812118530273438,41.14741897583008,140.1868133544922,2.2050137519836426,1788.37646484375,39.70268630981445,139.23709106445312,2.2760987281799316,2020.97314453125,34.210025787353516,141.8042755126953,2.1264443397521973,1411.5562744140625,1.1427515745162964,1.5236796140670776,8.071015357971191,7.812931537628174,1509.1556130584654
1999,1.6106250286102295,1.9418344497680664,17.62582778930664,1.2797133922576904,41.07660675048828,139.0957489013672,2.24021315574646,1693.8597412109375,39.49911117553711,138.1487274169922,2.3218421936035156,794.9697265625,33.62836837768555,139.75732421875,2.1736323833465576,3885.717041015625,1.1401515007019043,1.5168665647506714,8.236650466918945,7.866954803466797,1641.3768251205167
