Epoch,stable_rank_layer_0,effective_rank_layer_0,spectral_norm_layer_0,condition_number_layer_0,stable_rank_layer_1,effective_rank_layer_1,spectral_norm_layer_1,condition_number_layer_1,stable_rank_layer_2,effective_rank_layer_2,spectral_norm_layer_2,condition_number_layer_2,stable_rank_layer_3,effective_rank_layer_3,spectral_norm_layer_3,condition_number_layer_3,stable_rank_layer_4,effective_rank_layer_4,spectral_norm_layer_4,condition_number_layer_4,end_to_end_bound
0,1.845382571220398,1.9929839372634888,5.213558197021484,1.0876104831695557,76.42413330078125,182.07569885253906,0.07025539875030518,775.7247314453125,77.09031677246094,182.4541015625,0.06996821612119675,427.7629089355469,77.80438995361328,181.23097229003906,0.06911873072385788,1271.52490234375,1.0118978023529053,1.0735777616500854,0.8992670178413391,17.065553665161133,inf
500,1.7906110286712646,1.9863412380218506,7.795281887054443,1.1246531009674072,79.70733642578125,187.02142333984375,0.62312251329422,1583.2386474609375,69.88843536376953,194.5234375,0.8173850178718567,1167.94677734375,80.43721008300781,191.75343322753906,0.9221236705780029,22355.3125,1.0000495910644531,1.0005625486373901,0.4036015570163727,366.6388244628906,inf
1000,1.7365585565567017,1.9770299196243286,14.7901029586792,1.1651890277862549,78.64376831054688,183.1926727294922,0.8254711031913757,6949.513671875,76.24481201171875,187.077880859375,0.9540292620658875,1214.108154296875,82.42386627197266,187.04318237304688,1.054927110671997,5562.0869140625,1.000050663948059,1.0005757808685303,0.39960941672325134,328.9802551269531,inf
1500,1.7399344444274902,1.9777005910873413,25.319128036499023,1.1625277996063232,80.51161193847656,182.7275848388672,0.9785152673721313,1977.1689453125,78.39354705810547,184.70193481445312,1.0844781398773193,25917.26171875,79.51041412353516,184.63783264160156,1.2110488414764404,13667.927734375,1.0000513792037964,1.00058114528656,0.39662787318229675,343.4040832519531,inf
1999,1.7915446758270264,1.9864766597747803,26.050424575805664,1.1239895820617676,79.5097427368164,182.79904174804688,1.0226922035217285,440.827392578125,76.58651733398438,184.08689880371094,1.1333863735198975,571.135498046875,78.62568664550781,184.4879608154297,1.2500815391540527,13831.49609375,1.0000132322311401,1.0001683235168457,0.3939983546733856,600.3844604492188,inf
