epochs,full_psnr,ssim,lpips,train_psnr,test_psnr
0,7.176262855529785,0.12817955017089844,,7.302083969116211,0.0
500,12.848834991455078,0.3240183889865875,,13.33418083190918,0.0
1000,12.84832763671875,0.32286813855171204,,13.332069396972656,0.0
1500,12.849163055419922,0.3247905969619751,,13.33273696899414,0.0
1999,12.854475021362305,0.3391643464565277,,13.339231491088867,0.0
