Epoch,stable_rank_layer_0,effective_rank_layer_0,spectral_norm_layer_0,condition_number_layer_0,stable_rank_layer_1,effective_rank_layer_1,spectral_norm_layer_1,condition_number_layer_1,stable_rank_layer_2,effective_rank_layer_2,spectral_norm_layer_2,condition_number_layer_2,stable_rank_layer_3,effective_rank_layer_3,spectral_norm_layer_3,condition_number_layer_3,stable_rank_layer_4,effective_rank_layer_4,spectral_norm_layer_4,condition_number_layer_4,end_to_end_bound
0,1.8407071828842163,1.9925158023834229,5.222754955291748,1.0906304121017456,76.5519790649414,182.1155548095703,0.07013900578022003,3200.800537109375,77.33462524414062,182.41661071777344,0.06979699432849884,324.4527893066406,77.61228942871094,181.4728546142578,0.06917056441307068,673.793212890625,1.0091121196746826,1.0572915077209473,0.9006527066230774,24.89533042907715,inf
500,1.9244000911712646,1.9984568357467651,6.752279281616211,1.0400878190994263,72.4758529663086,177.62838745117188,0.5878236293792725,15695.541015625,52.13978958129883,180.2709197998047,0.8428102135658264,566.8491821289062,54.528507232666016,164.33824157714844,0.9704083800315857,4296.05712890625,1.0000715255737305,1.000788927078247,0.31198564171791077,274.50445556640625,inf
1000,1.717843770980835,1.9730819463729858,9.80768871307373,1.1802799701690674,73.6585464477539,180.2987823486328,0.7871136665344238,1214.4354248046875,64.36907196044922,180.7242431640625,0.9480772614479065,6807.05810546875,63.301753997802734,173.4990692138672,1.0714296102523804,4063.42138671875,1.0000712871551514,1.000789761543274,0.3301398754119873,253.13246154785156,inf
1500,1.8105590343475342,1.9890623092651367,19.183931350708008,1.1107277870178223,77.29940795898438,180.8997039794922,0.9408738017082214,1054.9403076171875,71.59260559082031,181.24853515625,1.0632505416870117,505.6487731933594,72.4451675415039,176.8416748046875,1.1611424684524536,5476.1455078125,1.0000731945037842,1.000806450843811,0.3401801884174347,267.48345947265625,inf
1999,1.7610188722610474,1.981611967086792,21.345096588134766,1.146310567855835,78.05327606201172,180.90936279296875,0.9767212271690369,763.5347290039062,70.7110366821289,181.1331024169922,1.1088123321533203,774.3697509765625,73.02824401855469,177.36761474609375,1.1967709064483643,9460.0986328125,1.0000263452529907,1.000313401222229,0.3358533978462219,583.5206909179688,inf
