epochs,full_psnr,ssim,lpips,train_psnr,test_psnr
0,9.386930465698242,0.21495358645915985,,9.424777030944824,0.0
500,14.813920021057129,0.5937716364860535,,14.96242904663086,0.0
1000,14.815169334411621,0.5956206321716309,,14.963035583496094,0.0
1500,14.816679954528809,0.6017726063728333,,14.964115142822266,0.0
1999,14.81977367401123,0.6165366768836975,,14.968122482299805,0.0
