Epoch,stable_rank_layer_0,effective_rank_layer_0,spectral_norm_layer_0,condition_number_layer_0,stable_rank_layer_1,effective_rank_layer_1,spectral_norm_layer_1,condition_number_layer_1,stable_rank_layer_2,effective_rank_layer_2,spectral_norm_layer_2,condition_number_layer_2,stable_rank_layer_3,effective_rank_layer_3,spectral_norm_layer_3,condition_number_layer_3,stable_rank_layer_4,effective_rank_layer_4,spectral_norm_layer_4,condition_number_layer_4,end_to_end_bound
0,1.8571640253067017,1.99408757686615,5.176130771636963,1.0801101922988892,76.54150390625,182.15237426757812,0.07015213370323181,568.3365478515625,77.33612060546875,182.446533203125,0.06980808824300766,275.4407653808594,77.67853546142578,181.46939086914062,0.06921260058879852,4184.72216796875,1.0031960010528564,1.0239851474761963,0.9033966064453125,25.514678955078125,inf
500,1.9164785146713257,1.998100996017456,6.775940895080566,1.044573187828064,74.22669219970703,178.39317321777344,0.5591198801994324,326.4206848144531,52.931373596191406,178.18617248535156,0.8136082291603088,2638.108154296875,55.13336181640625,161.78256225585938,0.9659265279769897,96111.5078125,1.0000975131988525,1.0010310411453247,0.19772523641586304,309.1662292480469,inf
1000,1.944137692451477,1.9991744756698608,7.083376884460449,1.029158592224121,75.87629699707031,179.1184539794922,0.649848461151123,521.178466796875,61.11397171020508,179.37838745117188,0.8453733921051025,1452.49609375,57.02117156982422,167.514892578125,1.027291178703308,4402.46923828125,1.0000884532928467,1.0009275674819946,0.19007983803749084,574.4559936523438,inf
1500,1.9502826929092407,1.9993501901626587,7.187373161315918,1.0258257389068604,74.07521057128906,179.50331115722656,0.6809799075126648,428.3576354980469,62.5216178894043,179.5335235595703,0.8589040040969849,875.2872314453125,57.53596878051758,168.72274780273438,1.0447673797607422,12900.2578125,1.0000592470169067,1.0006437301635742,0.1878742277622223,761.2139892578125,inf
1999,1.9473366737365723,1.999268651008606,7.219188213348389,1.0274195671081543,73.93893432617188,179.55381774902344,0.6823918223381042,1720.889404296875,62.70534896850586,179.46804809570312,0.8588703274726868,2726.6279296875,57.533390045166016,168.76507568359375,1.0457103252410889,737740.625,1.0000429153442383,1.0004775524139404,0.18740513920783997,1389.910888671875,inf
