epochs,full_psnr,ssim,lpips,train_psnr,test_psnr
0,9.329324722290039,0.1825784593820572,,9.489152908325195,0.0
500,14.727315902709961,0.3691747188568115,,15.304996490478516,0.0
1000,14.730266571044922,0.3763808310031891,,15.30864143371582,0.0
1500,14.731226921081543,0.3784562051296234,,15.309643745422363,0.0
1999,14.73115348815918,0.3785078525543213,,15.349624633789062,0.0
