Epoch,stable_rank_layer_0,effective_rank_layer_0,spectral_norm_layer_0,condition_number_layer_0,stable_rank_layer_1,effective_rank_layer_1,spectral_norm_layer_1,condition_number_layer_1,stable_rank_layer_2,effective_rank_layer_2,spectral_norm_layer_2,condition_number_layer_2,stable_rank_layer_3,effective_rank_layer_3,spectral_norm_layer_3,condition_number_layer_3,stable_rank_layer_4,effective_rank_layer_4,spectral_norm_layer_4,condition_number_layer_4,end_to_end_bound
0,1.8629438877105713,1.9945900440216064,5.182951927185059,1.0764868259429932,76.81948852539062,182.2707061767578,0.07008643448352814,299.8497619628906,77.83460998535156,182.60023498535156,0.06964866816997528,1587.83642578125,77.77967834472656,181.425537109375,0.06914513558149338,6165.1982421875,1.0063673257827759,1.0428121089935303,0.9019408226013184,24.897323608398438,4039.276708362701
500,1.9120757579803467,1.997885823249817,6.361469745635986,1.0470912456512451,80.9332275390625,190.7484588623047,0.4314863383769989,3504.950439453125,50.74714279174805,182.5624542236328,0.8345131278038025,549.5930786132812,64.8154525756836,192.2974090576172,1.0475653409957886,16050.7890625,1.3171541690826416,1.7611433267593384,0.462085098028183,17.372217178344727,2838577.3845685543
1000,1.9133507013320923,1.997949481010437,6.358630180358887,1.0463601350784302,81.31802368164062,186.1118621826172,0.4305950105190277,7843.103515625,61.07620620727539,176.5507354736328,0.91935133934021,1002.5584106445312,73.26869201660156,187.7147216796875,1.1423282623291016,34554.42578125,1.6607502698898315,2.476409912109375,0.5143311023712158,2.338587522506714,3786062.229638263
1500,1.9143794775009155,1.998000144958496,6.357571125030518,1.0457714796066284,76.70204162597656,182.71380615234375,0.4526495933532715,4446.53125,67.20376586914062,175.0013885498047,1.0042098760604858,5965.06982421875,73.7174072265625,185.14060974121094,1.2770912647247314,418960.875,1.620486855506897,2.457986831665039,0.5464463829994202,2.3180811405181885,5162823.8255205015
1999,1.9143294095993042,1.9979976415634155,6.358519554138184,1.0458000898361206,76.47077178955078,182.4512481689453,0.45076799392700195,977.978271484375,67.72327423095703,174.65585327148438,1.0054008960723877,1440.98046875,74.94325256347656,184.64108276367188,1.2980871200561523,16832.369140625,1.6098164319992065,2.4554309844970703,0.5719353556632996,2.2962725162506104,5476954.105142814
