epochs,full_psnr,ssim,lpips,train_psnr,test_psnr
0,9.207357406616211,0.3065505921840668,,9.302188873291016,0.0
500,17.616397857666016,0.2727203071117401,,18.620574951171875,0.0
1000,21.103439331054688,0.4374612271785736,,23.21002197265625,0.0
1500,22.61145782470703,0.5196042060852051,,25.91241455078125,0.0
1999,22.504331588745117,0.4181765019893646,,33.402896881103516,0.0
