epochs,full_psnr,ssim,lpips,train_psnr,test_psnr
0,6.873763084411621,0.29124900698661804,,6.989993095397949,0.0
500,21.15868377685547,0.6189759373664856,,26.32646942138672,0.0
1000,21.17954444885254,0.6265104413032532,,26.586057662963867,0.0
1500,20.301115036010742,0.581644594669342,,24.110517501831055,0.0
2000,20.30035972595215,0.5813753008842468,,24.957225799560547,0.0
2500,19.144956588745117,0.5229659676551819,,22.11960792541504,0.0
3000,20.301349639892578,0.588121235370636,,24.66666030883789,0.0
3500,22.090187072753906,0.6822121739387512,,32.07756423950195,0.0
3999,22.409679412841797,0.6809701919555664,,39.437442779541016,0.0
