Epoch,stable_rank_layer_0,effective_rank_layer_0,spectral_norm_layer_0,condition_number_layer_0,stable_rank_layer_1,effective_rank_layer_1,spectral_norm_layer_1,condition_number_layer_1,stable_rank_layer_2,effective_rank_layer_2,spectral_norm_layer_2,condition_number_layer_2,stable_rank_layer_3,effective_rank_layer_3,spectral_norm_layer_3,condition_number_layer_3,stable_rank_layer_4,effective_rank_layer_4,spectral_norm_layer_4,condition_number_layer_4,end_to_end_bound
0,1.8468440771102905,1.9931268692016602,5.186951160430908,1.0866714715957642,76.41449737548828,182.1047821044922,0.07031179964542389,1623.58642578125,77.26424407958984,182.45635986328125,0.06990169733762741,328.19500732421875,77.43099212646484,181.48202514648438,0.06927605718374252,1395.5316162109375,1.0061826705932617,1.0418294668197632,0.9019312262535095,24.631633758544922,inf
500,1.7430565357208252,1.9783093929290771,8.458320617675781,1.1600830554962158,91.77821350097656,195.92593383789062,0.6205102205276489,843.370849609375,94.51905059814453,212.09671020507812,0.7387558221817017,3512.951416015625,107.28527069091797,210.13340759277344,0.9354453086853027,2437.5859375,1.0002533197402954,1.0023739337921143,0.4844805598258972,501.915283203125,inf
1000,1.8182286024093628,1.9900139570236206,10.58315658569336,1.1055099964141846,83.98596954345703,189.8740234375,0.7592366337776184,20771.64453125,90.0889663696289,200.10340881347656,0.8458067178726196,458.8453063964844,96.6196060180664,202.22482299804688,1.059604525566101,84471.40625,1.0002042055130005,1.0019569396972656,0.48176446557044983,564.50537109375,inf
1500,1.8522412776947021,1.993639588356018,11.58851146697998,1.083225131034851,81.38976287841797,188.53697204589844,0.7953945398330688,336.7173156738281,89.01952362060547,198.05308532714844,0.8724667429924011,510.70098876953125,97.037841796875,200.71568298339844,1.074474811553955,5258.90966796875,1.0001825094223022,1.0017677545547485,0.47833213210105896,656.2239379882812,inf
1999,1.8430917263031006,1.9927568435668945,11.655082702636719,1.0890870094299316,81.13689422607422,188.48016357421875,0.797581672668457,367.0650329589844,88.97699737548828,197.92922973632812,0.8734888434410095,5326.59912109375,97.24092864990234,200.66085815429688,1.0741243362426758,18288.2890625,1.000178575515747,1.0017317533493042,0.4755156636238098,717.162841796875,inf
