epochs,full_psnr,ssim,lpips,train_psnr,test_psnr
0,7.687511920928955,0.19929051399230957,,7.8656511306762695,0.0
500,10.425639152526855,0.35472774505615234,,10.76405143737793,0.0
1000,10.426965713500977,0.36379027366638184,,10.765907287597656,0.0
1500,10.428813934326172,0.37533512711524963,,10.767022132873535,0.0
1999,10.429516792297363,0.3806408941745758,,10.776643753051758,0.0
