Epoch,stable_rank_layer_0,effective_rank_layer_0,spectral_norm_layer_0,condition_number_layer_0,stable_rank_layer_1,effective_rank_layer_1,spectral_norm_layer_1,condition_number_layer_1,stable_rank_layer_2,effective_rank_layer_2,spectral_norm_layer_2,condition_number_layer_2,stable_rank_layer_3,effective_rank_layer_3,spectral_norm_layer_3,condition_number_layer_3,stable_rank_layer_4,effective_rank_layer_4,spectral_norm_layer_4,condition_number_layer_4,end_to_end_bound
0,1.8823206424713135,1.9960929155349731,7.337747573852539,1.0646008253097534,77.88626098632812,182.55279541015625,1.1332300901412964,1059.0643310546875,76.5203857421875,182.20962524414062,1.1451748609542847,6273.09814453125,75.47361755371094,181.2832794189453,1.1518625020980835,616.1360473632812,1.8435791730880737,2.732426404953003,0.916138231754303,1.6066216230392456,10.048802682716746
500,1.8312060832977295,1.9915095567703247,16.933568954467773,1.0968459844589233,58.755489349365234,166.8313446044922,1.523718237876892,1682.7059326171875,57.43660354614258,166.2949981689453,1.5366958379745483,765.4103393554688,56.90716552734375,173.19911193847656,1.4174797534942627,1483.2913818359375,1.373128890991211,2.0115268230438232,7.748754024505615,4.255466938018799,435.50166595812755
1000,1.8778915405273438,1.995773196220398,18.579696655273438,1.0672829151153564,42.258262634277344,143.4385986328125,2.1076061725616455,2335.995849609375,40.16975784301758,141.6770782470703,2.1624393463134766,2725.386474609375,37.995628356933594,154.0987091064453,1.9000271558761597,18983.48828125,1.3843011856079102,2.052377939224243,9.730171203613281,3.8669283390045166,1565.4972380533607
1500,1.8870340585708618,1.99641752243042,19.201261520385742,1.0617685317993164,37.35302734375,134.3970947265625,2.4150280952453613,1846.7401123046875,36.10493850708008,132.22024536132812,2.47042179107666,2649.06201171875,32.11008071899414,143.05780029296875,2.190692186355591,1039.887939453125,1.4044158458709717,2.114978551864624,11.243428230285645,3.4158358573913574,2821.650185066171
1999,1.8879988193511963,1.9964817762374878,19.323657989501953,1.0611915588378906,37.0700798034668,133.2490692138672,2.466127634048462,3104.497802734375,35.923885345458984,131.09136962890625,2.5210988521575928,7156.1337890625,31.615909576416016,141.2244873046875,2.2395517826080322,961.9764404296875,1.3965840339660645,2.106602907180786,11.590168952941895,3.4114692211151123,3118.4992365628027
