epochs,full_psnr,ssim,lpips,train_psnr,test_psnr
0,9.790184020996094,0.1142834946513176,,9.873796463012695,0.0
500,14.718461990356445,0.2633684575557709,,14.973668098449707,0.0
1000,14.731001853942871,0.27789345383644104,,14.988245010375977,0.0
1500,14.73183822631836,0.2790200412273407,,14.987626075744629,0.0
2000,14.732084274291992,0.2795374095439911,,14.989081382751465,0.0
2500,14.732590675354004,0.2803031802177429,,14.989416122436523,0.0
3000,14.733358383178711,0.2810235917568207,,14.989656448364258,0.0
3500,14.733819007873535,0.281708300113678,,14.9901762008667,0.0
3999,14.733933448791504,0.28184840083122253,,15.00927734375,0.0
