epochs,full_psnr,ssim,lpips,train_psnr,test_psnr
0,5.825725078582764,0.016336532309651375,,5.855271339416504,0.0
500,26.364316940307617,0.767153263092041,,31.71623992919922,0.0
1000,26.392242431640625,0.7875091433525085,,32.53128433227539,0.0
1500,27.976470947265625,0.7962996363639832,,36.04362106323242,0.0
2000,27.77704620361328,0.777635395526886,,42.736507415771484,0.0
2500,27.682537078857422,0.7570587992668152,,45.17913055419922,0.0
2999,27.63738250732422,0.7509462833404541,,45.557334899902344,0.0
