epochs,full_psnr,ssim,lpips,train_psnr,test_psnr
0,4.164334297180176,0.30080604553222656,,4.240696907043457,0.0
500,18.927600860595703,0.3922935724258423,,22.306659698486328,0.0
1000,19.61000633239746,0.4444635212421417,,24.013051986694336,0.0
1500,20.05183219909668,0.4767262935638428,,25.438241958618164,0.0
2000,20.48404312133789,0.49596133828163147,,27.686504364013672,0.0
2500,20.654848098754883,0.4868430197238922,,30.75665283203125,0.0
3000,20.499858856201172,0.4466061294078827,,34.4234504699707,0.0
3500,20.39963722229004,0.42944595217704773,,37.12969970703125,0.0
3999,20.344280242919922,0.4153880178928375,,40.99200439453125,0.0
