epochs,full_psnr,ssim,lpips,train_psnr,test_psnr
0,7.013458728790283,0.2838958501815796,,7.12825345993042,0.0
500,21.339370727539062,0.5297105312347412,,27.37777328491211,0.0
1000,21.644634246826172,0.5538330078125,,29.632062911987305,0.0
1500,22.07918930053711,0.5743409395217896,,32.35684585571289,0.0
2000,22.22256088256836,0.576498806476593,,36.38600540161133,0.0
2500,22.18694305419922,0.5590429306030273,,40.8250846862793,0.0
2999,22.143627166748047,0.5502898097038269,,41.9383430480957,0.0
