Epoch,stable_rank_layer_0,effective_rank_layer_0,spectral_norm_layer_0,condition_number_layer_0,stable_rank_layer_1,effective_rank_layer_1,spectral_norm_layer_1,condition_number_layer_1,stable_rank_layer_2,effective_rank_layer_2,spectral_norm_layer_2,condition_number_layer_2,stable_rank_layer_3,effective_rank_layer_3,spectral_norm_layer_3,condition_number_layer_3,stable_rank_layer_4,effective_rank_layer_4,spectral_norm_layer_4,condition_number_layer_4,end_to_end_bound
0,1.8629438877105713,1.9945900440216064,5.182951927185059,1.0764868259429932,76.76116943359375,182.2891387939453,0.07008381932973862,427.6697082519531,77.75752258300781,182.60076904296875,0.06961425393819809,528.9385986328125,77.79644012451172,181.5819091796875,0.0691378116607666,4174.029296875,1.0063673257827759,1.0428121089935303,0.9019408226013184,24.897323608398438,4036.702592969321
500,1.917980670928955,1.9981716871261597,6.057292461395264,1.0437180995941162,55.314212799072266,158.81832885742188,0.3684106171131134,2626.286865234375,25.793399810791016,157.5186767578125,0.6191269159317017,2274.59033203125,52.08229064941406,157.70724487304688,1.0097700357437134,33572.21875,1.5395692586898804,2.3689615726470947,0.3797885477542877,2.476748466491699,1356421.530380994
1000,1.9179493188858032,1.998170018196106,6.058136940002441,1.0437359809875488,57.783653259277344,159.99755859375,0.3573877513408661,2157.4609375,27.482072830200195,158.21371459960938,0.5970028042793274,2997.02880859375,55.45405578613281,162.09304809570312,1.0388693809509277,40337.73046875,1.5829033851623535,2.415576457977295,0.38089242577552795,2.404481887817383,1309357.8893679413
1500,1.9180097579956055,1.9981729984283447,6.058120250701904,1.0437016487121582,58.34870910644531,160.45750427246094,0.3544445335865021,1525.6043701171875,27.406686782836914,158.22547912597656,0.5991367697715759,2601.18017578125,56.850502014160156,162.41343688964844,1.0239626169204712,31347.3828125,1.5856715440750122,2.4221696853637695,0.3873007595539093,2.380223035812378,1306124.4571117787
1999,1.9180155992507935,1.9981733560562134,6.058081150054932,1.0436983108520508,58.57883834838867,160.556396484375,0.3534605801105499,789.0953979492188,27.406333923339844,158.21884155273438,0.5992746949195862,3793.983642578125,57.115211486816406,162.5177764892578,1.0256876945495605,20826.271484375,1.5897973775863647,2.4284000396728516,0.38835036754608154,2.3630781173706055,1308521.440200244
