epochs,full_psnr,ssim,lpips,train_psnr,test_psnr
0,9.207762718200684,0.3048032820224762,,9.302130699157715,0.0
500,23.003293991088867,0.5382370352745056,,27.212064743041992,0.0
1000,24.063343048095703,0.58963543176651,,30.58250617980957,0.0
1500,24.32364273071289,0.5773561000823975,,35.945743560791016,0.0
1999,24.120994567871094,0.5431955456733704,,42.42797088623047,0.0
