epochs,full_psnr,ssim,lpips,train_psnr,test_psnr
0,9.467060089111328,0.22631137073040009,,9.505833625793457,0.0
500,14.815557479858398,0.5974870920181274,,14.96436595916748,0.0
1000,14.816170692443848,0.6002311110496521,,14.963446617126465,0.0
1500,14.81659984588623,0.6027231812477112,,14.965047836303711,0.0
2000,14.817643165588379,0.6068329811096191,,14.965251922607422,0.0
2500,14.818402290344238,0.6102368831634521,,14.96590518951416,0.0
3000,14.819344520568848,0.6143898367881775,,14.968157768249512,0.0
3500,14.820103645324707,0.6178213357925415,,14.96820068359375,0.0
3999,14.820301055908203,0.6188163757324219,,14.978714942932129,0.0
