epochs,full_psnr,ssim,lpips,train_psnr,test_psnr
0,11.210461616516113,0.028572766110301018,,11.321674346923828,0.0
500,23.265113830566406,0.5052686333656311,,26.129592895507812,0.0
1000,23.64802360534668,0.5267061591148376,,26.559036254882812,0.0
1500,23.940744400024414,0.535264253616333,,27.23672866821289,0.0
2000,23.95189094543457,0.5493510961532593,,26.995738983154297,0.0
2500,23.16527557373047,0.5089713931083679,,25.81741714477539,0.0
3000,25.401716232299805,0.622442901134491,,29.411930084228516,0.0
3500,26.05063247680664,0.654272735118866,,32.82707977294922,0.0
3999,25.787288665771484,0.6367651224136353,,35.92656326293945,0.0
