Epoch,stable_rank_layer_0,effective_rank_layer_0,spectral_norm_layer_0,condition_number_layer_0,stable_rank_layer_1,effective_rank_layer_1,spectral_norm_layer_1,condition_number_layer_1,stable_rank_layer_2,effective_rank_layer_2,spectral_norm_layer_2,condition_number_layer_2,stable_rank_layer_3,effective_rank_layer_3,spectral_norm_layer_3,condition_number_layer_3,stable_rank_layer_4,effective_rank_layer_4,spectral_norm_layer_4,condition_number_layer_4,end_to_end_bound
0,1.89066481590271,1.9966566562652588,7.295135974884033,1.05960214138031,77.90028381347656,182.5557403564453,1.1331443786621094,986.1309204101562,76.52499389648438,182.21092224121094,1.145107626914978,8371.1787109375,75.46045684814453,181.28939819335938,1.152467966079712,688.046875,1.7423408031463623,2.6547062397003174,0.7575603723526001,1.7055134773254395,1322303.1764571702
500,1.8876512050628662,1.9964587688446045,7.950948715209961,1.0613993406295776,77.8368911743164,182.438720703125,1.1526912450790405,191.04165649414062,74.49750518798828,180.8267364501953,1.1466305255889893,1238.7005615234375,63.80855178833008,173.95974731445312,1.2212603092193604,1050.396240234375,1.4017456769943237,2.0284340381622314,0.7499165534973145,4.456091403961182,1539914.512561715
1000,1.8836259841918945,1.996184229850769,8.062309265136719,1.0638141632080078,77.30840301513672,182.18539428710938,1.1616758108139038,3574.615966796875,74.21595001220703,180.4192657470703,1.1632814407348633,701.9518432617188,64.54190063476562,172.2992706298828,1.349774956703186,1016.551513671875,1.2765074968338013,1.8228514194488525,1.0697354078292847,5.579415321350098,2517021.4626354263
1500,1.8833837509155273,1.9961673021316528,8.06668472290039,1.0639599561691284,76.92829895019531,182.11492919921875,1.1691211462020874,1250.2362060546875,74.17771911621094,180.26422119140625,1.182326078414917,1105.120361328125,64.35087585449219,170.73536682128906,1.4873796701431274,1977.5413818359375,1.2057867050170898,1.6687192916870117,1.4154267311096191,7.0049920082092285,3755961.0946656354
1999,1.883303165435791,1.9961618185043335,8.066587448120117,1.0640084743499756,76.88265991210938,182.09461975097656,1.1720383167266846,1417.843994140625,74.18009948730469,180.23963928222656,1.1894644498825073,2644.177001953125,64.3496322631836,170.47349548339844,1.5207715034484863,737.4244995117188,1.1965672969818115,1.6466131210327148,1.491012454032898,7.271109104156494,4079888.9532265165
